geometry,repeat,nominal_level,method,covered,mean_halfwidth,max_halfwidth,mean_width_over_sigma,max_width_over_sigma,strict_inside_noise,extra_radius_required,mean_empirical_sampling_variance,mean_noise_only_variance,mean_pre_smoothing_empirical_contraction_variance,mean_pre_smoothing_noise_only_variance
circle,0,0.8,sampling_only,1,0.02651835561862193,0.038594059793182846,0.44197259364369884,0.6432343298863807,1,0.0,4.469471859485691e-05,3.402874677300656e-05,5.06258425327223e-05,3.9771913547231944e-05
circle,0,0.8,sampling_plus_direction_additive,1,0.035776625978467695,0.06303615695216418,0.5962770996411283,1.050602615869403,1,0.0,4.469471859485691e-05,3.402874677300656e-05,5.06258425327223e-05,3.9771913547231944e-05
circle,0,0.8,sampling_plus_direction_rss,1,0.02825633238089042,0.04560804899420352,0.47093887301484033,0.7601341499033921,1,0.0,4.469471859485691e-05,3.402874677300656e-05,5.06258425327223e-05,3.9771913547231944e-05
circle,0,0.9,sampling_only,1,0.02759249498833152,0.04015733165124906,0.45987491647219203,0.669288860854151,1,0.0,4.469471859485691e-05,3.402874677300656e-05,5.06258425327223e-05,3.9771913547231944e-05
circle,0,0.9,sampling_plus_direction_additive,1,0.037225776258806395,0.06558946828380516,0.62042960431344,1.093157804730086,1,0.0,4.469471859485691e-05,3.402874677300656e-05,5.06258425327223e-05,3.9771913547231944e-05
circle,0,0.9,sampling_plus_direction_rss,1,0.02940086937595963,0.04745542602258594,0.4900144895993272,0.7909237670430991,1,0.0,4.469471859485691e-05,3.402874677300656e-05,5.06258425327223e-05,3.9771913547231944e-05
circle,0,0.95,sampling_only,1,0.028629943442643073,0.041667204595630586,0.4771657240440512,0.6944534099271764,1,0.0,4.469471859485691e-05,3.402874677300656e-05,5.06258425327223e-05,3.9771913547231944e-05
circle,0,0.95,sampling_plus_direction_additive,1,0.038625425839483245,0.06805556250685116,0.6437570973247208,1.134259375114186,1,0.0,4.469471859485691e-05,3.402874677300656e-05,5.06258425327223e-05,3.9771913547231944e-05
circle,0,0.95,sampling_plus_direction_rss,1,0.030506310783212,0.04923969955046545,0.5084385130535334,0.8206616591744241,1,0.0,4.469471859485691e-05,3.402874677300656e-05,5.06258425327223e-05,3.9771913547231944e-05
circle,0,0.99,sampling_only,1,0.03091552236717474,0.04499357109225719,0.515258706119579,0.7498928515376199,1,0.0,4.469471859485691e-05,3.402874677300656e-05,5.06258425327223e-05,3.9771913547231944e-05
circle,0,0.99,sampling_plus_direction_additive,1,0.04170896176845377,0.07348855819803814,0.6951493628075628,1.2248093033006358,1,0.0,4.469471859485691e-05,3.402874677300656e-05,5.06258425327223e-05,3.9771913547231944e-05
circle,0,0.99,sampling_plus_direction_rss,1,0.03294168342483135,0.05317059168681491,0.5490280570805225,0.8861765281135818,1,0.0,4.469471859485691e-05,3.402874677300656e-05,5.06258425327223e-05,3.9771913547231944e-05
circle,0,0.8,full_algorithm_bootstrap,1,0.029609109525958716,0.029609109525958716,0.4934851587659786,0.4934851587659786,1,0.0,,,,
circle,0,0.9,full_algorithm_bootstrap,1,0.03213013521384315,0.03213013521384315,0.5355022535640525,0.5355022535640525,1,0.0,,,,
circle,0,0.95,full_algorithm_bootstrap,1,0.034443851869507554,0.034443851869507554,0.574064197825126,0.574064197825126,1,0.0,,,,
circle,0,0.99,full_algorithm_bootstrap,1,0.042004236193007784,0.042004236193007784,0.7000706032167964,0.7000706032167964,1,0.0,,,,
circle,1,0.8,sampling_only,1,0.027034683649427693,0.03714537409984284,0.45057806082379487,0.6190895683307139,1,0.0,4.649360512700025e-05,3.388510594285666e-05,5.3999932802714895e-05,3.9694298931938525e-05
circle,1,0.8,sampling_plus_direction_additive,1,0.036351244055705126,0.07421890061618809,0.6058540675950854,1.2369816769364683,1,0.0,4.649360512700025e-05,3.388510594285666e-05,5.3999932802714895e-05,3.9694298931938525e-05
circle,1,0.8,sampling_plus_direction_rss,1,0.0287526180882052,0.053557644243958744,0.4792103014700867,0.8926274040659791,1,0.0,4.649360512700025e-05,3.388510594285666e-05,5.3999932802714895e-05,3.9694298931938525e-05
circle,1,0.9,sampling_only,1,0.02812973714645156,0.03864996621320954,0.46882895244085937,0.6441661035534924,1,0.0,4.649360512700025e-05,3.388510594285666e-05,5.3999932802714895e-05,3.9694298931938525e-05
circle,1,0.9,sampling_plus_direction_additive,1,0.03782366953108925,0.07722517462031331,0.6303944921848209,1.2870862436718886,1,0.0,4.649360512700025e-05,3.388510594285666e-05,5.3999932802714895e-05,3.9694298931938525e-05
circle,1,0.9,sampling_plus_direction_rss,1,0.029917257386166705,0.05572702363756407,0.49862095643611176,0.9287837272927345,1,0.0,4.649360512700025e-05,3.388510594285666e-05,5.3999932802714895e-05,3.9694298931938525e-05
circle,1,0.95,sampling_only,1,0.02918738533430545,0.04010316382089397,0.4864564222384242,0.6683860636815662,1,0.0,4.649360512700025e-05,3.388510594285666e-05,5.3999932802714895e-05,3.9694298931938525e-05
circle,1,0.95,sampling_plus_direction_additive,1,0.03924579926267074,0.08012875902171174,0.6540966543778457,1.335479317028529,1,0.0,4.649360512700025e-05,3.388510594285666e-05,5.3999932802714895e-05,3.9694298931938525e-05
circle,1,0.95,sampling_plus_direction_rss,1,0.031042114433187815,0.05782230043513612,0.5173685738864636,0.9637050072522687,1,0.0,4.649360512700025e-05,3.388510594285666e-05,5.3999932802714895e-05,3.9694298931938525e-05
circle,1,0.99,sampling_only,1,0.03151746582908252,0.043304670181523175,0.5252910971513753,0.7217445030253863,1,0.0,4.649360512700025e-05,3.388510594285666e-05,5.3999932802714895e-05,3.9694298931938525e-05
circle,1,0.99,sampling_plus_direction_additive,1,0.04237886069713929,0.0865255793031001,0.7063143449523215,1.4420929883850018,1,0.0,4.649360512700025e-05,3.388510594285666e-05,5.3999932802714895e-05,3.9694298931938525e-05
circle,1,0.99,sampling_plus_direction_rss,1,0.03352026122602146,0.06243835675069428,0.558671020433691,1.040639279178238,1,0.0,4.649360512700025e-05,3.388510594285666e-05,5.3999932802714895e-05,3.9694298931938525e-05
circle,1,0.8,full_algorithm_bootstrap,1,0.03190020204898506,0.03190020204898506,0.531670034149751,0.531670034149751,1,0.0,,,,
circle,1,0.9,full_algorithm_bootstrap,1,0.03470091579493596,0.03470091579493596,0.5783485965822661,0.5783485965822661,1,0.0,,,,
circle,1,0.95,full_algorithm_bootstrap,1,0.03682183008593105,0.03682183008593105,0.6136971680988508,0.6136971680988508,1,0.0,,,,
circle,1,0.99,full_algorithm_bootstrap,1,0.04090820634645685,0.04090820634645685,0.6818034391076142,0.6818034391076142,1,0.0,,,,
circle,2,0.8,sampling_only,0,0.02685031650787063,0.03722576874728867,0.44750527513117716,0.6204294791214778,1,0.002474823934007865,4.578535671621932e-05,3.411103684715864e-05,5.318148630579633e-05,3.986275468896935e-05
circle,2,0.8,sampling_plus_direction_additive,1,0.03601266483405235,0.07261127826701694,0.6002110805675391,1.210187971116949,1,0.0,4.578535671621932e-05,3.411103684715864e-05,5.318148630579633e-05,3.986275468896935e-05
circle,2,0.8,sampling_plus_direction_rss,0,0.028512248461806878,0.05226597570052381,0.47520414103011466,0.8710995950087302,1,0.0003338968100473627,4.578535671621932e-05,3.411103684715864e-05,5.318148630579633e-05,3.986275468896935e-05
circle,2,0.9,sampling_only,0,0.02793790212083429,0.03873361728639977,0.46563170201390486,0.6455602881066629,1,0.0015583450699274935,4.578535671621932e-05,3.411103684715864e-05,5.318148630579633e-05,3.986275468896935e-05
circle,2,0.9,sampling_plus_direction_additive,1,0.03747137598729021,0.07555243471703345,0.6245229331215035,1.259207245283891,1,0.0,4.578535671621932e-05,3.411103684715864e-05,5.318148630579633e-05,3.986275468896935e-05
circle,2,0.9,sampling_plus_direction_rss,1,0.02966715146681304,0.05438303540828313,0.494452524446884,0.9063839234713856,1,0.0,4.578535671621932e-05,3.411103684715864e-05,5.318148630579633e-05,3.986275468896935e-05
circle,2,0.95,sampling_only,0,0.028988337515829344,0.04018996008543494,0.4831389585971558,0.6698326680905824,1,0.0006731716857637134,4.578535671621932e-05,3.411103684715864e-05,5.318148630579633e-05,3.986275468896935e-05
circle,2,0.95,sampling_plus_direction_additive,1,0.03888025985645031,0.0783931258777932,0.6480043309408384,1.30655209796322,1,0.0,4.578535671621932e-05,3.411103684715864e-05,5.318148630579633e-05,3.986275468896935e-05
circle,2,0.95,sampling_plus_direction_rss,1,0.030782604797368593,0.05642777967838095,0.5130434132894766,0.9404629946396826,1,0.0,4.578535671621932e-05,3.411103684715864e-05,5.318148630579633e-05,3.986275468896935e-05
circle,2,0.99,sampling_only,1,0.03130252767188484,0.04339839554508106,0.521708794531414,0.7233065924180178,1,0.0,4.578535671621932e-05,3.411103684715864e-05,5.318148630579633e-05,3.986275468896935e-05
circle,2,0.99,sampling_plus_direction_additive,1,0.04198413963484549,0.08465138750144596,0.6997356605807582,1.4108564583574328,1,0.0,4.578535671621932e-05,3.411103684715864e-05,5.318148630579633e-05,3.986275468896935e-05
circle,2,0.99,sampling_plus_direction_rss,1,0.03324003447787088,0.06093250894022533,0.5540005746311815,1.0155418156704221,1,0.0,4.578535671621932e-05,3.411103684715864e-05,5.318148630579633e-05,3.986275468896935e-05
circle,3,0.8,sampling_only,1,0.02643434920780898,0.03623782921708517,0.4405724867968164,0.6039638202847528,1,0.0,4.42784250451158e-05,3.49345969562198e-05,5.144255980169444e-05,4.047147329388753e-05
circle,3,0.8,sampling_plus_direction_additive,1,0.0364757260710835,0.10390026444526645,0.6079287678513917,1.7316710740877743,1,0.0,4.42784250451158e-05,3.49345969562198e-05,5.144255980169444e-05,4.047147329388753e-05
circle,3,0.8,sampling_plus_direction_rss,1,0.028643125111056458,0.07956350988600151,0.47738541851760763,1.3260584981000252,1,0.0,4.42784250451158e-05,3.49345969562198e-05,5.144255980169444e-05,4.047147329388753e-05
circle,3,0.9,sampling_only,1,0.027505085855477285,0.037705660767226604,0.4584180975912881,0.6284276794537768,1,0.0,4.42784250451158e-05,3.49345969562198e-05,5.144255980169444e-05,4.047147329388753e-05
circle,3,0.9,sampling_plus_direction_additive,1,0.037953193753287,0.10810879706202975,0.63255322922145,1.8018132843671626,1,0.0,4.42784250451158e-05,3.49345969562198e-05,5.144255980169444e-05,4.047147329388753e-05
circle,3,0.9,sampling_plus_direction_rss,1,0.02980332934075228,0.08278626998432445,0.4967221556792047,1.3797711664054075,1,0.0,4.42784250451158e-05,3.49345969562198e-05,5.144255980169444e-05,4.047147329388753e-05
circle,3,0.95,sampling_only,1,0.028539247819393144,0.0391233534948432,0.47565413032321907,0.6520558915807201,1,0.0,4.42784250451158e-05,3.49345969562198e-05,5.144255980169444e-05,4.047147329388753e-05
circle,3,0.95,sampling_plus_direction_additive,1,0.039380193457814815,0.11217357280836633,0.6563365576302469,1.8695595468061057,1,0.0,4.42784250451158e-05,3.49345969562198e-05,5.144255980169444e-05,4.047147329388753e-05
circle,3,0.95,sampling_plus_direction_rss,1,0.03092390281448044,0.08589894565463901,0.5153983802413407,1.4316490942439837,1,0.0,4.42784250451158e-05,3.49345969562198e-05,5.144255980169444e-05,4.047147329388753e-05
circle,3,0.99,sampling_only,1,0.030817586352218745,0.042246639867516554,0.5136264392036458,0.7041106644586093,1,0.0,4.42784250451158e-05,3.49345969562198e-05,5.144255980169444e-05,4.047147329388753e-05
circle,3,0.99,sampling_plus_direction_additive,1,0.0425239838181234,0.12112858714200807,0.70873306363539,2.0188097857001344,0,0.0,4.42784250451158e-05,3.49345969562198e-05,5.144255980169444e-05,4.047147329388753e-05
circle,3,0.99,sampling_plus_direction_rss,1,0.03339261256511756,0.09275641012085625,0.5565435427519594,1.5459401686809375,1,0.0,4.42784250451158e-05,3.49345969562198e-05,5.144255980169444e-05,4.047147329388753e-05
circle,4,0.8,sampling_only,1,0.026761846741242004,0.03615734493387005,0.4460307790207001,0.6026224155645009,1,0.0,4.545139660933803e-05,3.4116151758970696e-05,5.3417070232328945e-05,3.9948608367766494e-05
circle,4,0.8,sampling_plus_direction_additive,1,0.035861375416352655,0.0682945385981501,0.5976895902725443,1.1382423099691683,1,0.0,4.545139660933803e-05,3.4116151758970696e-05,5.3417070232328945e-05,3.9948608367766494e-05
circle,4,0.8,sampling_plus_direction_rss,1,0.02835685701195167,0.04840300722877537,0.4726142835325279,0.8067167871462563,1,0.0,4.545139660933803e-05,3.4116151758970696e-05,5.3417070232328945e-05,3.9948608367766494e-05
circle,4,0.9,sampling_only,1,0.02784584884168583,0.03762191642752505,0.46409748069476386,0.6270319404587509,1,0.0,4.545139660933803e-05,3.4116151758970696e-05,5.3417070232328945e-05,3.9948608367766494e-05
circle,4,0.9,sampling_plus_direction_additive,1,0.03731395851541895,0.07106084333059401,0.6218993085903158,1.1843473888432334,1,0.0,4.545139660933803e-05,3.4116151758970696e-05,5.3417070232328945e-05,3.9948608367766494e-05
circle,4,0.9,sampling_plus_direction_rss,1,0.02950546580790482,0.05036359545017533,0.4917577634650804,0.8393932575029223,1,0.0,4.545139660933803e-05,3.4116151758970696e-05,5.3417070232328945e-05,3.9948608367766494e-05
circle,4,0.95,sampling_only,1,0.0288928231313257,0.03903646045706931,0.48154705218876165,0.6506076742844885,1,0.0,4.545139660933803e-05,3.4116151758970696e-05,5.3417070232328945e-05,3.9948608367766494e-05
circle,4,0.95,sampling_plus_direction_additive,1,0.03871692365512224,0.07373265543408722,0.6452820609187041,1.2288775905681204,1,0.0,4.545139660933803e-05,3.4116151758970696e-05,5.3417070232328945e-05,3.9948608367766494e-05
circle,4,0.95,sampling_plus_direction_rss,1,0.03061483992971214,0.05225721305436271,0.510247332161869,0.8709535509060452,1,0.0,4.545139660933803e-05,3.4116151758970696e-05,5.3417070232328945e-05,3.9948608367766494e-05
circle,4,0.99,sampling_only,1,0.031199388205457847,0.04215281000514773,0.5199898034242975,0.7025468334191288,1,0.0,4.545139660933803e-05,3.4116151758970696e-05,5.3417070232328945e-05,3.9948608367766494e-05
circle,4,0.99,sampling_plus_direction_additive,1,0.04180776401623333,0.07961886347524245,0.6967960669372222,1.3269810579207075,1,0.0,4.545139660933803e-05,3.4116151758970696e-05,5.3417070232328945e-05,3.9948608367766494e-05
circle,4,0.99,sampling_plus_direction_rss,1,0.03305887664467957,0.056428998620446466,0.5509812774113262,0.9404833103407745,1,0.0,4.545139660933803e-05,3.4116151758970696e-05,5.3417070232328945e-05,3.9948608367766494e-05
circle,5,0.8,sampling_only,1,0.026379520911634445,0.037595701896163194,0.4396586818605741,0.6265950316027199,1,0.0,4.420066763264667e-05,3.4421471512726346e-05,5.1018464248652716e-05,4.008652522695261e-05
circle,5,0.8,sampling_plus_direction_additive,1,0.03528537894318521,0.058177922421186856,0.5880896490530868,0.9696320403531143,1,0.0,4.420066763264667e-05,3.4421471512726346e-05,5.1018464248652716e-05,4.008652522695261e-05
circle,5,0.8,sampling_plus_direction_rss,1,0.027927445332618723,0.0411380231797514,0.46545742221031206,0.6856337196625233,1,0.0,4.420066763264667e-05,3.4421471512726346e-05,5.1018464248652716e-05,4.008652522695261e-05
circle,5,0.9,sampling_only,1,0.027448036711511803,0.03911853476405702,0.45746727852519675,0.6519755794009504,1,0.0,4.420066763264667e-05,3.4421471512726346e-05,5.1018464248652716e-05,4.008652522695261e-05
circle,5,0.9,sampling_plus_direction_additive,1,0.0367146310145837,0.060534448512745274,0.6119105169097283,1.0089074752124212,1,0.0,4.420066763264667e-05,3.4421471512726346e-05,5.1018464248652716e-05,4.008652522695261e-05
circle,5,0.9,sampling_plus_direction_rss,1,0.029058660591913036,0.042804339557919534,0.4843110098652173,0.713405659298659,1,0.0,4.420066763264667e-05,3.4421471512726346e-05,5.1018464248652716e-05,4.008652522695261e-05
circle,5,0.95,sampling_only,1,0.028480053688312437,0.04058935005071616,0.47466756147187394,0.676489167511936,1,0.0,4.420066763264667e-05,3.4421471512726346e-05,5.1018464248652716e-05,4.008652522695261e-05
circle,5,0.95,sampling_plus_direction_additive,1,0.038095062077914736,0.06281047937072703,0.6349177012985789,1.0468413228454507,1,0.0,4.420066763264667e-05,3.4421471512726346e-05,5.1018464248652716e-05,4.008652522695261e-05
circle,5,0.95,sampling_plus_direction_rss,1,0.03015123531298095,0.044413737183287214,0.5025205885496825,0.7402289530547869,1,0.0,4.420066763264667e-05,3.4421471512726346e-05,5.1018464248652716e-05,4.008652522695261e-05
circle,5,0.99,sampling_only,1,0.030753666649160405,0.043829669516320766,0.5125611108193401,0.7304944919386794,1,0.0,4.420066763264667e-05,3.4421471512726346e-05,5.1018464248652716e-05,4.008652522695261e-05
circle,5,0.99,sampling_plus_direction_additive,1,0.041136258131565386,0.06782475081618301,0.6856043021927565,1.1304125136030503,1,0.0,4.420066763264667e-05,3.4421471512726346e-05,5.1018464248652716e-05,4.008652522695261e-05
circle,5,0.99,sampling_plus_direction_rss,1,0.03255826165300862,0.047959364224750854,0.5426376942168103,0.7993227370791809,1,0.0,4.420066763264667e-05,3.4421471512726346e-05,5.1018464248652716e-05,4.008652522695261e-05
circle,6,0.8,sampling_only,1,0.02652853332419132,0.03818856137153261,0.4421422220698553,0.6364760228588769,1,0.0,4.463469321393605e-05,3.4202132974853936e-05,5.23996787004011e-05,3.992612910621049e-05
circle,6,0.8,sampling_plus_direction_additive,1,0.035788563982744964,0.1449280413432199,0.5964760663790828,2.415467355720332,0,0.0,4.463469321393605e-05,3.4202132974853936e-05,5.23996787004011e-05,3.992612910621049e-05
circle,6,0.8,sampling_plus_direction_rss,1,0.02827889248405204,0.11821257811832667,0.4713148747342007,1.9702096353054446,0,0.0,4.463469321393605e-05,3.4202132974853936e-05,5.23996787004011e-05,3.992612910621049e-05
circle,6,0.9,sampling_only,1,0.027603084946998452,0.039735408311503836,0.46005141578330755,0.6622568051917306,1,0.0,4.463469321393605e-05,3.4202132974853936e-05,5.23996787004011e-05,3.992612910621049e-05
circle,6,0.9,sampling_plus_direction_additive,1,0.03723819781796822,0.1507984247569009,0.6206366302994704,2.5133070792816814,0,0.0,4.463469321393605e-05,3.4202132974853936e-05,5.23996787004011e-05,3.992612910621049e-05
circle,6,0.9,sampling_plus_direction_rss,1,0.02942434328747873,0.12300083821928853,0.49040572145797884,2.0500139703214755,0,0.0,4.463469321393605e-05,3.4202132974853936e-05,5.23996787004011e-05,3.992612910621049e-05
circle,6,0.95,sampling_only,1,0.028640931572488607,0.041229417387219566,0.47734885954147677,0.6871569564536595,1,0.0,4.463469321393605e-05,3.4202132974853936e-05,5.23996787004011e-05,3.992612910621049e-05
circle,6,0.95,sampling_plus_direction_additive,1,0.038638314436053534,0.15646828508460311,0.6439719072675589,2.607804751410052,0,0.0,4.463469321393605e-05,3.4202132974853936e-05,5.23996787004011e-05,3.992612910621049e-05
circle,6,0.95,sampling_plus_direction_rss,1,0.030530667288828965,0.127625538868635,0.5088444548138161,2.1270923144772502,0,0.0,4.463469321393605e-05,3.4202132974853936e-05,5.23996787004011e-05,3.992612910621049e-05
circle,6,0.99,sampling_only,1,0.030927387698822837,0.044520834558187235,0.5154564616470473,0.7420139093031206,1,0.0,4.463469321393605e-05,3.4202132974853936e-05,5.23996787004011e-05,3.992612910621049e-05
circle,6,0.99,sampling_plus_direction_additive,1,0.04172287928444008,0.16895942449126786,0.6953813214073347,2.8159904081877976,0,0.0,4.463469321393605e-05,3.4202132974853936e-05,5.23996787004011e-05,3.992612910621049e-05
circle,6,0.99,sampling_plus_direction_rss,1,0.032967984353287474,0.13781411092971976,0.5494664058881246,2.296901848828663,0,0.0,4.463469321393605e-05,3.4202132974853936e-05,5.23996787004011e-05,3.992612910621049e-05
circle,7,0.8,sampling_only,1,0.026644712227829468,0.03581726644690999,0.44407853713049117,0.5969544407818331,1,0.0,4.5092026696867625e-05,3.448050388890642e-05,5.037792545140507e-05,4.0094732702532604e-05
circle,7,0.8,sampling_plus_direction_additive,1,0.0361902686770338,0.13472959193595668,0.6031711446172301,2.2454931989326115,0,0.0,4.5092026696867625e-05,3.448050388890642e-05,5.037792545140507e-05,4.0094732702532604e-05
circle,7,0.8,sampling_plus_direction_rss,1,0.028602641851835805,0.10903085955198372,0.47671069753059675,1.817180992533062,1,0.0,4.5092026696867625e-05,3.448050388890642e-05,5.037792545140507e-05,4.0094732702532604e-05
circle,7,0.9,sampling_only,1,0.027723969735726998,0.03726806288992125,0.46206616226211666,0.6211343814986876,1,0.0,4.5092026696867625e-05,3.448050388890642e-05,5.037792545140507e-05,4.0094732702532604e-05
circle,7,0.9,sampling_plus_direction_additive,1,0.037656173763511776,0.14018688201248367,0.6276028960585296,2.3364480335413944,0,0.0,4.5092026696867625e-05,3.448050388890642e-05,5.037792545140507e-05,4.0094732702532604e-05
circle,7,0.9,sampling_plus_direction_rss,1,0.02976120628669787,0.11344720951132366,0.49602010477829783,1.8907868251887276,1,0.0,4.5092026696867625e-05,3.448050388890642e-05,5.037792545140507e-05,4.0094732702532604e-05
circle,7,0.95,sampling_only,1,0.028766361500657037,0.03866930240293683,0.479439358344284,0.6444883733822806,1,0.0,4.5092026696867625e-05,3.448050388890642e-05,5.037792545140507e-05,4.0094732702532604e-05
circle,7,0.95,sampling_plus_direction_additive,1,0.03907200583244078,0.14545775962322927,0.6512000972073464,2.424295993720488,0,0.0,4.5092026696867625e-05,3.448050388890642e-05,5.037792545140507e-05,4.0094732702532604e-05
circle,7,0.95,sampling_plus_direction_rss,1,0.03088019597841074,0.11771270388590822,0.5146699329735124,1.9618783980984704,0,0.0,4.5092026696867625e-05,3.448050388890642e-05,5.037792545140507e-05,4.0094732702532604e-05
circle,7,0.99,sampling_only,1,0.03106283091957431,0.04175634107542172,0.5177138486595718,0.6959390179236954,1,0.0,4.5092026696867625e-05,3.448050388890642e-05,5.037792545140507e-05,4.0094732702532604e-05
circle,7,0.99,sampling_plus_direction_additive,1,0.0421911930305822,0.15706990934579101,0.7031865505097034,2.6178318224298502,0,0.0,4.5092026696867625e-05,3.448050388890642e-05,5.037792545140507e-05,4.0094732702532604e-05
circle,7,0.99,sampling_plus_direction_rss,1,0.03334541653517016,0.1271099168315176,0.555756942252836,2.118498613858627,0,0.0,4.5092026696867625e-05,3.448050388890642e-05,5.037792545140507e-05,4.0094732702532604e-05
circle,8,0.8,sampling_only,1,0.0267353271984925,0.03756813308791945,0.44558878664154167,0.6261355514653243,1,0.0,4.544963477967823e-05,3.4664900619722055e-05,5.333038856953348e-05,4.026068768568537e-05
circle,8,0.8,sampling_plus_direction_additive,1,0.037369047890153315,0.15671155870998968,0.6228174648358886,2.6118593118331614,0,0.0,4.544963477967823e-05,3.4664900619722055e-05,5.333038856953348e-05,4.026068768568537e-05
circle,8,0.8,sampling_plus_direction_rss,1,0.029371646743872746,0.13423415096887728,0.48952744573121243,2.237235849481288,0,0.0,4.544963477967823e-05,3.4664900619722055e-05,5.333038856953348e-05,4.026068768568537e-05
circle,8,0.9,sampling_only,1,0.02781825511148128,0.03908984926733016,0.4636375851913547,0.6514974877888361,1,0.0,4.544963477967823e-05,3.4664900619722055e-05,5.333038856953348e-05,4.026068768568537e-05
circle,8,0.9,sampling_plus_direction_additive,1,0.03888270002321354,0.16305923943800396,0.6480450003868924,2.7176539906333996,0,0.0,4.544963477967823e-05,3.4664900619722055e-05,5.333038856953348e-05,4.026068768568537e-05
circle,8,0.9,sampling_plus_direction_rss,1,0.030561360109758885,0.13967137295914128,0.5093560018293147,2.327856215985688,0,0.0,4.544963477967823e-05,3.4664900619722055e-05,5.333038856953348e-05,4.026068768568537e-05
circle,8,0.95,sampling_only,1,0.028864191906224017,0.040559586009832525,0.4810698651037336,0.6759931001638755,1,0.0,4.544963477967823e-05,3.4664900619722055e-05,5.333038856953348e-05,4.026068768568537e-05
circle,8,0.95,sampling_plus_direction_additive,1,0.040344648174535175,0.1691900933527265,0.6724108029089196,2.8198348892121086,0,0.0,4.544963477967823e-05,3.4664900619722055e-05,5.333038856953348e-05,4.026068768568537e-05
circle,8,0.95,sampling_plus_direction_rss,1,0.03171043473388895,0.14492286797796108,0.5285072455648159,2.415381132966018,0,0.0,4.544963477967823e-05,3.4664900619722055e-05,5.333038856953348e-05,4.026068768568537e-05
circle,8,0.99,sampling_only,1,0.031168471299114528,0.0437975293595119,0.5194745216519088,0.7299588226585317,1,0.0,4.544963477967823e-05,3.4664900619722055e-05,5.333038856953348e-05,4.026068768568537e-05
circle,8,0.99,sampling_plus_direction_additive,1,0.04356543265740002,0.1826968371708288,0.7260905442900003,3.0449472861804803,0,0.0,4.544963477967823e-05,3.4664900619722055e-05,5.333038856953348e-05,4.026068768568537e-05
circle,8,0.99,sampling_plus_direction_rss,1,0.034241934716091604,0.1564923163562543,0.5706989119348601,2.608205272604238,0,0.0,4.544963477967823e-05,3.4664900619722055e-05,5.333038856953348e-05,4.026068768568537e-05
circle,9,0.8,sampling_only,1,0.026570356418327615,0.03784815399467282,0.4428392736387936,0.6308025665778804,1,0.0,4.479414179731812e-05,3.38557584484614e-05,5.325144473395719e-05,3.9706814000752344e-05
circle,9,0.8,sampling_plus_direction_additive,1,0.03562735275144838,0.12470288598376643,0.5937892125241396,2.078381433062774,0,0.0,4.479414179731812e-05,3.38557584484614e-05,5.325144473395719e-05,3.9706814000752344e-05
circle,9,0.8,sampling_plus_direction_rss,1,0.02820749523734022,0.09732076301701223,0.470124920622337,1.6220127169502039,1,0.0,4.479414179731812e-05,3.38557584484614e-05,5.325144473395719e-05,3.9706814000752344e-05
circle,9,0.9,sampling_only,1,0.027646602106657543,0.039381212562149034,0.46077670177762575,0.6563535427024839,1,0.0,4.479414179731812e-05,3.38557584484614e-05,5.325144473395719e-05,3.9706814000752344e-05
circle,9,0.9,sampling_plus_direction_additive,1,0.037070456644435944,0.12975403927841145,0.6178409440739324,2.1625673213068577,0,0.0,4.479414179731812e-05,3.38557584484614e-05,5.325144473395719e-05,3.9706814000752344e-05
circle,9,0.9,sampling_plus_direction_rss,1,0.029350054059277368,0.10126278960984297,0.4891675676546228,1.6877131601640496,1,0.0,4.479414179731812e-05,3.38557584484614e-05,5.325144473395719e-05,3.9706814000752344e-05
circle,9,0.95,sampling_only,1,0.028686084931050463,0.040861904254538346,0.47810141551750773,0.6810317375756392,1,0.0,4.479414179731812e-05,3.38557584484614e-05,5.325144473395719e-05,3.9706814000752344e-05
circle,9,0.95,sampling_plus_direction_additive,1,0.03846426637286598,0.13463265310246011,0.641071106214433,2.243877551707669,0,0.0,4.479414179731812e-05,3.38557584484614e-05,5.325144473395719e-05,3.9706814000752344e-05
circle,9,0.95,sampling_plus_direction_rss,1,0.030453584864687838,0.10507016275984023,0.5075597477447973,1.7511693793306706,1,0.0,4.479414179731812e-05,3.38557584484614e-05,5.325144473395719e-05,3.9706814000752344e-05
circle,9,0.99,sampling_only,1,0.030976145729706434,0.04412398220336512,0.5162690954951072,0.7353997033894187,1,0.0,4.479414179731812e-05,3.38557584484614e-05,5.325144473395719e-05,3.9706814000752344e-05
circle,9,0.99,sampling_plus_direction_additive,1,0.04153493665712689,0.14538061546226136,0.6922489442854481,2.423010257704356,0,0.0,4.479414179731812e-05,3.38557584484614e-05,5.325144473395719e-05,3.9706814000752344e-05
circle,9,0.99,sampling_plus_direction_rss,1,0.03288474830315606,0.11345809932989001,0.5480791383859344,1.8909683221648337,0,0.0,4.479414179731812e-05,3.38557584484614e-05,5.325144473395719e-05,3.9706814000752344e-05
circle,10,0.8,sampling_only,1,0.026570835912666308,0.0380454973106792,0.4428472652111052,0.6340916218446534,1,0.0,4.489324694195841e-05,3.432917480661136e-05,5.185915780216029e-05,3.998632819975105e-05
circle,10,0.8,sampling_plus_direction_additive,1,0.03578964742458383,0.057173457769455635,0.5964941237430638,0.9528909628242607,1,0.0,4.489324694195841e-05,3.432917480661136e-05,5.185915780216029e-05,3.998632819975105e-05
circle,10,0.8,sampling_plus_direction_rss,1,0.02823629661920762,0.0409360910872273,0.47060494365346034,0.6822681847871217,1,0.0,4.489324694195841e-05,3.432917480661136e-05,5.185915780216029e-05,3.998632819975105e-05
circle,10,0.9,sampling_only,1,0.027647101023156283,0.03958654936870665,0.4607850170526047,0.6597758228117775,1,0.0,4.489324694195841e-05,3.432917480661136e-05,5.185915780216029e-05,3.998632819975105e-05
circle,10,0.9,sampling_plus_direction_additive,1,0.03723932514516524,0.059489297513661936,0.6206554190860873,0.9914882918943656,1,0.0,4.489324694195841e-05,3.432917480661136e-05,5.185915780216029e-05,3.998632819975105e-05
circle,10,0.9,sampling_plus_direction_rss,1,0.0293800220556442,0.04259422810413687,0.48966703426073666,0.7099038017356145,1,0.0,4.489324694195841e-05,3.432917480661136e-05,5.185915780216029e-05,3.998632819975105e-05
circle,10,0.95,sampling_only,1,0.028686602606278727,0.04107496150655283,0.4781100434379788,0.6845826917758805,1,0.0,4.489324694195841e-05,3.432917480661136e-05,5.185915780216029e-05,3.998632819975105e-05
circle,10,0.95,sampling_plus_direction_additive,1,0.03863948414955373,0.0617260318060747,0.6439914024925623,1.0287671967679117,1,0.0,4.489324694195841e-05,3.432917480661136e-05,5.185915780216029e-05,3.998632819975105e-05
circle,10,0.95,sampling_plus_direction_rss,1,0.030484679625833375,0.04419572576239204,0.5080779937638896,0.7365954293732007,1,0.0,4.489324694195841e-05,3.432917480661136e-05,5.185915780216029e-05,3.998632819975105e-05
circle,10,0.99,sampling_only,1,0.030976704731862,0.044354048191910946,0.5162784121977,0.7392341365318491,1,0.0,4.489324694195841e-05,3.432917480661136e-05,5.185915780216029e-05,3.998632819975105e-05
circle,10,0.99,sampling_plus_direction_additive,1,0.04172414237823385,0.06665372988810457,0.6954023729705643,1.1108954981350763,1,0.0,4.489324694195841e-05,3.432917480661136e-05,5.185915780216029e-05,3.998632819975105e-05
circle,10,0.99,sampling_plus_direction_rss,1,0.03291832541397442,0.047723948567277165,0.5486387568995738,0.7953991427879528,1,0.0,4.489324694195841e-05,3.432917480661136e-05,5.185915780216029e-05,3.998632819975105e-05
circle,11,0.8,sampling_only,1,0.026534405653662805,0.040324517818511256,0.44224009422771343,0.6720752969751876,1,0.0,4.4814739435448074e-05,3.3774427442775164e-05,5.185803422688676e-05,3.9528699282667685e-05
circle,11,0.8,sampling_plus_direction_additive,1,0.035546339530792,0.06153736563644941,0.5924389921798666,1.0256227606074901,1,0.0,4.4814739435448074e-05,3.3774427442775164e-05,5.185803422688676e-05,3.9528699282667685e-05
circle,11,0.8,sampling_plus_direction_rss,1,0.02815851018896501,0.0436419811721643,0.46930850314941686,0.727366352869405,1,0.0,4.4814739435448074e-05,3.3774427442775164e-05,5.185803422688676e-05,3.9528699282667685e-05
circle,11,0.9,sampling_only,1,0.02760919513813707,0.041957882751705027,0.46015325230228454,0.6992980458617505,1,0.0,4.4814739435448074e-05,3.3774427442775164e-05,5.185803422688676e-05,3.9528699282667685e-05
circle,11,0.9,sampling_plus_direction_additive,1,0.03698616194241528,0.06402996766988422,0.616436032373588,1.0671661278314037,1,0.0,4.4814739435448074e-05,3.3774427442775164e-05,5.185803422688676e-05,3.9528699282667685e-05
circle,11,0.9,sampling_plus_direction_rss,1,0.02929908484681055,0.04540972163176609,0.4883180807801758,0.7568286938627682,1,0.0,4.4814739435448074e-05,3.3774427442775164e-05,5.185803422688676e-05,3.9528699282667685e-05
circle,11,0.95,sampling_only,1,0.028647271500313053,0.04353545450175334,0.47745452500521757,0.7255909083625557,1,0.0,4.4814739435448074e-05,3.3774427442775164e-05,5.185803422688676e-05,3.9528699282667685e-05
circle,11,0.95,sampling_plus_direction_additive,1,0.03837680227973534,0.06643742632908961,0.6396133713289224,1.1072904388181601,1,0.0,4.4814739435448074e-05,3.3774427442775164e-05,5.185803422688676e-05,3.9528699282667685e-05
circle,11,0.95,sampling_plus_direction_rss,1,0.03040069926406136,0.047117078851093876,0.5066783210676894,0.7852846475182312,1,0.0,4.4814739435448074e-05,3.3774427442775164e-05,5.185803422688676e-05,3.9528699282667685e-05
circle,11,0.99,sampling_only,1,0.030934233754277174,0.047010966686346356,0.5155705625712863,0.7835161114391059,1,0.0,4.4814739435448074e-05,3.3774427442775164e-05,5.185803422688676e-05,3.9528699282667685e-05
circle,11,0.99,sampling_plus_direction_additive,1,0.041440490151044125,0.07174124335276286,0.6906748358507354,1.1956873892127142,1,0.0,4.4814739435448074e-05,3.3774427442775164e-05,5.185803422688676e-05,3.9528699282667685e-05
circle,11,0.99,sampling_plus_direction_rss,1,0.03282764075167435,0.0508785184300194,0.5471273458612392,0.84797530716699,1,0.0,4.4814739435448074e-05,3.3774427442775164e-05,5.185803422688676e-05,3.9528699282667685e-05
circle,12,0.8,sampling_only,1,0.026911734210572774,0.03672246289320851,0.4485289035095463,0.6120410482201418,1,0.0,4.59855809588677e-05,3.383870435554036e-05,5.361698558894601e-05,3.968902064931239e-05
circle,12,0.8,sampling_plus_direction_additive,1,0.035993561907637174,0.0843764467414225,0.5998926984606195,1.4062741123570417,1,0.0,4.59855809588677e-05,3.383870435554036e-05,5.361698558894601e-05,3.968902064931239e-05
circle,12,0.8,sampling_plus_direction_rss,1,0.02852043207678985,0.06206975804337295,0.47534053461316417,1.034495967389549,1,0.0,4.59855809588677e-05,3.383870435554036e-05,5.361698558894601e-05,3.968902064931239e-05
circle,12,0.9,sampling_only,1,0.028001807578562358,0.03820992477484175,0.46669679297603933,0.6368320795806959,1,0.0,4.59855809588677e-05,3.383870435554036e-05,5.361698558894601e-05,3.968902064931239e-05
circle,12,0.9,sampling_plus_direction_additive,1,0.037451499287205425,0.08779415727463226,0.6241916547867571,1.4632359545772045,1,0.0,4.59855809588677e-05,3.383870435554036e-05,5.361698558894601e-05,3.968902064931239e-05
circle,12,0.9,sampling_plus_direction_rss,1,0.029675666563248566,0.06458392489977927,0.49459444272080944,1.0763987483296544,1,0.0,4.59855809588677e-05,3.383870435554036e-05,5.361698558894601e-05,3.968902064931239e-05
circle,12,0.95,sampling_only,1,0.029054645750775276,0.03964657729262906,0.4842440958462546,0.6607762882104844,1,0.0,4.59855809588677e-05,3.383870435554036e-05,5.361698558894601e-05,3.968902064931239e-05
circle,12,0.95,sampling_plus_direction_additive,1,0.0388596358135903,0.09109512417888176,0.6476605968931718,1.5182520696480293,1,0.0,4.59855809588677e-05,3.383870435554036e-05,5.361698558894601e-05,3.968902064931239e-05
circle,12,0.95,sampling_plus_direction_rss,1,0.03079144005237039,0.0670122117614416,0.5131906675395065,1.1168701960240268,1,0.0,4.59855809588677e-05,3.383870435554036e-05,5.361698558894601e-05,3.968902064931239e-05
circle,12,0.99,sampling_only,1,0.03137412941027827,0.04281163354470958,0.5229021568379711,0.7135272257451597,1,0.0,4.59855809588677e-05,3.383870435554036e-05,5.361698558894601e-05,3.968902064931239e-05
circle,12,0.99,sampling_plus_direction_additive,1,0.04196186913823702,0.09836740874933378,0.6993644856372837,1.6394568124888964,1,0.0,4.59855809588677e-05,3.383870435554036e-05,5.361698558894601e-05,3.968902064931239e-05
circle,12,0.99,sampling_plus_direction_rss,1,0.033249575066876064,0.0723619149208295,0.5541595844479345,1.2060319153471584,1,0.0,4.59855809588677e-05,3.383870435554036e-05,5.361698558894601e-05,3.968902064931239e-05
circle,13,0.8,sampling_only,1,0.026928849705704798,0.03824818509696956,0.44881416176174665,0.6374697516161594,1,0.0,4.6285987989534146e-05,3.312794160524672e-05,5.437161868346565e-05,3.91827399202671e-05
circle,13,0.8,sampling_plus_direction_additive,1,0.03605334860710195,0.10701155722190957,0.6008891434516992,1.7835259536984929,1,0.0,4.6285987989534146e-05,3.312794160524672e-05,5.437161868346565e-05,3.91827399202671e-05
circle,13,0.8,sampling_plus_direction_rss,1,0.028620825460943203,0.08337856455151003,0.47701375768238674,1.3896427425251674,1,0.0,4.6285987989534146e-05,3.312794160524672e-05,5.437161868346565e-05,3.91827399202671e-05
circle,13,0.9,sampling_only,1,0.02801961634545745,0.039797447126012735,0.4669936057576242,0.6632907854335456,1,0.0,4.6285987989534146e-05,3.312794160524672e-05,5.437161868346565e-05,3.91827399202671e-05
circle,13,0.9,sampling_plus_direction_additive,1,0.037513707677087345,0.1113461143218704,0.6252284612847891,1.8557685720311734,1,0.0,4.6285987989534146e-05,3.312794160524672e-05,5.437161868346565e-05,3.91827399202671e-05
circle,13,0.9,sampling_plus_direction_rss,1,0.029780126432063653,0.08675585536330373,0.4963354405343942,1.4459309227217287,1,0.0,4.6285987989534146e-05,3.312794160524672e-05,5.437161868346565e-05,3.91827399202671e-05
circle,13,0.95,sampling_only,1,0.02907312410835785,0.04129378879514732,0.4845520684726308,0.6882298132524554,1,0.0,4.6285987989534146e-05,3.312794160524672e-05,5.437161868346565e-05,3.91827399202671e-05
circle,13,0.95,sampling_plus_direction_additive,1,0.03892418317274469,0.11553260975280812,0.6487363862124115,1.9255434958801354,0,0.0,4.6285987989534146e-05,3.312794160524672e-05,5.437161868346565e-05,3.91827399202671e-05
circle,13,0.95,sampling_plus_direction_rss,1,0.03089982750111203,0.09001778322039666,0.5149971250185339,1.500296387006611,1,0.0,4.6285987989534146e-05,3.312794160524672e-05,5.437161868346565e-05,3.91827399202671e-05
circle,13,0.99,sampling_only,1,0.031394082927765896,0.044590344849242604,0.5232347154627649,0.7431724141540434,1,0.0,4.6285987989534146e-05,3.312794160524672e-05,5.437161868346565e-05,3.91827399202671e-05
circle,13,0.99,sampling_plus_direction_additive,1,0.042031569427016045,0.12475578193532301,0.7005261571169341,2.079263032255384,0,0.0,4.6285987989534146e-05,3.312794160524672e-05,5.437161868346565e-05,3.91827399202671e-05
circle,13,0.99,sampling_plus_direction_rss,1,0.033366615276983584,0.09720406176033797,0.5561102546163931,1.6200676960056328,1,0.0,4.6285987989534146e-05,3.312794160524672e-05,5.437161868346565e-05,3.91827399202671e-05
circle,14,0.8,sampling_only,1,0.026555094608563676,0.03771964076984131,0.44258491014272794,0.6286606794973552,1,0.0,4.476218839460603e-05,3.4712275405355655e-05,5.203230946318525e-05,4.0246044069631246e-05
circle,14,0.8,sampling_plus_direction_additive,1,0.0370864380789795,0.1975441641180854,0.6181073013163251,3.2924027353014234,0,0.0,4.476218839460603e-05,3.4712275405355655e-05,5.203230946318525e-05,4.0246044069631246e-05
circle,14,0.8,sampling_plus_direction_rss,1,0.02927721318849936,0.1716061853573968,0.487953553141656,2.8601030892899466,0,0.0,4.476218839460603e-05,3.4712275405355655e-05,5.203230946318525e-05,4.0246044069631246e-05
circle,14,0.9,sampling_only,1,0.027630722109591346,0.03924749384432599,0.4605120351598558,0.6541248974054332,1,0.0,4.476218839460603e-05,3.4712275405355655e-05,5.203230946318525e-05,4.0246044069631246e-05
circle,14,0.9,sampling_plus_direction_additive,1,0.03858864295909488,0.20554579012337976,0.643144049318248,3.425763168722996,0,0.0,4.476218839460603e-05,3.4712275405355655e-05,5.203230946318525e-05,4.0246044069631246e-05
circle,14,0.9,sampling_plus_direction_rss,1,0.03046310147559453,0.17855718045034372,0.5077183579265755,2.9759530075057286,0,0.0,4.476218839460603e-05,3.4712275405355655e-05,5.203230946318525e-05,4.0246044069631246e-05
circle,14,0.95,sampling_only,1,0.028669607862990217,0.04072315785519622,0.47782679771650366,0.6787192975866038,1,0.0,4.476218839460603e-05,3.4712275405355655e-05,5.203230946318525e-05,4.0246044069631246e-05
circle,14,0.95,sampling_plus_direction_additive,1,0.040039534877669945,0.21327409313997625,0.6673255812944991,3.5545682189996044,0,0.0,4.476218839460603e-05,3.4712275405355655e-05,5.203230946318525e-05,4.0246044069631246e-05
circle,14,0.95,sampling_plus_direction_rss,1,0.03160848167962305,0.1852707404579753,0.5268080279937176,3.087845674299589,0,0.0,4.476218839460603e-05,3.4712275405355655e-05,5.203230946318525e-05,4.0246044069631246e-05
circle,14,0.99,sampling_only,1,0.03095835326821651,0.043974159434039026,0.5159725544702751,0.7329026572339837,1,0.0,4.476218839460603e-05,3.4712275405355655e-05,5.203230946318525e-05,4.0246044069631246e-05
circle,14,0.99,sampling_plus_direction_additive,1,0.04323596162743947,0.23030014048114184,0.7205993604573245,3.8383356746856974,0,0.0,4.476218839460603e-05,3.4712275405355655e-05,5.203230946318525e-05,4.0246044069631246e-05
circle,14,0.99,sampling_plus_direction_rss,1,0.03413184256952925,0.20006123072113152,0.5688640428254875,3.3343538453521924,0,0.0,4.476218839460603e-05,3.4712275405355655e-05,5.203230946318525e-05,4.0246044069631246e-05
circle,15,0.8,sampling_only,1,0.026433357202266687,0.04076094162414156,0.4405559533711115,0.679349027069026,1,0.0,4.4427276861250756e-05,3.470164704755235e-05,5.212452568491984e-05,4.015551194357552e-05
circle,15,0.8,sampling_plus_direction_additive,1,0.03783541100837628,0.7290247185476877,0.630590183472938,12.150411975794796,0,0.0,4.4427276861250756e-05,3.470164704755235e-05,5.212452568491984e-05,4.015551194357552e-05
circle,15,0.8,sampling_plus_direction_rss,1,0.02985563520319841,0.7009698425683898,0.4975939200533069,11.682830709473164,0,0.0,4.4427276861250756e-05,3.470164704755235e-05,5.212452568491984e-05,4.015551194357552e-05
circle,15,0.9,sampling_only,1,0.02750405366825015,0.04241198412370663,0.4584008944708359,0.7068664020617772,1,0.0,4.4427276861250756e-05,3.470164704755235e-05,5.212452568491984e-05,4.015551194357552e-05
circle,15,0.9,sampling_plus_direction_additive,1,0.039367953414765226,0.7585542324792993,0.6561325569127539,12.642570541321655,0,0.0,4.4427276861250756e-05,3.470164704755235e-05,5.212452568491984e-05,4.015551194357552e-05
circle,15,0.9,sampling_plus_direction_rss,1,0.03106495276574453,0.7293629795980896,0.5177492127624088,12.156049659968161,0,0.0,4.4427276861250756e-05,3.470164704755235e-05,5.212452568491984e-05,4.015551194357552e-05
circle,15,0.95,sampling_only,1,0.028538176823024473,0.04400662960219752,0.47563628038374123,0.733443826703292,1,0.0,4.4427276861250756e-05,3.470164704755235e-05,5.212452568491984e-05,4.015551194357552e-05
circle,15,0.95,sampling_plus_direction_additive,1,0.04084814657732007,0.7870750645508436,0.6808024429553345,13.117917742514061,0,0.0,4.4427276861250756e-05,3.470164704755235e-05,5.212452568491984e-05,4.015551194357552e-05
circle,15,0.95,sampling_plus_direction_rss,1,0.03223296193793834,0.7567862516195611,0.5372160322989724,12.613104193659353,0,0.0,4.4427276861250756e-05,3.470164704755235e-05,5.212452568491984e-05,4.015551194357552e-05
circle,15,0.99,sampling_only,1,0.03081642985631937,0.04751975652680903,0.5136071642719895,0.7919959421134839,1,0.0,4.4427276861250756e-05,3.470164704755235e-05,5.212452568491984e-05,4.015551194357552e-05
circle,15,0.99,sampling_plus_direction_additive,1,0.044109126226488535,0.8499086563518807,0.7351521037748089,14.165144272531347,0,0.0,4.4427276861250756e-05,3.470164704755235e-05,5.212452568491984e-05,4.015551194357552e-05
circle,15,0.99,sampling_plus_direction_rss,1,0.03480617618924048,0.8172018340164402,0.5801029364873413,13.62003056694067,0,0.0,4.4427276861250756e-05,3.470164704755235e-05,5.212452568491984e-05,4.015551194357552e-05
circle,16,0.8,sampling_only,1,0.02687237805428044,0.037855240181480496,0.4478729675713407,0.6309206696913416,1,0.0,4.594309187440205e-05,3.3529784868846236e-05,5.141099282697033e-05,3.938351663701156e-05
circle,16,0.8,sampling_plus_direction_additive,1,0.03609394731804584,0.22156771664320402,0.6015657886340974,3.692795277386734,0,0.0,4.594309187440205e-05,3.3529784868846236e-05,5.141099282697033e-05,3.938351663701156e-05
circle,16,0.8,sampling_plus_direction_rss,1,0.028729727337655334,0.19347905835054927,0.47882878896092224,3.2246509725091546,0,0.0,4.594309187440205e-05,3.3529784868846236e-05,5.141099282697033e-05,3.938351663701156e-05
circle,16,0.9,sampling_only,1,0.027960857281308874,0.0393885857785275,0.4660142880218146,0.656476429642125,1,0.0,4.594309187440205e-05,3.3529784868846236e-05,5.141099282697033e-05,3.938351663701156e-05
circle,16,0.9,sampling_plus_direction_additive,1,0.03755595085929527,0.23054242876057218,0.6259325143215879,3.842373812676203,0,0.0,4.594309187440205e-05,3.3529784868846236e-05,5.141099282697033e-05,3.938351663701156e-05
circle,16,0.9,sampling_plus_direction_rss,1,0.029893439434220133,0.20131602519636396,0.49822399057033556,3.3552670866060663,0,0.0,4.594309187440205e-05,3.3529784868846236e-05,5.141099282697033e-05,3.938351663701156e-05
circle,16,0.95,sampling_only,1,0.029012155765914448,0.04086955469600785,0.4835359294319075,0.6811592449334642,1,0.0,4.594309187440205e-05,3.3529784868846236e-05,5.141099282697033e-05,3.938351663701156e-05
circle,16,0.95,sampling_plus_direction_additive,1,0.03896801465365868,0.23921057879455898,0.6494669108943113,3.9868429799093166,0,0.0,4.594309187440205e-05,3.3529784868846236e-05,5.141099282697033e-05,3.938351663701156e-05
circle,16,0.95,sampling_plus_direction_rss,1,0.031017400951589356,0.208885293551996,0.5169566825264893,3.4814215591999336,0,0.0,4.594309187440205e-05,3.3529784868846236e-05,5.141099282697033e-05,3.938351663701156e-05
circle,16,0.99,sampling_only,1,0.031328247374919814,0.044132243393082214,0.5221374562486636,0.7355373898847036,1,0.0,4.594309187440205e-05,3.3529784868846236e-05,5.141099282697033e-05,3.938351663701156e-05
circle,16,0.99,sampling_plus_direction_additive,1,0.04207890005242568,0.2583071815703622,0.7013150008737613,4.30511969283937,0,0.0,4.594309187440205e-05,3.3529784868846236e-05,5.141099282697033e-05,3.938351663701156e-05
circle,16,0.99,sampling_plus_direction_rss,1,0.03349357482356108,0.22556097527464833,0.5582262470593513,3.7593495879108056,0,0.0,4.594309187440205e-05,3.3529784868846236e-05,5.141099282697033e-05,3.938351663701156e-05
circle,17,0.8,sampling_only,0,0.026645584340127926,0.038673220117782015,0.44409307233546547,0.6445536686297003,1,0.001338778779228729,4.508116471143836e-05,3.429052234887479e-05,5.309790763573898e-05,4.0035302069012455e-05
circle,17,0.8,sampling_plus_direction_additive,1,0.036341613105726894,0.07922585315160773,0.6056935517621149,1.3204308858601288,1,0.0,4.508116471143836e-05,3.429052234887479e-05,5.309790763573898e-05,4.0035302069012455e-05
circle,17,0.8,sampling_plus_direction_rss,1,0.028629923827384475,0.06061396199971303,0.4771653971230746,1.0102326999952171,1,0.0,4.508116471143836e-05,3.429052234887479e-05,5.309790763573898e-05,4.0035302069012455e-05
circle,17,0.9,sampling_only,0,0.027724877173373977,0.04023969840472315,0.4620812862228996,0.6706616400787192,1,0.00024309521629923073,4.508116471143836e-05,3.429052234887479e-05,5.309790763573898e-05,4.0035302069012455e-05
circle,17,0.9,sampling_plus_direction_additive,1,0.03781364847462448,0.0824349362935961,0.6302274745770746,1.3739156048932686,1,0.0,4.508116471143836e-05,3.429052234887479e-05,5.309790763573898e-05,4.0035302069012455e-05
circle,17,0.9,sampling_plus_direction_rss,1,0.029789593332426673,0.0630691611030938,0.49649322220711123,1.0511526850515633,1,0.0,4.508116471143836e-05,3.429052234887479e-05,5.309790763573898e-05,4.0035302069012455e-05
circle,17,0.95,sampling_only,1,0.02876730305699407,0.04175266825140055,0.4794550509499012,0.6958778041900092,1,0.0,4.508116471143836e-05,3.429052234887479e-05,5.309790763573898e-05,4.0035302069012455e-05
circle,17,0.95,sampling_plus_direction_additive,1,0.03923540142514487,0.0855344021909435,0.6539233570857478,1.4255733698490585,1,0.0,4.508116471143836e-05,3.429052234887479e-05,5.309790763573898e-05,4.0035302069012455e-05
circle,17,0.95,sampling_plus_direction_rss,1,0.030909650346856325,0.06544049445764548,0.5151608391142721,1.0906749076274247,1,0.0,4.508116471143836e-05,3.429052234887479e-05,5.309790763573898e-05,4.0035302069012455e-05
circle,17,0.99,sampling_only,1,0.03106384764201583,0.04508585746253348,0.5177307940335972,0.7514309577088913,1,0.0,4.508116471143836e-05,3.429052234887479e-05,5.309790763573898e-05,4.0035302069012455e-05
circle,17,0.99,sampling_plus_direction_additive,1,0.042367632781888764,0.09236276450893724,0.7061272130314794,1.5393794084822874,1,0.0,4.508116471143836e-05,3.429052234887479e-05,5.309790763573898e-05,4.0035302069012455e-05
circle,17,0.99,sampling_plus_direction_rss,1,0.03337722229784359,0.07066472465017003,0.5562870382973931,1.1777454108361671,1,0.0,4.508116471143836e-05,3.429052234887479e-05,5.309790763573898e-05,4.0035302069012455e-05
circle,18,0.8,sampling_only,1,0.02719510439139499,0.03877608833209739,0.4532517398565832,0.6462681388682899,1,0.0,4.7015754879654645e-05,3.391331208197612e-05,5.553073504695776e-05,3.975678911390539e-05
circle,18,0.8,sampling_plus_direction_additive,1,0.03670830057837865,0.08673192863871991,0.6118050096396442,1.4455321439786653,1,0.0,4.7015754879654645e-05,3.391331208197612e-05,5.553073504695776e-05,3.975678911390539e-05
circle,18,0.8,sampling_plus_direction_rss,1,0.029067021418412546,0.06528408891953189,0.48445035697354244,1.0880681486588648,1,0.0,4.7015754879654645e-05,3.391331208197612e-05,5.553073504695776e-05,3.975678911390539e-05
circle,18,0.9,sampling_only,1,0.02829665581148556,0.04034673334794423,0.471610930191426,0.6724455557990705,1,0.0,4.7015754879654645e-05,3.391331208197612e-05,5.553073504695776e-05,3.975678911390539e-05
circle,18,0.9,sampling_plus_direction_additive,1,0.03819518880830649,0.09024504915424203,0.6365864801384415,1.5040841525707005,1,0.0,4.7015754879654645e-05,3.391331208197612e-05,5.553073504695776e-05,3.975678911390539e-05
circle,18,0.9,sampling_plus_direction_rss,1,0.03024439578184343,0.06792845386932718,0.5040732630307239,1.1321408978221197,1,0.0,4.7015754879654645e-05,3.391331208197612e-05,5.553073504695776e-05,3.975678911390539e-05
circle,18,0.95,sampling_only,1,0.029360579963550317,0.04186372759460608,0.4893429993925053,0.6977287932434347,1,0.0,4.7015754879654645e-05,3.391331208197612e-05,5.553073504695776e-05,3.975678911390539e-05
circle,18,0.95,sampling_plus_direction_additive,1,0.03963128726943053,0.09363816698551937,0.6605214544905088,1.5606361164253229,1,0.0,4.7015754879654645e-05,3.391331208197612e-05,5.553073504695776e-05,3.975678911390539e-05
circle,18,0.95,sampling_plus_direction_rss,1,0.03138155288448056,0.07048249146180689,0.5230258814080093,1.174708191030115,1,0.0,4.7015754879654645e-05,3.391331208197612e-05,5.553073504695776e-05,3.975678911390539e-05
circle,18,0.99,sampling_only,1,0.03170448689131483,0.045205782869156545,0.5284081148552472,0.7534297144859424,1,0.0,4.7015754879654645e-05,3.391331208197612e-05,5.553073504695776e-05,3.975678911390539e-05
circle,18,0.99,sampling_plus_direction_additive,1,0.04279512289196812,0.1011134671523758,0.7132520481994687,1.6852244525395967,1,0.0,4.7015754879654645e-05,3.391331208197612e-05,5.553073504695776e-05,3.975678911390539e-05
circle,18,0.99,sampling_plus_direction_rss,1,0.033886797648080516,0.07610923317564652,0.564779960801342,1.2684872195941088,1,0.0,4.7015754879654645e-05,3.391331208197612e-05,5.553073504695776e-05,3.975678911390539e-05
circle,19,0.8,sampling_only,1,0.026396801730500005,0.03775862331786962,0.43994669550833343,0.6293103886311603,1,0.0,4.416374834984442e-05,3.503427690296177e-05,5.2164871811244795e-05,4.063078618570164e-05
circle,19,0.8,sampling_plus_direction_additive,1,0.03842885730474951,0.4585692913504134,0.6404809550791585,7.642821522506891,0,0.0,4.416374834984442e-05,3.503427690296177e-05,5.2164871811244795e-05,4.063078618570164e-05
circle,19,0.8,sampling_plus_direction_rss,1,0.03049460060225553,0.4325304297328304,0.5082433433709255,7.208840495547173,0,0.0,4.416374834984442e-05,3.503427690296177e-05,5.2164871811244795e-05,4.063078618570164e-05
circle,19,0.9,sampling_only,1,0.027466017498661642,0.039288055400124276,0.45776695831102737,0.6548009233354046,1,0.0,4.416374834984442e-05,3.503427690296177e-05,5.2164871811244795e-05,4.063078618570164e-05
circle,19,0.9,sampling_plus_direction_additive,1,0.039985437552696595,0.4771438717905902,0.6664239592116099,7.952397863176504,0,0.0,4.416374834984442e-05,3.503427690296177e-05,5.2164871811244795e-05,4.063078618570164e-05
circle,19,0.9,sampling_plus_direction_rss,1,0.031729799780573005,0.45005029294965776,0.5288299963428834,7.500838215827629,0,0.0,4.416374834984442e-05,3.503427690296177e-05,5.2164871811244795e-05,4.063078618570164e-05
circle,19,0.95,sampling_only,1,0.028498710533928318,0.04076524448233674,0.47497850889880533,0.679420741372279,1,0.0,4.416374834984442e-05,3.503427690296177e-05,5.2164871811244795e-05,4.063078618570164e-05
circle,19,0.95,sampling_plus_direction_additive,1,0.041488847461860615,0.4950839737089818,0.6914807910310102,8.251399561816363,0,0.0,4.416374834984442e-05,3.503427690296177e-05,5.2164871811244795e-05,4.063078618570164e-05
circle,19,0.95,sampling_plus_direction_rss,1,0.03292280649315522,0.46697170513005426,0.548713441552587,7.782861752167571,0,0.0,4.416374834984442e-05,3.503427690296177e-05,5.2164871811244795e-05,4.063078618570164e-05
circle,19,0.99,sampling_only,1,0.030773812903696116,0.04401960591091832,0.5128968817282686,0.7336600985153054,1,0.0,4.416374834984442e-05,3.503427690296177e-05,5.2164871811244795e-05,4.063078618570164e-05
circle,19,0.99,sampling_plus_direction_additive,1,0.04480097539365032,0.5346074012857628,0.7466829232275054,8.910123354762714,0,0.0,4.416374834984442e-05,3.503427690296177e-05,5.2164871811244795e-05,4.063078618570164e-05
circle,19,0.99,sampling_plus_direction_rss,1,0.03555109225306041,0.5042508806805086,0.5925182042176735,8.404181344675143,0,0.0,4.416374834984442e-05,3.503427690296177e-05,5.2164871811244795e-05,4.063078618570164e-05
circle,20,0.8,sampling_only,1,0.026559690341357023,0.03792920674865517,0.44266150568928375,0.6321534458109196,1,0.0,4.480411295052325e-05,3.447317824274848e-05,5.251386938060839e-05,4.010254079818571e-05
circle,20,0.8,sampling_plus_direction_additive,1,0.03599349899367584,0.07221301155051683,0.5998916498945974,1.2035501925086138,1,0.0,4.480411295052325e-05,3.447317824274848e-05,5.251386938060839e-05,4.010254079818571e-05
circle,20,0.8,sampling_plus_direction_rss,1,0.0283210479652262,0.05136034169500295,0.4720174660871033,0.8560056949167159,1,0.0,4.480411295052325e-05,3.447317824274848e-05,5.251386938060839e-05,4.010254079818571e-05
circle,20,0.9,sampling_only,1,0.027635503994859485,0.03946554839881298,0.4605917332476581,0.6577591399802163,1,0.0,4.480411295052325e-05,3.447317824274848e-05,5.251386938060839e-05,4.010254079818571e-05
circle,20,0.9,sampling_plus_direction_additive,1,0.037451433824882356,0.075138036006303,0.6241905637480393,1.25230060010505,1,0.0,4.480411295052325e-05,3.447317824274848e-05,5.251386938060839e-05,4.010254079818571e-05
circle,20,0.9,sampling_plus_direction_rss,1,0.0294682062976803,0.053440718240583295,0.491136771628005,0.890678637343055,1,0.0,4.480411295052325e-05,3.447317824274848e-05,5.251386938060839e-05,4.010254079818571e-05
circle,20,0.95,sampling_only,1,0.02867456954205672,0.040949411028931085,0.477909492367612,0.6824901838155181,1,0.0,4.480411295052325e-05,3.447317824274848e-05,5.251386938060839e-05,4.010254079818571e-05
circle,20,0.95,sampling_plus_direction_additive,1,0.03885956788995353,0.077963146216442,0.6476594648325589,1.2993857702740335,1,0.0,4.480411295052325e-05,3.447317824274848e-05,5.251386938060839e-05,4.010254079818571e-05
circle,20,0.95,sampling_plus_direction_rss,1,0.030576179501545727,0.05545003238776128,0.5096029916924288,0.924167206462688,1,0.0,4.480411295052325e-05,3.447317824274848e-05,5.251386938060839e-05,4.010254079818571e-05
circle,20,0.99,sampling_only,1,0.03096371104688158,0.04421847479803049,0.5160618507813597,0.7369745799671749,1,0.0,4.480411295052325e-05,3.447317824274848e-05,5.251386938060839e-05,4.010254079818571e-05
circle,20,0.99,sampling_plus_direction_additive,1,0.04196179579213642,0.08418708180470003,0.6993632632022737,1.403118030078334,1,0.0,4.480411295052325e-05,3.447317824274848e-05,5.251386938060839e-05,4.010254079818571e-05
circle,20,0.99,sampling_plus_direction_rss,1,0.03301712988628664,0.05987670635741009,0.5502854981047773,0.9979451059568348,1,0.0,4.480411295052325e-05,3.447317824274848e-05,5.251386938060839e-05,4.010254079818571e-05
circle,21,0.8,sampling_only,0,0.02654990306955034,0.03667768421318451,0.4424983844925057,0.6112947368864085,1,8.912757855417813e-05,4.4787034578160285e-05,3.4344412348735223e-05,5.374416669502216e-05,4.0047370212688465e-05
circle,21,0.8,sampling_plus_direction_additive,1,0.035863135932703065,0.0771656177731912,0.5977189322117178,1.2860936295531866,1,0.0,4.4787034578160285e-05,3.4344412348735223e-05,5.374416669502216e-05,4.0047370212688465e-05
circle,21,0.8,sampling_plus_direction_rss,1,0.028229795126270607,0.054642927156594065,0.47049658543784345,0.9107154526099012,1,0.0,4.4787034578160285e-05,3.4344412348735223e-05,5.374416669502216e-05,4.0047370212688465e-05
circle,21,0.9,sampling_only,1,0.02762532028467175,0.038163332311797825,0.46042200474452916,0.6360555385299638,1,0.0,4.4787034578160285e-05,3.4344412348735223e-05,5.374416669502216e-05,4.0047370212688465e-05
circle,21,0.9,sampling_plus_direction_additive,1,0.03731579034237211,0.0802912500420315,0.6219298390395352,1.338187500700525,1,0.0,4.4787034578160285e-05,3.4344412348735223e-05,5.374416669502216e-05,4.0047370212688465e-05
circle,21,0.9,sampling_plus_direction_rss,1,0.02937325721645654,0.05685626648197269,0.48955428694094233,0.9476044413662116,1,0.0,4.4787034578160285e-05,3.4344412348735223e-05,5.374416669502216e-05,4.0047370212688465e-05
circle,21,0.95,sampling_only,1,0.028664002935200963,0.03959823300254709,0.4777333822533494,0.6599705500424515,1,0.0,4.4787034578160285e-05,3.4344412348735223e-05,5.374416669502216e-05,4.0047370212688465e-05
circle,21,0.95,sampling_plus_direction_additive,1,0.03871882435681985,0.08331011561711173,0.6453137392803309,1.3885019269518621,1,0.0,4.4787034578160285e-05,3.4344412348735223e-05,5.374416669502216e-05,4.0047370212688465e-05
circle,21,0.95,sampling_plus_direction_rss,1,0.03047766043588976,0.0589940016090278,0.5079610072648293,0.9832333601504634,1,0.0,4.4787034578160285e-05,3.4344412348735223e-05,5.374416669502216e-05,4.0047370212688465e-05
circle,21,0.99,sampling_only,1,0.030952300889147636,0.04275942984460976,0.515871681485794,0.7126571640768293,1,0.0,4.4787034578160285e-05,3.4344412348735223e-05,5.374416669502216e-05,4.0047370212688465e-05
circle,21,0.99,sampling_plus_direction_additive,1,0.041809816454302706,0.08996090921145593,0.6968302742383785,1.4993484868575988,1,0.0,4.4787034578160285e-05,3.4344412348735223e-05,5.374416669502216e-05,4.0047370212688465e-05
circle,21,0.99,sampling_plus_direction_rss,1,0.03291074586970686,0.0637035968976636,0.5485124311617811,1.06172661496106,1,0.0,4.4787034578160285e-05,3.4344412348735223e-05,5.374416669502216e-05,4.0047370212688465e-05
circle,22,0.8,sampling_only,1,0.027310377057029978,0.03833851385305639,0.45517295095049964,0.6389752308842731,1,0.0,4.757338689237572e-05,3.291127532520028e-05,5.509334863022634e-05,3.910858350776616e-05
circle,22,0.8,sampling_plus_direction_additive,1,0.03672044926364129,0.1360597394642692,0.6120074877273549,2.2676623244044865,0,0.0,4.757338689237572e-05,3.291127532520028e-05,5.509334863022634e-05,3.910858350776616e-05
circle,22,0.8,sampling_plus_direction_rss,1,0.029076345454906564,0.10667231692216665,0.4846057575817761,1.7778719487027776,1,0.0,4.757338689237572e-05,3.291127532520028e-05,5.509334863022634e-05,3.910858350776616e-05
circle,22,0.9,sampling_only,1,0.028416597654583528,0.039891434693925046,0.47360996090972546,0.6648572448987508,1,0.0,4.757338689237572e-05,3.291127532520028e-05,5.509334863022634e-05,3.910858350776616e-05
circle,22,0.9,sampling_plus_direction_additive,1,0.038207829582193285,0.14157090783733275,0.6367971597032215,2.3595151306222126,0,0.0,4.757338689237572e-05,3.291127532520028e-05,5.509334863022634e-05,3.910858350776616e-05
circle,22,0.9,sampling_plus_direction_rss,1,0.03025409749313852,0.11099313292267976,0.5042349582189753,1.8498855487113295,0,0.0,4.757338689237572e-05,3.291127532520028e-05,5.509334863022634e-05,3.910858350776616e-05
circle,22,0.95,sampling_only,1,0.02948503149233571,0.04139131019561433,0.4914171915389285,0.6898551699269055,1,0.0,4.757338689237572e-05,3.291127532520028e-05,5.509334863022634e-05,3.910858350776616e-05
circle,22,0.95,sampling_plus_direction_additive,1,0.03964440332296621,0.14689382334654763,0.6607400553827703,2.4482303891091273,0,0.0,4.757338689237572e-05,3.291127532520028e-05,5.509334863022634e-05,3.910858350776616e-05
circle,22,0.95,sampling_plus_direction_rss,1,0.03139161936979812,0.1151663566285652,0.523193656163302,1.9194392771427533,0,0.0,4.757338689237572e-05,3.291127532520028e-05,5.509334863022634e-05,3.910858350776616e-05
circle,22,0.99,sampling_only,1,0.031838873605333384,0.044695651555260243,0.5306478934222231,0.7449275259210041,1,0.0,4.757338689237572e-05,3.291127532520028e-05,5.509334863022634e-05,3.910858350776616e-05
circle,22,0.99,sampling_plus_direction_additive,1,0.0428092860232109,0.15862061657117835,0.7134881003868484,2.6436769428529727,0,0.0,4.757338689237572e-05,3.291127532520028e-05,5.509334863022634e-05,3.910858350776616e-05
circle,22,0.99,sampling_plus_direction_rss,1,0.033897667758691026,0.12436029017763708,0.5649611293115171,2.072671502960618,0,0.0,4.757338689237572e-05,3.291127532520028e-05,5.509334863022634e-05,3.910858350776616e-05
circle,23,0.8,sampling_only,1,0.026806078666441843,0.04153564193648351,0.4467679777740307,0.6922606989413919,1,0.0,4.56904825277666e-05,3.460399315813938e-05,5.454015280704932e-05,4.028017672969515e-05
circle,23,0.8,sampling_plus_direction_additive,1,0.036496410796335546,0.08840421165255154,0.6082735132722591,1.4734035275425257,1,0.0,4.56904825277666e-05,3.460399315813938e-05,5.454015280704932e-05,4.028017672969515e-05
circle,23,0.8,sampling_plus_direction_rss,1,0.02871670398165589,0.06380914194140473,0.4786117330275982,1.0634856990234123,1,0.0,4.56904825277666e-05,3.460399315813938e-05,5.454015280704932e-05,4.028017672969515e-05
circle,23,0.9,sampling_only,1,0.027891872403325663,0.04321806406294476,0.4648645400554277,0.7203010677157461,1,0.0,4.56904825277666e-05,3.460399315813938e-05,5.454015280704932e-05,4.028017672969515e-05
circle,23,0.9,sampling_plus_direction_additive,1,0.037974716323768386,0.09198506883501811,0.6329119387294732,1.5330844805836352,1,0.0,4.56904825277666e-05,3.460399315813938e-05,5.454015280704932e-05,4.028017672969515e-05
circle,23,0.9,sampling_plus_direction_rss,1,0.02987988856061719,0.0663937634199145,0.49799814267695314,1.1065627236652418,1,0.0,4.56904825277666e-05,3.460399315813938e-05,5.454015280704932e-05,4.028017672969515e-05
circle,23,0.95,sampling_only,1,0.028940577129916066,0.044843017289515986,0.4823429521652678,0.7473836214919332,1,0.0,4.56904825277666e-05,3.460399315813938e-05,5.454015280704932e-05,4.028017672969515e-05
circle,23,0.95,sampling_plus_direction_additive,1,0.039402525254047194,0.09544360955498515,0.6567087542341199,1.5907268259164193,1,0.0,4.56904825277666e-05,3.460399315813938e-05,5.454015280704932e-05,4.028017672969515e-05
circle,23,0.95,sampling_plus_direction_rss,1,0.031003340579556494,0.06889009828434214,0.5167223429926082,1.1481683047390359,1,0.0,4.56904825277666e-05,3.460399315813938e-05,5.454015280704932e-05,4.028017672969515e-05
circle,23,0.99,sampling_only,1,0.03125095449005426,0.04842291451965404,0.5208492415009043,0.8070485753275674,1,0.0,4.56904825277666e-05,3.460399315813938e-05,5.454015280704932e-05,4.028017672969515e-05
circle,23,0.99,sampling_plus_direction_additive,1,0.042548098401070614,0.10306304138925093,0.7091349733511769,1.7177173564875157,1,0.0,4.56904825277666e-05,3.460399315813938e-05,5.454015280704932e-05,4.028017672969515e-05
circle,23,0.99,sampling_plus_direction_rss,1,0.033478391987208526,0.07438971643982502,0.5579731997868088,1.239828607330417,1,0.0,4.56904825277666e-05,3.460399315813938e-05,5.454015280704932e-05,4.028017672969515e-05
circle,24,0.8,sampling_only,1,0.027026530757795438,0.03804750873885923,0.45044217929659064,0.6341251456476539,1,0.0,4.647750252404773e-05,3.319146723608109e-05,5.389530078588284e-05,3.927586586764449e-05
circle,24,0.8,sampling_plus_direction_additive,1,0.03612912553312662,0.10622629626093272,0.602152092218777,1.7704382710155453,1,0.0,4.647750252404773e-05,3.319146723608109e-05,5.389530078588284e-05,3.927586586764449e-05
circle,24,0.8,sampling_plus_direction_rss,1,0.028704423030970507,0.07975973179468564,0.47840705051617516,1.3293288632447606,1,0.0,4.647750252404773e-05,3.319146723608109e-05,5.389530078588284e-05,3.927586586764449e-05
circle,24,0.9,sampling_only,1,0.028121254017831564,0.03958864227079964,0.46868756696385944,0.6598107045133274,1,0.0,4.647750252404773e-05,3.319146723608109e-05,5.389530078588284e-05,3.927586586764449e-05
circle,24,0.9,sampling_plus_direction_additive,1,0.037592553985721144,0.11052904596959781,0.6265425664286858,1.8421507661599636,1,0.0,4.647750252404773e-05,3.319146723608109e-05,5.389530078588284e-05,3.927586586764449e-05
circle,24,0.9,sampling_plus_direction_rss,1,0.029867110163830007,0.0829904399603906,0.4977851693971668,1.3831739993398433,1,0.0,4.647750252404773e-05,3.319146723608109e-05,5.389530078588284e-05,3.927586586764449e-05
circle,24,0.95,sampling_only,1,0.029178583249075036,0.041077133099537755,0.4863097208179173,0.684618884992296,1,0.0,4.647750252404773e-05,3.319146723608109e-05,5.389530078588284e-05,3.927586586764449e-05
circle,24,0.95,sampling_plus_direction_additive,1,0.03900599401869397,0.1146848204998163,0.6500999003115663,1.9114136749969386,1,0.0,4.647750252404773e-05,3.319146723608109e-05,5.389530078588284e-05,3.927586586764449e-05
circle,24,0.95,sampling_plus_direction_rss,1,0.030990081728645785,0.08611079220457701,0.5165013621440965,1.4351798700762837,1,0.0,4.647750252404773e-05,3.319146723608109e-05,5.389530078588284e-05,3.927586586764449e-05
circle,24,0.99,sampling_only,1,0.03150796105785012,0.0443563931469973,0.525132684297502,0.7392732191166217,1,0.0,4.647750252404773e-05,3.319146723608109e-05,5.389530078588284e-05,3.927586586764449e-05
circle,24,0.99,sampling_plus_direction_additive,1,0.042119911377215484,0.12384031216969014,0.7019985229535914,2.0640052028281692,0,0.0,4.647750252404773e-05,3.319146723608109e-05,5.389530078588284e-05,3.927586586764449e-05
circle,24,0.99,sampling_plus_direction_rss,1,0.0334640746588242,0.09298516875484161,0.55773457764707,1.5497528125806936,1,0.0,4.647750252404773e-05,3.319146723608109e-05,5.389530078588284e-05,3.927586586764449e-05
circle,25,0.8,sampling_only,1,0.02691425221675009,0.039124620993755174,0.4485708702791682,0.6520770165625862,1,0.0,4.5955102135482725e-05,3.406295431150604e-05,5.37514851285029e-05,3.988372987807674e-05
circle,25,0.8,sampling_plus_direction_additive,1,0.0367350964113179,0.12913914224309,0.6122516068552983,2.1523190373848333,0,0.0,4.5955102135482725e-05,3.406295431150604e-05,5.37514851285029e-05,3.988372987807674e-05
circle,25,0.8,sampling_plus_direction_rss,1,0.02898237505750021,0.10460161952061142,0.4830395842916702,1.7433603253435237,1,0.0,4.5955102135482725e-05,3.406295431150604e-05,5.37514851285029e-05,3.988372987807674e-05
circle,25,0.9,sampling_only,1,0.02800442757784992,0.04070938350085601,0.466740459630832,0.6784897250142669,1,0.0,4.5955102135482725e-05,3.406295431150604e-05,5.37514851285029e-05,3.988372987807674e-05
circle,25,0.9,sampling_plus_direction_additive,1,0.038223070019974284,0.13436998833508607,0.6370511669995714,2.2394998055847677,0,0.0,4.5955102135482725e-05,3.406295431150604e-05,5.37514851285029e-05,3.988372987807674e-05
circle,25,0.9,sampling_plus_direction_rss,1,0.03015632077738826,0.10883856087845234,0.5026053462898044,1.8139760146408723,1,0.0,4.5955102135482725e-05,3.406295431150604e-05,5.37514851285029e-05,3.988372987807674e-05
circle,25,0.95,sampling_only,1,0.02905736425924848,0.0422400130074229,0.484289404320808,0.7040002167903817,1,0.0,4.5955102135482725e-05,3.406295431150604e-05,5.37514851285029e-05,3.988372987807674e-05
circle,25,0.95,sampling_plus_direction_additive,1,0.03966021678499259,0.1394221569324908,0.6610036130832099,2.3237026155415133,0,0.0,4.5955102135482725e-05,3.406295431150604e-05,5.37514851285029e-05,3.988372987807674e-05
circle,25,0.95,sampling_plus_direction_rss,1,0.03129016635356595,0.11293077496784852,0.5215027725594324,1.8821795827974754,1,0.0,4.5955102135482725e-05,3.406295431150604e-05,5.37514851285029e-05,3.988372987807674e-05
circle,25,0.99,sampling_only,1,0.03137706494208179,0.04561210781072289,0.5229510823680299,0.7602017968453816,1,0.0,4.5955102135482725e-05,3.406295431150604e-05,5.37514851285029e-05,3.988372987807674e-05
circle,25,0.99,sampling_plus_direction_additive,1,0.042826361901825837,0.1505524738377983,0.713772698363764,2.5092078972966383,0,0.0,4.5955102135482725e-05,3.406295431150604e-05,5.37514851285029e-05,3.988372987807674e-05
circle,25,0.99,sampling_plus_direction_rss,1,0.03378811556908134,0.12194623808654599,0.563135259484689,2.032437301442433,0,0.0,4.5955102135482725e-05,3.406295431150604e-05,5.37514851285029e-05,3.988372987807674e-05
circle,26,0.8,sampling_only,1,0.02697460728578826,0.039005942716163686,0.449576788096471,0.6500990452693948,1,0.0,4.630046935355392e-05,3.357055264086917e-05,5.5676092850670315e-05,3.946976338926868e-05
circle,26,0.8,sampling_plus_direction_additive,1,0.03699708701146438,0.08067592692361299,0.6166181168577397,1.3445987820602165,1,0.0,4.630046935355392e-05,3.357055264086917e-05,5.5676092850670315e-05,3.946976338926868e-05
circle,26,0.8,sampling_plus_direction_rss,1,0.02900588310174811,0.060614091651189056,0.4834313850291352,1.010234860853151,1,0.0,4.630046935355392e-05,3.357055264086917e-05,5.5676092850670315e-05,3.946976338926868e-05
circle,26,0.9,sampling_only,1,0.02806722735940149,0.04058589809977151,0.46778712265669153,0.6764316349961919,1,0.0,4.630046935355392e-05,3.357055264086917e-05,5.5676092850670315e-05,3.946976338926868e-05
circle,26,0.9,sampling_plus_direction_additive,1,0.038495672681523006,0.08394374603512735,0.6415945446920501,1.3990624339187892,1,0.0,4.630046935355392e-05,3.357055264086917e-05,5.5676092850670315e-05,3.946976338926868e-05
circle,26,0.9,sampling_plus_direction_rss,1,0.03018078102682545,0.06306929600616826,0.5030130171137575,1.0511549334361376,1,0.0,4.630046935355392e-05,3.357055264086917e-05,5.5676092850670315e-05,3.946976338926868e-05
circle,26,0.95,sampling_only,1,0.029122525245770067,0.04211188468664087,0.48537542076283446,0.7018647447773478,1,0.0,4.630046935355392e-05,3.357055264086917e-05,5.5676092850670315e-05,3.946976338926868e-05
circle,26,0.95,sampling_plus_direction_additive,1,0.03994306901657782,0.08709994157344644,0.6657178169429637,1.451665692890774,1,0.0,4.630046935355392e-05,3.357055264086917e-05,5.5676092850670315e-05,3.946976338926868e-05
circle,26,0.95,sampling_plus_direction_rss,1,0.031315546282357304,0.06544063443293201,0.5219257713726217,1.0906772405488667,1,0.0,4.630046935355392e-05,3.357055264086917e-05,5.5676092850670315e-05,3.946976338926868e-05
circle,26,0.99,sampling_only,1,0.03144742784518396,0.04547375077991209,0.5241237974197327,0.7578958463318681,1,0.0,4.630046935355392e-05,3.357055264086917e-05,5.5676092850670315e-05,3.946976338926868e-05
circle,26,0.99,sampling_plus_direction_additive,1,0.04313179472636833,0.09405328366394101,0.7188632454394721,1.5675547277323503,1,0.0,4.630046935355392e-05,3.357055264086917e-05,5.5676092850670315e-05,3.946976338926868e-05
circle,26,0.99,sampling_plus_direction_rss,1,0.03381552162239047,0.07066487579993078,0.5635920270398411,1.1777479299988463,1,0.0,4.630046935355392e-05,3.357055264086917e-05,5.5676092850670315e-05,3.946976338926868e-05
circle,27,0.8,sampling_only,1,0.026958737005835804,0.037935648409708055,0.44931228343059676,0.6322608068284676,1,0.0,4.616789280840204e-05,3.400924350103432e-05,5.4711369356921504e-05,3.9782826129219016e-05
circle,27,0.8,sampling_plus_direction_additive,1,0.0377152742848603,0.20952085045710972,0.6285879047476717,3.492014174285162,0,0.0,4.616789280840204e-05,3.400924350103432e-05,5.4711369356921504e-05,3.9782826129219016e-05
circle,27,0.8,sampling_plus_direction_rss,1,0.02977422452966825,0.1801142617271762,0.4962370754944708,3.0019043621196038,0,0.0,4.616789280840204e-05,3.400924350103432e-05,5.4711369356921504e-05,3.9782826129219016e-05
circle,27,0.9,sampling_only,1,0.028050714245754876,0.03947225098259587,0.4675119040959146,0.6578708497099313,1,0.0,4.616789280840204e-05,3.400924350103432e-05,5.4711369356921504e-05,3.9782826129219016e-05
circle,27,0.9,sampling_plus_direction_additive,1,0.03924295049266845,0.21800759818338947,0.6540491748778076,3.633459969723158,0,0.0,4.616789280840204e-05,3.400924350103432e-05,5.4711369356921504e-05,3.9782826129219016e-05
circle,27,0.9,sampling_plus_direction_rss,1,0.03098024451182096,0.18740988074480033,0.5163374085303494,3.123498012413339,0,0.0,4.616789280840204e-05,3.400924350103432e-05,5.4711369356921504e-05,3.9782826129219016e-05
circle,27,0.95,sampling_only,1,0.029105391256619602,0.04095636562273294,0.48508985427699336,0.6826060937122157,1,0.0,4.616789280840204e-05,3.400924350103432e-05,5.4711369356921504e-05,3.9782826129219016e-05
circle,27,0.95,sampling_plus_direction_additive,1,0.0407184436783503,0.2262044519242047,0.678640727972505,3.7700741987367454,0,0.0,4.616789280840204e-05,3.400924350103432e-05,5.4711369356921504e-05,3.9782826129219016e-05
circle,27,0.95,sampling_plus_direction_rss,1,0.03214506874379325,0.19445629286460414,0.5357511457298875,3.240938214410069,0,0.0,4.616789280840204e-05,3.400924350103432e-05,5.4711369356921504e-05,3.9782826129219016e-05
circle,27,0.99,sampling_only,1,0.031428926019433534,0.04422598458933227,0.5238154336572256,0.737099743155538,1,0.0,4.616789280840204e-05,3.400924350103432e-05,5.4711369356921504e-05,3.9782826129219016e-05
circle,27,0.99,sampling_plus_direction_additive,1,0.043969068916133704,0.24426275263265593,0.7328178152688951,4.071045877210932,0,0.0,4.616789280840204e-05,3.400924350103432e-05,5.4711369356921504e-05,3.9782826129219016e-05
circle,27,0.99,sampling_plus_direction_rss,1,0.0347112663262518,0.20998008199133764,0.57852110543753,3.4996680331889607,0,0.0,4.616789280840204e-05,3.400924350103432e-05,5.4711369356921504e-05,3.9782826129219016e-05
circle,28,0.8,sampling_only,1,0.0268981881215547,0.03888215007854075,0.44830313535924504,0.6480358346423458,1,0.0,4.611332271721337e-05,3.3216633627581544e-05,5.470609981662948e-05,3.9229265078925613e-05
circle,28,0.8,sampling_plus_direction_additive,1,0.03629275579337461,0.0825244136311591,0.6048792632229102,1.3754068938526518,1,0.0,4.611332271721337e-05,3.3216633627581544e-05,5.470609981662948e-05,3.9229265078925613e-05
circle,28,0.8,sampling_plus_direction_rss,1,0.028708163165221436,0.059978174341624835,0.47846938608702394,0.9996362390270807,1,0.0,4.611332271721337e-05,3.3216633627581544e-05,5.470609981662948e-05,3.9229265078925613e-05
circle,28,0.9,sampling_only,1,0.027987712798376207,0.0404570911789229,0.4664618799729368,0.6742848529820483,1,0.0,4.611332271721337e-05,3.3216633627581544e-05,5.470609981662948e-05,3.9229265078925613e-05
circle,28,0.9,sampling_plus_direction_additive,1,0.03776281217219262,0.08586710662910577,0.6293802028698771,1.4311184438184295,1,0.0,4.611332271721337e-05,3.3216633627581544e-05,5.470609981662948e-05,3.9229265078925613e-05
circle,28,0.9,sampling_plus_direction_rss,1,0.029871001794105227,0.062407620545234986,0.4978500299017538,1.0401270090872499,1,0.0,4.611332271721337e-05,3.3216633627581544e-05,5.470609981662948e-05,3.9229265078925613e-05
circle,28,0.95,sampling_only,1,0.02904002102185038,0.04197823476261348,0.484000350364173,0.699637246043558,1,0.0,4.611332271721337e-05,3.3216633627581544e-05,5.470609981662948e-05,3.9229265078925613e-05
circle,28,0.95,sampling_plus_direction_additive,1,0.039182653731829255,0.08909561847938399,0.653044228863821,1.4849269746564,1,0.0,4.611332271721337e-05,3.3216633627581544e-05,5.470609981662948e-05,3.9229265078925613e-05
circle,28,0.95,sampling_plus_direction_rss,1,0.030994119680078824,0.06475408067866241,0.5165686613346471,1.079234677977707,1,0.0,4.611332271721337e-05,3.3216633627581544e-05,5.470609981662948e-05,3.9229265078925613e-05
circle,28,0.99,sampling_only,1,0.031358337163426744,0.04532943134652174,0.5226389527237791,0.755490522442029,1,0.0,4.611332271721337e-05,3.3216633627581544e-05,5.470609981662948e-05,3.9229265078925613e-05
circle,28,0.99,sampling_plus_direction_additive,1,0.04231067414710198,0.0962082789801829,0.7051779024516998,1.6034713163363818,1,0.0,4.611332271721337e-05,3.3216633627581544e-05,5.470609981662948e-05,3.9229265078925613e-05
circle,28,0.99,sampling_plus_direction_rss,1,0.033468434967048204,0.06992351324750687,0.5578072494508034,1.165391887458448,1,0.0,4.611332271721337e-05,3.3216633627581544e-05,5.470609981662948e-05,3.9229265078925613e-05
circle,29,0.8,sampling_only,1,0.026804259601703538,0.04028688771743675,0.4467376600283923,0.6714481286239459,1,0.0,4.574146954812085e-05,3.354878579667512e-05,5.3787679256255645e-05,3.94684068165769e-05
circle,29,0.8,sampling_plus_direction_additive,1,0.035876081329963824,0.07838258151101912,0.5979346888327304,1.3063763585169854,1,0.0,4.574146954812085e-05,3.354878579667512e-05,5.3787679256255645e-05,3.94684068165769e-05
circle,29,0.8,sampling_plus_direction_rss,1,0.028417279274255795,0.055945111678300595,0.4736213212375966,0.9324185279716766,1,0.0,4.574146954812085e-05,3.354878579667512e-05,5.3787679256255645e-05,3.94684068165769e-05
circle,29,0.9,sampling_only,1,0.027889979656452634,0.041918728424406554,0.4648329942742106,0.6986454737401092,1,0.0,4.574146954812085e-05,3.354878579667512e-05,5.3787679256255645e-05,3.94684068165769e-05
circle,29,0.9,sampling_plus_direction_additive,1,0.037329260099478345,0.08155750750987456,0.6221543349913058,1.3592917918312428,1,0.0,4.574146954812085e-05,3.354878579667512e-05,5.3787679256255645e-05,3.94684068165769e-05
circle,29,0.9,sampling_plus_direction_rss,1,0.029568335504419466,0.05821119664452919,0.49280559174032446,0.9701866107421532,1,0.0,4.574146954812085e-05,3.354878579667512e-05,5.3787679256255645e-05,3.94684068165769e-05
circle,29,0.95,sampling_only,1,0.02893861321777441,0.043494828013407,0.4823102202962402,0.72491380022345,1,0.0,4.574146954812085e-05,3.354878579667512e-05,5.3787679256255645e-05,3.94684068165769e-05
circle,29,0.95,sampling_plus_direction_additive,1,0.03873280056246202,0.0846239830185012,0.6455466760410337,1.41039971697502,1,0.0,4.574146954812085e-05,3.354878579667512e-05,5.3787679256255645e-05,3.94684068165769e-05
circle,29,0.95,sampling_plus_direction_rss,1,0.03068007345992503,0.06039987570410792,0.5113345576654172,1.0066645950684654,1,0.0,4.574146954812085e-05,3.354878579667512e-05,5.3787679256255645e-05,3.94684068165769e-05
circle,29,0.99,sampling_only,1,0.031248833795339503,0.046967096913718705,0.5208138965889917,0.7827849485619784,1,0.0,4.574146954812085e-05,3.354878579667512e-05,5.3787679256255645e-05,3.94684068165769e-05
circle,29,0.99,sampling_plus_direction_additive,1,0.041824908405113034,0.0913796649668256,0.6970818067518839,1.52299441611376,1,0.0,4.574146954812085e-05,3.354878579667512e-05,5.3787679256255645e-05,3.94684068165769e-05
circle,29,0.99,sampling_plus_direction_rss,1,0.03312931788276398,0.06522170440349766,0.5521552980460663,1.087028406724961,1,0.0,4.574146954812085e-05,3.354878579667512e-05,5.3787679256255645e-05,3.94684068165769e-05
circle,30,0.8,sampling_only,1,0.026612720115484458,0.03895795418497892,0.4435453352580743,0.6492992364163153,1,0.0,4.4951234989590216e-05,3.463736383131058e-05,5.271645208112691e-05,4.033661919377692e-05
circle,30,0.8,sampling_plus_direction_additive,1,0.035514428011916704,0.09565745813015142,0.5919071335319451,1.594290968835857,1,0.0,4.4951234989590216e-05,3.463736383131058e-05,5.271645208112691e-05,4.033661919377692e-05
circle,30,0.8,sampling_plus_direction_rss,1,0.02817796699696333,0.07327175609016814,0.4696327832827222,1.2211959348361359,1,0.0,4.4951234989590216e-05,3.463736383131058e-05,5.271645208112691e-05,4.033661919377692e-05
circle,30,0.9,sampling_only,1,0.027690681766735212,0.04053596576892656,0.4615113627789202,0.6755994294821094,1,0.0,4.4951234989590216e-05,3.463736383131058e-05,5.271645208112691e-05,4.033661919377692e-05
circle,30,0.9,sampling_plus_direction_additive,1,0.036952957831372354,0.09953211171959907,0.6158826305228726,1.6588685286599845,1,0.0,4.4951234989590216e-05,3.463736383131058e-05,5.271645208112691e-05,4.033661919377692e-05
circle,30,0.9,sampling_plus_direction_rss,1,0.029319329762630502,0.07623966552754442,0.48865549604384173,1.2706610921257404,1,0.0,4.4951234989590216e-05,3.463736383131058e-05,5.271645208112691e-05,4.033661919377692e-05
circle,30,0.95,sampling_only,1,0.028731821939448152,0.042060074953282046,0.47886369899080256,0.7010012492213674,1,0.0,4.4951234989590216e-05,3.463736383131058e-05,5.271645208112691e-05,4.033661919377692e-05
circle,30,0.95,sampling_plus_direction_additive,1,0.038342349729444974,0.10327441322229136,0.6390391621574163,1.7212402203715227,1,0.0,4.4951234989590216e-05,3.463736383131058e-05,5.271645208112691e-05,4.033661919377692e-05
circle,30,0.95,sampling_plus_direction_rss,1,0.0304217053671764,0.0791061958355948,0.5070284227862734,1.3184365972599135,1,0.0,4.4951234989590216e-05,3.463736383131058e-05,5.271645208112691e-05,4.033661919377692e-05
circle,30,0.99,sampling_only,1,0.03102553400422256,0.0454178049840812,0.5170922334037094,0.7569634164013533,1,0.0,4.4951234989590216e-05,3.463736383131058e-05,5.271645208112691e-05,4.033661919377692e-05
circle,30,0.99,sampling_plus_direction_additive,1,0.04140328719284612,0.11151899193678053,0.6900547865474354,1.8586498656130088,1,0.0,4.4951234989590216e-05,3.463736383131058e-05,5.271645208112691e-05,4.033661919377692e-05
circle,30,0.99,sampling_plus_direction_rss,1,0.032850323809082455,0.08542138309273802,0.5475053968180409,1.4236897182123003,1,0.0,4.4951234989590216e-05,3.463736383131058e-05,5.271645208112691e-05,4.033661919377692e-05
circle,31,0.8,sampling_only,1,0.026670732313065347,0.035664501180431345,0.4445122052177558,0.5944083530071891,1,0.0,4.512551049967198e-05,3.4439882692805384e-05,5.2940958996048837e-05,4.0152262821387786e-05
circle,31,0.8,sampling_plus_direction_additive,1,0.037028840171633944,0.12191043653266735,0.617147336193899,2.0318406088777894,0,0.0,4.512551049967198e-05,3.4439882692805384e-05,5.2940958996048837e-05,4.0152262821387786e-05
circle,31,0.8,sampling_plus_direction_rss,1,0.029117668636544074,0.0990042881384048,0.4852944772757346,1.6500714689734133,1,0.0,4.512551049967198e-05,3.4439882692805384e-05,5.2940958996048837e-05,4.0152262821387786e-05
circle,31,0.9,sampling_only,1,0.02775104377763941,0.037109109789271864,0.4625173962939902,0.6184851631545311,1,0.0,4.512551049967198e-05,3.4439882692805384e-05,5.2940958996048837e-05,4.0152262821387786e-05
circle,31,0.9,sampling_plus_direction_additive,1,0.03852871201946095,0.12684848025383477,0.6421452003243493,2.114141337563913,0,0.0,4.512551049967198e-05,3.4439882692805384e-05,5.2940958996048837e-05,4.0152262821387786e-05
circle,31,0.9,sampling_plus_direction_rss,1,0.030297094491090918,0.10301450676541707,0.5049515748515153,1.7169084460902846,1,0.0,4.512551049967198e-05,3.4439882692805384e-05,5.2940958996048837e-05,4.0152262821387786e-05
circle,31,0.95,sampling_only,1,0.02879445349773972,0.038504372834822415,0.479907558295662,0.6417395472470403,1,0.0,4.512551049967198e-05,3.4439882692805384e-05,5.2940958996048837e-05,4.0152262821387786e-05
circle,31,0.95,sampling_plus_direction_additive,1,0.03997735059846977,0.1316178481499515,0.6662891766411628,2.1936308024991917,0,0.0,4.512551049967198e-05,3.4439882692805384e-05,5.2940958996048837e-05,4.0152262821387786e-05
circle,31,0.95,sampling_plus_direction_rss,1,0.031436233009126534,0.10688774261671082,0.5239372168187756,1.7814623769451803,1,0.0,4.512551049967198e-05,3.4439882692805384e-05,5.2940958996048837e-05,4.0152262821387786e-05
circle,31,0.99,sampling_only,1,0.031093165550373992,0.041578244888739936,0.5182194258395666,0.6929707481456656,1,0.0,4.512551049967198e-05,3.4439882692805384e-05,5.2940958996048837e-05,4.0152262821387786e-05
circle,31,0.99,sampling_plus_direction_additive,1,0.04316881306745888,0.1421251333084571,0.7194802177909814,2.3687522218076187,0,0.0,4.512551049967198e-05,3.4439882692805384e-05,5.2940958996048837e-05,4.0152262821387786e-05
circle,31,0.99,sampling_plus_direction_rss,1,0.03394584298360204,0.11542077979524903,0.5657640497267007,1.9236796632541506,1,0.0,4.512551049967198e-05,3.4439882692805384e-05,5.2940958996048837e-05,4.0152262821387786e-05
circle,32,0.8,sampling_only,1,0.027004576264809146,0.039301341632901846,0.45007627108015247,0.6550223605483642,1,0.0,4.6326660536314586e-05,3.422456320424735e-05,5.516555520554155e-05,3.9937236332185064e-05
circle,32,0.8,sampling_plus_direction_additive,1,0.036502907342800206,0.15602677951275062,0.6083817890466702,2.6004463252125105,0,0.0,4.6326660536314586e-05,3.422456320424735e-05,5.516555520554155e-05,3.9937236332185064e-05
circle,32,0.8,sampling_plus_direction_rss,1,0.02879825999454994,0.12662586749667887,0.47997099990916564,2.1104311249446477,0,0.0,4.6326660536314586e-05,3.422456320424735e-05,5.516555520554155e-05,3.9937236332185064e-05
circle,32,0.9,sampling_only,1,0.02809841024703342,0.040893262298626,0.468306837450557,0.6815543716437666,1,0.0,4.6326660536314586e-05,3.422456320424735e-05,5.516555520554155e-05,3.9937236332185064e-05
circle,32,0.9,sampling_plus_direction_additive,1,0.037981476016124324,0.16234672291399055,0.6330246002687387,2.705778715233176,0,0.0,4.6326660536314586e-05,3.422456320424735e-05,5.516555520554155e-05,3.9937236332185064e-05
circle,32,0.9,sampling_plus_direction_rss,1,0.029964748040948886,0.13175491212742138,0.4994124673491481,2.1959152021236896,0,0.0,4.6326660536314586e-05,3.422456320424735e-05,5.516555520554155e-05,3.9937236332185064e-05
circle,32,0.95,sampling_only,1,0.02915488057679969,0.042430805452349764,0.48591467627999485,0.7071800908724961,1,0.0,4.6326660536314586e-05,3.422456320424735e-05,5.516555520554155e-05,3.9937236332185064e-05
circle,32,0.95,sampling_plus_direction_additive,1,0.03940953910364369,0.16845078696549767,0.6568256517273949,2.807513116091628,0,0.0,4.6326660536314586e-05,3.422456320424735e-05,5.516555520554155e-05,3.9937236332185064e-05
circle,32,0.95,sampling_plus_direction_rss,1,0.031091390686061756,0.1367087566417486,0.5181898447676959,2.278479277362477,0,0.0,4.6326660536314586e-05,3.422456320424735e-05,5.516555520554155e-05,3.9937236332185064e-05
circle,32,0.99,sampling_only,1,0.03148236615940548,0.045818131553327944,0.524706102656758,0.7636355258887991,1,0.0,4.6326660536314586e-05,3.422456320424735e-05,5.516555520554155e-05,3.9937236332185064e-05
circle,32,0.99,sampling_plus_direction_additive,1,0.04255567217866172,0.18189851064963403,0.7092612029776953,3.0316418441605673,0,0.0,4.6326660536314586e-05,3.422456320424735e-05,5.516555520554155e-05,3.9937236332185064e-05
circle,32,0.99,sampling_plus_direction_rss,1,0.03357347128914808,0.1476224580119691,0.5595578548191347,2.460374300199485,0,0.0,4.6326660536314586e-05,3.422456320424735e-05,5.516555520554155e-05,3.9937236332185064e-05
circle,33,0.8,sampling_only,1,0.026788081527585328,0.0411456715081165,0.4464680254597555,0.6857611918019417,1,0.0,4.5869083714899376e-05,3.306620398339157e-05,5.286556223953169e-05,3.896240475199873e-05
circle,33,0.8,sampling_plus_direction_additive,1,0.03594936021551766,0.10372707784696654,0.599156003591961,1.7287846307827757,1,0.0,4.5869083714899376e-05,3.306620398339157e-05,5.286556223953169e-05,3.896240475199873e-05
circle,33,0.8,sampling_plus_direction_rss,1,0.028564341207799628,0.0822456802214718,0.47607235346332716,1.37076133702453,1,0.0,4.5869083714899376e-05,3.306620398339157e-05,5.286556223953169e-05,3.896240475199873e-05
circle,33,0.9,sampling_only,1,0.02787314628128234,0.042812297685682746,0.46455243802137236,0.7135382947613791,1,0.0,4.5869083714899376e-05,3.306620398339157e-05,5.286556223953169e-05,3.896240475199873e-05
circle,33,0.9,sampling_plus_direction_additive,1,0.03740550718325208,0.10792859545321352,0.623425119720868,1.7988099242202256,1,0.0,4.5869083714899376e-05,3.306620398339157e-05,5.286556223953169e-05,3.896240475199873e-05
circle,33,0.9,sampling_plus_direction_rss,1,0.029721354255756855,0.085577082982071,0.4953559042626143,1.4262847163678503,1,0.0,4.5869083714899376e-05,3.306620398339157e-05,5.286556223953169e-05,3.896240475199873e-05
circle,33,0.95,sampling_only,1,0.02892114692560771,0.044421994528187216,0.4820191154267952,0.7403665754697869,1,0.0,4.5869083714899376e-05,3.306620398339157e-05,5.286556223953169e-05,3.896240475199873e-05
circle,33,0.95,sampling_plus_direction_additive,1,0.03881191445546197,0.11198659581078553,0.6468652409243661,1.8664432635130923,1,0.0,4.5869083714899376e-05,3.306620398339157e-05,5.286556223953169e-05,3.896240475199873e-05
circle,33,0.95,sampling_plus_direction_rss,1,0.030838845553507223,0.08879469025179364,0.5139807592251204,1.4799115041965607,1,0.0,4.5869083714899376e-05,3.306620398339157e-05,5.286556223953169e-05,3.896240475199873e-05
circle,33,0.99,sampling_only,1,0.031229973138236458,0.04796828076807064,0.520499552303941,0.7994713461345107,1,0.0,4.5869083714899376e-05,3.306620398339157e-05,5.286556223953169e-05,3.896240475199873e-05
circle,33,0.99,sampling_plus_direction_additive,1,0.04191033809984834,0.12092668344064599,0.6985056349974724,2.0154447240107665,0,0.0,4.5869083714899376e-05,3.306620398339157e-05,5.286556223953169e-05,3.896240475199873e-05
circle,33,0.99,sampling_plus_direction_rss,1,0.03330076503285204,0.09588332712096524,0.555012750547534,1.5980554520160875,1,0.0,4.5869083714899376e-05,3.306620398339157e-05,5.286556223953169e-05,3.896240475199873e-05
circle,34,0.8,sampling_only,1,0.02681252913946914,0.03795755722050469,0.446875485657819,0.6326259536750781,1,0.0,4.569651291818623e-05,3.369607764949144e-05,5.2696488730837516e-05,3.952621693453545e-05
circle,34,0.8,sampling_plus_direction_additive,1,0.036116309800628,0.0963841277582259,0.6019384966771334,1.6064021293037651,1,0.0,4.569651291818623e-05,3.369607764949144e-05,5.2696488730837516e-05,3.952621693453545e-05
circle,34,0.8,sampling_plus_direction_rss,1,0.02862674250818849,0.07132008447739323,0.47711237513647486,1.1886680746232205,1,0.0,4.569651291818623e-05,3.369607764949144e-05,5.2696488730837516e-05,3.952621693453545e-05
circle,34,0.9,sampling_only,1,0.027898584156016436,0.039495047220824225,0.46497640260027395,0.6582507870137371,1,0.0,4.569651291818623e-05,3.369607764949144e-05,5.2696488730837516e-05,3.952621693453545e-05
circle,34,0.9,sampling_plus_direction_additive,1,0.037579219145513654,0.10028821546747768,0.6263203190918942,1.6714702577912948,1,0.0,4.569651291818623e-05,3.369607764949144e-05,5.2696488730837516e-05,3.952621693453545e-05
circle,34,0.9,sampling_plus_direction_rss,1,0.02978628315229206,0.07420894047170631,0.49643805253820106,1.2368156745284387,1,0.0,4.569651291818623e-05,3.369607764949144e-05,5.2696488730837516e-05,3.952621693453545e-05
circle,34,0.95,sampling_only,1,0.02894754123736698,0.04098001897526445,0.482459020622783,0.6830003162544076,1,0.0,4.569651291818623e-05,3.369607764949144e-05,5.2696488730837516e-05,3.952621693453545e-05
circle,34,0.95,sampling_plus_direction_additive,1,0.038992157802682385,0.10405894566662774,0.6498692967113732,1.7343157611104625,1,0.0,4.569651291818623e-05,3.369607764949144e-05,5.2696488730837516e-05,3.952621693453545e-05
circle,34,0.95,sampling_plus_direction_rss,1,0.030906215707470545,0.0769991176782629,0.5151035951245091,1.2833186279710482,1,0.0,4.569651291818623e-05,3.369607764949144e-05,5.2696488730837516e-05,3.952621693453545e-05
circle,34,0.99,sampling_only,1,0.03125847455449649,0.04425152623075086,0.5209745759082749,0.7375254371791811,1,0.0,4.569651291818623e-05,3.369607764949144e-05,5.2696488730837516e-05,3.952621693453545e-05
circle,34,0.99,sampling_plus_direction_additive,1,0.04210497059165508,0.11236615499105783,0.701749509860918,1.8727692498509638,1,0.0,4.569651291818623e-05,3.369607764949144e-05,5.2696488730837516e-05,3.952621693453545e-05
circle,34,0.99,sampling_plus_direction_rss,1,0.033373513465132586,0.08314609316654994,0.5562252244188765,1.3857682194424992,1,0.0,4.569651291818623e-05,3.369607764949144e-05,5.2696488730837516e-05,3.952621693453545e-05
circle,35,0.8,sampling_only,1,0.026734294500629942,0.036993207346377545,0.44557157501049904,0.6165534557729591,1,0.0,4.5387413910429664e-05,3.37708131518445e-05,5.366977740270801e-05,3.9680562069765954e-05
circle,35,0.8,sampling_plus_direction_additive,1,0.03626933741611996,0.07446952382593888,0.6044889569353327,1.2411587304323148,1,0.0,4.5387413910429664e-05,3.37708131518445e-05,5.366977740270801e-05,3.9680562069765954e-05
circle,35,0.8,sampling_plus_direction_rss,1,0.028574040174048302,0.053539356243754936,0.47623400290080503,0.8923226040625823,1,0.0,4.5387413910429664e-05,3.37708131518445e-05,5.366977740270801e-05,3.9680562069765954e-05
circle,35,0.9,sampling_only,1,0.027817180583670918,0.03849163586864499,0.4636196763945153,0.6415272644774166,1,0.0,4.5387413910429664e-05,3.37708131518445e-05,5.366977740270801e-05,3.9680562069765954e-05
circle,35,0.9,sampling_plus_direction_additive,1,0.037738445221755464,0.07748594944958487,0.6289740870292577,1.2914324908264145,1,0.0,4.5387413910429664e-05,3.37708131518445e-05,5.366977740270801e-05,3.9680562069765954e-05
circle,35,0.9,sampling_plus_direction_rss,1,0.02973144608352542,0.05570799487268788,0.49552410139209035,0.9284665812114646,1,0.0,4.5387413910429664e-05,3.37708131518445e-05,5.366977740270801e-05,3.9680562069765954e-05
circle,35,0.95,sampling_only,1,0.028863076977311244,0.03993888042383059,0.4810512829551874,0.6656480070638432,1,0.0,4.5387413910429664e-05,3.37708131518445e-05,5.366977740270801e-05,3.9680562069765954e-05
circle,35,0.95,sampling_plus_direction_additive,1,0.03915737060998106,0.0803993387071105,0.6526228434996844,1.3399889784518417,1,0.0,4.5387413910429664e-05,3.37708131518445e-05,5.366977740270801e-05,3.9680562069765954e-05
circle,35,0.95,sampling_plus_direction_rss,1,0.030849316823262602,0.05780255620894638,0.5141552803877101,0.963375936815773,1,0.0,4.5387413910429664e-05,3.37708131518445e-05,5.366977740270801e-05,3.9680562069765954e-05
circle,35,0.99,sampling_only,1,0.031167267363458498,0.043127271750868106,0.5194544560576416,0.7187878625144685,1,0.0,4.5387413910429664e-05,3.37708131518445e-05,5.366977740270801e-05,3.9680562069765954e-05
circle,35,0.99,sampling_plus_direction_additive,1,0.042283372629005174,0.08681775984242975,0.7047228771500863,1.4469626640404958,1,0.0,4.5387413910429664e-05,3.37708131518445e-05,5.366977740270801e-05,3.9680562069765954e-05
circle,35,0.99,sampling_plus_direction_rss,1,0.03331207224255658,0.06241703630807397,0.5552012040426096,1.0402839384678995,1,0.0,4.5387413910429664e-05,3.37708131518445e-05,5.366977740270801e-05,3.9680562069765954e-05
circle,36,0.8,sampling_only,1,0.026935768047821294,0.04062607351741294,0.4489294674636883,0.6771012252902157,1,0.0,4.621533569093622e-05,3.335577077012595e-05,5.3585001419207155e-05,3.945815960282551e-05
circle,36,0.8,sampling_plus_direction_additive,1,0.03583236974612675,0.05964657948115997,0.5972061624354459,0.9941096580193329,1,0.0,4.621533569093622e-05,3.335577077012595e-05,5.3585001419207155e-05,3.945815960282551e-05
circle,36,0.8,sampling_plus_direction_rss,1,0.028452221198122202,0.044069651044888296,0.47420368663537005,0.7344941840814716,1,0.0,4.621533569093622e-05,3.335577077012595e-05,5.3585001419207155e-05,3.945815960282551e-05
circle,36,0.9,sampling_only,1,0.028026814918510865,0.042271653116289935,0.4671135819751811,0.7045275519381656,1,0.0,4.621533569093622e-05,3.335577077012595e-05,5.3585001419207155e-05,3.945815960282551e-05
circle,36,0.9,sampling_plus_direction_additive,1,0.03728377795589063,0.06206259426769656,0.6213962992648439,1.034376571128276,1,0.0,4.621533569093622e-05,3.335577077012595e-05,5.3585001419207155e-05,3.945815960282551e-05
circle,36,0.9,sampling_plus_direction_rss,1,0.029604692768536153,0.04585471448839369,0.49341154614226923,0.7642452414732283,1,0.0,4.621533569093622e-05,3.335577077012595e-05,5.3585001419207155e-05,3.945815960282551e-05
circle,36,0.95,sampling_only,1,0.029080593340099086,0.04386102229820823,0.48467655566831813,0.7310170383034705,1,0.0,4.621533569093622e-05,3.335577077012595e-05,5.3585001419207155e-05,3.945815960282551e-05
circle,36,0.95,sampling_plus_direction_additive,1,0.03868560833866648,0.06439608178018193,0.6447601389777747,1.0732680296696988,1,0.0,4.621533569093622e-05,3.335577077012595e-05,5.3585001419207155e-05,3.945815960282551e-05
circle,36,0.95,sampling_plus_direction_rss,1,0.030717797718489908,0.04757880296567706,0.5119632953081652,0.7929800494279511,1,0.0,4.621533569093622e-05,3.335577077012595e-05,5.3585001419207155e-05,3.945815960282551e-05
circle,36,0.99,sampling_only,1,0.03140214844146223,0.04736252513470644,0.5233691406910372,0.7893754189117741,1,0.0,4.621533569093622e-05,3.335577077012595e-05,5.3585001419207155e-05,3.945815960282551e-05
circle,36,0.99,sampling_plus_direction_additive,1,0.041773948742785005,0.06953693466499691,0.6962324790464168,1.158948911083282,1,0.0,4.621533569093622e-05,3.335577077012595e-05,5.3585001419207155e-05,3.945815960282551e-05
circle,36,0.99,sampling_plus_direction_rss,1,0.0331700537354835,0.05137710279573628,0.552834228924725,0.8562850465956048,1,0.0,4.621533569093622e-05,3.335577077012595e-05,5.3585001419207155e-05,3.945815960282551e-05
circle,37,0.8,sampling_only,1,0.026646437200137617,0.03954518928077991,0.4441072866689603,0.6590864880129985,1,0.0,4.505071800254453e-05,3.461059703977618e-05,5.26355544306624e-05,4.0243409897327405e-05
circle,37,0.8,sampling_plus_direction_additive,1,0.036983564219250566,0.18646483961547075,0.6163927369875094,3.1077473269245126,0,0.0,4.505071800254453e-05,3.461059703977618e-05,5.26355544306624e-05,4.0243409897327405e-05
circle,37,0.8,sampling_plus_direction_rss,1,0.02915242034451965,0.15688393741941117,0.48587367240866086,2.6147322903235195,0,0.0,4.505071800254453e-05,3.461059703977618e-05,5.26355544306624e-05,4.0243409897327405e-05
circle,37,0.9,sampling_only,1,0.02772576457890853,0.04114698711847369,0.46209607631514216,0.6857831186412282,1,0.0,4.505071800254453e-05,3.461059703977618e-05,5.26355544306624e-05,4.0243409897327405e-05
circle,37,0.9,sampling_plus_direction_additive,1,0.03848160214178992,0.1940176919935765,0.6413600356964987,3.2336281998929417,0,0.0,4.505071800254453e-05,3.461059703977618e-05,5.26355544306624e-05,4.0243409897327405e-05
circle,37,0.9,sampling_plus_direction_rss,1,0.03033325383452618,0.16323860043399527,0.5055542305754364,2.7206433405665877,0,0.0,4.505071800254453e-05,3.461059703977618e-05,5.26355544306624e-05,4.0243409897327405e-05
circle,37,0.95,sampling_only,1,0.028768223828032555,0.04269407005547123,0.4794703971338759,0.7115678342578539,1,0.0,4.505071800254453e-05,3.461059703977618e-05,5.26355544306624e-05,4.0243409897327405e-05
circle,37,0.95,sampling_plus_direction_additive,1,0.039928469439521226,0.20131255078590207,0.6654744906586871,3.3552091797650347,0,0.0,4.505071800254453e-05,3.461059703977618e-05,5.26355544306624e-05,4.0243409897327405e-05
circle,37,0.95,sampling_plus_direction_rss,1,0.03147375190540295,0.16937619813133456,0.5245625317567159,2.8229366355222427,0,0.0,4.505071800254453e-05,3.461059703977618e-05,5.26355544306624e-05,4.0243409897327405e-05
circle,37,0.99,sampling_only,1,0.031064841919831727,0.04610241303444902,0.5177473653305288,0.7683735505741504,1,0.0,4.505071800254453e-05,3.461059703977618e-05,5.26355544306624e-05,4.0243409897327405e-05
circle,37,0.99,sampling_plus_direction_additive,1,0.04311602963930315,0.2173836870856213,0.7186004939883859,3.623061451427022,0,0.0,4.505071800254453e-05,3.461059703977618e-05,5.26355544306624e-05,4.0243409897327405e-05
circle,37,0.99,sampling_plus_direction_rss,1,0.03398635707959907,0.18289779902243783,0.5664392846599846,3.048296650373964,0,0.0,4.505071800254453e-05,3.461059703977618e-05,5.26355544306624e-05,4.0243409897327405e-05
circle,38,0.8,sampling_only,1,0.026435510186148908,0.04154263685404748,0.4405918364358151,0.6923772809007913,1,0.0,4.448449152725597e-05,3.421192310390204e-05,5.1761049458609986e-05,3.988155456535475e-05
circle,38,0.8,sampling_plus_direction_additive,1,0.03568851837081859,0.08503715274403226,0.5948086395136432,1.4172858790672043,1,0.0,4.448449152725597e-05,3.421192310390204e-05,5.1761049458609986e-05,3.988155456535475e-05
circle,38,0.8,sampling_plus_direction_rss,1,0.028215557528531186,0.06335087427041047,0.4702592921421865,1.0558479045068412,1,0.0,4.448449152725597e-05,3.421192310390204e-05,5.1761049458609986e-05,3.988155456535475e-05
circle,38,0.9,sampling_only,1,0.02750629385983045,0.04322534231317277,0.4584382309971742,0.7204223718862129,1,0.0,4.448449152725597e-05,3.421192310390204e-05,5.1761049458609986e-05,3.988155456535475e-05
circle,38,0.9,sampling_plus_direction_additive,1,0.03713409980806958,0.08848162550712585,0.6189016634678264,1.4746937584520976,1,0.0,4.448449152725597e-05,3.421192310390204e-05,5.1761049458609986e-05,3.988155456535475e-05
circle,38,0.9,sampling_plus_direction_rss,1,0.029358442917639494,0.06591693338576472,0.48930738196065826,1.098615556429412,1,0.0,4.448449152725597e-05,3.421192310390204e-05,5.1761049458609986e-05,3.988155456535475e-05
circle,38,0.95,sampling_only,1,0.028540501243424717,0.044850569194208816,0.4756750207237453,0.7475094865701469,1,0.0,4.448449152725597e-05,3.421192310390204e-05,5.1761049458609986e-05,3.988155456535475e-05
circle,38,0.95,sampling_plus_direction_additive,1,0.03853030245173859,0.09180844048547994,0.6421717075289766,1.530140674757999,1,0.0,4.448449152725597e-05,3.421192310390204e-05,5.1761049458609986e-05,3.988155456535475e-05
circle,38,0.95,sampling_plus_direction_rss,1,0.03046228913519898,0.06839533994823536,0.507704818919983,1.1399223324705894,1,0.0,4.448449152725597e-05,3.421192310390204e-05,5.1761049458609986e-05,3.988155456535475e-05
circle,38,0.99,sampling_only,1,0.030818939839303387,0.04843106930622963,0.5136489973217231,0.8071844884371606,1,0.0,4.448449152725597e-05,3.421192310390204e-05,5.1761049458609986e-05,3.988155456535475e-05
circle,38,0.99,sampling_plus_direction_additive,1,0.04160624451274724,0.09913767035588171,0.6934374085457874,1.6522945059313618,1,0.0,4.448449152725597e-05,3.421192310390204e-05,5.1761049458609986e-05,3.988155456535475e-05
circle,38,0.99,sampling_plus_direction_rss,1,0.03289414745094749,0.07385546067236608,0.5482357908491249,1.2309243445394347,1,0.0,4.448449152725597e-05,3.421192310390204e-05,5.1761049458609986e-05,3.988155456535475e-05
circle,39,0.8,sampling_only,1,0.02697634840176231,0.03890742440111189,0.44960580669603856,0.6484570733518649,1,0.0,4.641802851689302e-05,3.35641612021868e-05,5.344285470194532e-05,3.943142434673937e-05
circle,39,0.8,sampling_plus_direction_additive,1,0.03630144398063727,0.08842301278255688,0.6050240663439544,1.4737168797092812,1,0.0,4.641802851689302e-05,3.35641612021868e-05,5.344285470194532e-05,3.943142434673937e-05
circle,39,0.8,sampling_plus_direction_rss,1,0.02881203326662235,0.06634015803371886,0.48020055444370585,1.105669300561981,1,0.0,4.641802851689302e-05,3.35641612021868e-05,5.344285470194532e-05,3.943142434673937e-05
circle,39,0.9,sampling_only,1,0.028069039000156257,0.040483389250677695,0.46781731666927096,0.6747231541779616,1,0.0,4.641802851689302e-05,3.35641612021868e-05,5.344285470194532e-05,3.943142434673937e-05
circle,39,0.9,sampling_plus_direction_additive,1,0.03777185227886252,0.09200463151427726,0.6295308713143754,1.5334105252379544,1,0.0,4.641802851689302e-05,3.35641612021868e-05,5.344285470194532e-05,3.943142434673937e-05
circle,39,0.9,sampling_plus_direction_rss,1,0.02997907920635358,0.0690272995956464,0.49965132010589297,1.1504549932607733,1,0.0,4.641802851689302e-05,3.35641612021868e-05,5.344285470194532e-05,3.943142434673937e-05
circle,39,0.95,sampling_only,1,0.029124405002289706,0.04200552161388622,0.4854067500381618,0.7000920268981037,1,0.0,4.641802851689302e-05,3.35641612021868e-05,5.344285470194532e-05,3.943142434673937e-05
circle,39,0.95,sampling_plus_direction_additive,1,0.03919203373689165,0.09546390777017058,0.6532005622815276,1.591065129502843,1,0.0,4.641802851689302e-05,3.35641612021868e-05,5.344285470194532e-05,3.943142434673937e-05
circle,39,0.95,sampling_plus_direction_rss,1,0.03110626068803791,0.07162265261831025,0.5184376781339652,1.1937108769718374,1,0.0,4.641802851689302e-05,3.35641612021868e-05,5.344285470194532e-05,3.943142434673937e-05
circle,39,0.99,sampling_only,1,0.03144945766598483,0.04535889655530016,0.5241576277664138,0.7559816092550028,1,0.0,4.641802851689302e-05,3.35641612021868e-05,5.344285470194532e-05,3.943142434673937e-05
circle,39,0.99,sampling_plus_direction_additive,1,0.04232080297452672,0.1030849600467864,0.7053467162421121,1.71808266744644,1,0.0,4.641802851689302e-05,3.35641612021868e-05,5.344285470194532e-05,3.943142434673937e-05
circle,39,0.99,sampling_plus_direction_rss,1,0.03358952838963153,0.07734041540996285,0.5598254731605256,1.2890069234993808,1,0.0,4.641802851689302e-05,3.35641612021868e-05,5.344285470194532e-05,3.943142434673937e-05
circle,40,0.8,sampling_only,0,0.02673981535438355,0.03992213660124541,0.4456635892397259,0.6653689433540902,1,0.004673549599143907,4.5361438641559125e-05,3.436754202391979e-05,5.342828785917967e-05,4.012240577662476e-05
circle,40,0.8,sampling_plus_direction_additive,1,0.036400189530788656,0.07559108873940976,0.6066698255131443,1.2598514789901627,1,0.0,4.5361438641559125e-05,3.436754202391979e-05,5.342828785917967e-05,4.012240577662476e-05
circle,40,0.8,sampling_plus_direction_rss,0,0.028618648291825446,0.05401801740060026,0.47697747153042414,0.9003002900100044,1,0.00018066156701130806,4.5361438641559125e-05,3.436754202391979e-05,5.342828785917967e-05,4.012240577662476e-05
circle,40,0.9,sampling_only,0,0.027822925062390445,0.04153920288028004,0.4637154177065074,0.6923200480046674,1,0.003608157057405751,4.5361438641559125e-05,3.436754202391979e-05,5.342828785917967e-05,4.012240577662476e-05
circle,40,0.9,sampling_plus_direction_additive,1,0.03787459756732825,0.07865294391557287,0.6312432927888042,1.3108823985928812,1,0.0,4.5361438641559125e-05,3.436754202391979e-05,5.342828785917967e-05,4.012240577662476e-05
circle,40,0.9,sampling_plus_direction_rss,1,0.029777861075612654,0.05620604444111922,0.49629768459354423,0.936767407351987,1,0.0,4.5361438641559125e-05,3.436754202391979e-05,5.342828785917967e-05,4.012240577662476e-05
circle,40,0.95,sampling_only,0,0.028869037442318737,0.04310103271262049,0.4811506240386456,0.7183505452103415,1,0.002579156653147098,4.5361438641559125e-05,3.436754202391979e-05,5.342828785917967e-05,4.012240577662476e-05
circle,40,0.95,sampling_plus_direction_additive,1,0.03929864213888704,0.0816102109233868,0.6549773689814508,1.3601701820564467,1,0.0,4.5361438641559125e-05,3.436754202391979e-05,5.342828785917967e-05,4.012240577662476e-05
circle,40,0.95,sampling_plus_direction_rss,1,0.03089747696966872,0.05831933191124703,0.5149579494944787,0.9719888651874505,1,0.0,4.5361438641559125e-05,3.436754202391979e-05,5.342828785917967e-05,4.012240577662476e-05
circle,40,0.99,sampling_only,0,0.031173703662909353,0.04654186423891641,0.5195617277151559,0.7756977373152735,1,0.0003121894341647988,4.5361438641559125e-05,3.436754202391979e-05,5.342828785917967e-05,4.012240577662476e-05
circle,40,0.99,sampling_plus_direction_additive,1,0.04243592211344574,0.08812529812524462,0.707265368557429,1.468754968754077,1,0.0,4.5361438641559125e-05,3.436754202391979e-05,5.342828785917967e-05,4.012240577662476e-05
circle,40,0.99,sampling_plus_direction_rss,1,0.03336407709846584,0.06297506712693658,0.5560679516410973,1.0495844521156097,1,0.0,4.5361438641559125e-05,3.436754202391979e-05,5.342828785917967e-05,4.012240577662476e-05
circle,41,0.8,sampling_only,1,0.026711127287072315,0.03785553646845798,0.4451854547845386,0.6309256078076331,1,0.0,4.538953617400058e-05,3.343155860371556e-05,5.3494970667273474e-05,3.9367178092752755e-05
circle,41,0.8,sampling_plus_direction_additive,1,0.03598198426371198,0.23782035456534054,0.599699737728533,3.9636725760890092,0,0.0,4.538953617400058e-05,3.343155860371556e-05,5.3494970667273474e-05,3.9367178092752755e-05
circle,41,0.8,sampling_plus_direction_rss,1,0.02849842069489193,0.20867400096111607,0.4749736782481988,3.4779000160186015,0,0.0,4.538953617400058e-05,3.343155860371556e-05,5.3494970667273474e-05,3.9367178092752755e-05
circle,41,0.9,sampling_only,1,0.027793074970443022,0.039388894066758454,0.4632179161740504,0.6564815677793076,1,0.0,4.538953617400058e-05,3.343155860371556e-05,5.3494970667273474e-05,3.9367178092752755e-05
circle,41,0.9,sampling_plus_direction_additive,1,0.037439452684973486,0.24745338797928046,0.6239908780828914,4.124223132988008,0,0.0,4.538953617400058e-05,3.343155860371556e-05,5.3494970667273474e-05,3.9367178092752755e-05
circle,41,0.9,sampling_plus_direction_rss,1,0.02965276359922473,0.21712644662142508,0.49421272665374555,3.618774110357085,0,0.0,4.538953617400058e-05,3.343155860371556e-05,5.3494970667273474e-05,3.9367178092752755e-05
circle,41,0.95,sampling_only,1,0.028838065018673333,0.040869874575548276,0.4806344169778889,0.681164576259138,1,0.0,4.538953617400058e-05,3.343155860371556e-05,5.3494970667273474e-05,3.9367178092752755e-05
circle,41,0.95,sampling_plus_direction_additive,1,0.03884713627193152,0.25675737208734406,0.6474522711988587,4.279289534789068,0,0.0,4.538953617400058e-05,3.343155860371556e-05,5.3494970667273474e-05,3.9367178092752755e-05
circle,41,0.95,sampling_plus_direction_rss,1,0.03076767596126705,0.22529017000101853,0.5127945993544508,3.7548361666836425,0,0.0,4.538953617400058e-05,3.343155860371556e-05,5.3494970667273474e-05,3.9367178092752755e-05
circle,41,0.99,sampling_only,1,0.031140258656009726,0.04413258880917103,0.5190043109334954,0.7355431468195172,1,0.0,4.538953617400058e-05,3.343155860371556e-05,5.3494970667273474e-05,3.9367178092752755e-05
circle,41,0.99,sampling_plus_direction_additive,1,0.04194837173610259,0.27725476634649227,0.6991395289350432,4.620912772441538,0,0.0,4.538953617400058e-05,3.343155860371556e-05,5.3494970667273474e-05,3.9367178092752755e-05
circle,41,0.99,sampling_plus_direction_rss,1,0.03322391384642997,0.24327548196958973,0.5537318974404994,4.054591366159829,0,0.0,4.538953617400058e-05,3.343155860371556e-05,5.3494970667273474e-05,3.9367178092752755e-05
circle,42,0.8,sampling_only,0,0.026565944487878086,0.03719496298946921,0.44276574146463477,0.6199160498244869,1,0.0034718033197547286,4.482016506947774e-05,3.426697401656718e-05,5.1857613441942895e-05,3.990638868348256e-05
circle,42,0.8,sampling_plus_direction_additive,1,0.036754580800837475,0.21953508614237,0.6125763466806246,3.658918102372833,0,0.0,4.482016506947774e-05,3.426697401656718e-05,5.1857613441942895e-05,3.990638868348256e-05
circle,42,0.8,sampling_plus_direction_rss,0,0.028834301883719125,0.189367327095278,0.48057169806198546,3.1561221182546335,0,0.0012702188585197137,4.482016506947774e-05,3.426697401656718e-05,5.1857613441942895e-05,3.990638868348256e-05
circle,42,0.9,sampling_only,0,0.027642011468739857,0.03870156372582197,0.4607001911456643,0.645026062097033,1,0.002518064456019497,4.482016506947774e-05,3.426697401656718e-05,5.1857613441942895e-05,3.990638868348256e-05
circle,42,0.9,sampling_plus_direction_additive,1,0.038243343634518916,0.22842746553607995,0.6373890605753153,3.807124425601333,0,0.0,4.482016506947774e-05,3.426697401656718e-05,5.1857613441942895e-05,3.990638868348256e-05
circle,42,0.9,sampling_plus_direction_rss,0,0.03000224982501775,0.19703774619271533,0.5000374970836292,3.2839624365452558,0,0.00022730370574291364,4.482016506947774e-05,3.426697401656718e-05,5.1857613441942895e-05,3.990638868348256e-05
circle,42,0.95,sampling_only,0,0.028681321690031316,0.04015670134508305,0.47802202816718864,0.6692783557513842,1,0.0015969038153230489,4.482016506947774e-05,3.426697401656718e-05,5.1857613441942895e-05,3.990638868348256e-05
circle,42,0.95,sampling_plus_direction_additive,1,0.03968125266587383,0.23701609520305741,0.6613542110978972,3.9502682533842903,0,0.0,4.482016506947774e-05,3.426697401656718e-05,5.1857613441942895e-05,3.990638868348256e-05
circle,42,0.95,sampling_plus_direction_rss,1,0.031130302497311295,0.2044461558097184,0.5188383749551883,3.407435930161973,0,0.0,4.482016506947774e-05,3.426697401656718e-05,5.1857613441942895e-05,3.990638868348256e-05
circle,42,0.99,sampling_only,1,0.030971002230748335,0.04336248170077631,0.5161833705124723,0.7227080283462719,1,0.0,4.482016506947774e-05,3.426697401656718e-05,5.1857613441942895e-05,3.990638868348256e-05
circle,42,0.99,sampling_plus_direction_additive,1,0.04284907711421177,0.2559375084799007,0.7141512852368629,4.265625141331679,0,0.0,4.482016506947774e-05,3.426697401656718e-05,5.1857613441942895e-05,3.990638868348256e-05
circle,42,0.99,sampling_plus_direction_rss,1,0.033615489498979426,0.2207674533301396,0.5602581583163238,3.679457555502327,0,0.0,4.482016506947774e-05,3.426697401656718e-05,5.1857613441942895e-05,3.990638868348256e-05
circle,43,0.8,sampling_only,1,0.02688902304583027,0.040014866471771646,0.44815038409717123,0.6669144411961941,1,0.0,4.594809520995902e-05,3.42910941396947e-05,5.329376261255556e-05,4.008257123529888e-05
circle,43,0.8,sampling_plus_direction_additive,1,0.03652322362732645,0.10548554114823483,0.6087203937887742,1.7580923524705805,1,0.0,4.594809520995902e-05,3.42910941396947e-05,5.329376261255556e-05,4.008257123529888e-05
circle,43,0.8,sampling_plus_direction_rss,1,0.028811863653930604,0.08154962327726084,0.4801977275655101,1.3591603879543475,1,0.0,4.594809520995902e-05,3.42910941396947e-05,5.329376261255556e-05,4.008257123529888e-05
circle,43,0.9,sampling_only,1,0.02797817648663687,0.0416356888209832,0.46630294144394785,0.6939281470163867,1,0.0,4.594809520995902e-05,3.42910941396947e-05,5.329376261255556e-05,4.008257123529888e-05
circle,43,0.9,sampling_plus_direction_additive,1,0.03800261522200247,0.10975828619743666,0.6333769203667078,1.8293047699572778,1,0.0,4.594809520995902e-05,3.42910941396947e-05,5.329376261255556e-05,4.008257123529888e-05
circle,43,0.9,sampling_plus_direction_rss,1,0.02997890272341421,0.08485283190025629,0.49964837872357015,1.4142138650042715,1,0.0,4.594809520995902e-05,3.42910941396947e-05,5.329376261255556e-05,4.008257123529888e-05
circle,43,0.95,sampling_only,1,0.029030126154935866,0.04320114642203712,0.4838354359155978,0.7200191070339521,1,0.0,4.594809520995902e-05,3.42910941396947e-05,5.329376261255556e-05,4.008257123529888e-05
circle,43,0.95,sampling_plus_direction_additive,1,0.03943147312117163,0.11388508098027775,0.6571912186861939,1.8980846830046292,0,0.0,4.594809520995902e-05,3.42910941396947e-05,5.329376261255556e-05,4.008257123529888e-05
circle,43,0.95,sampling_plus_direction_rss,1,0.03110607756952779,0.08804320809987526,0.5184346261587965,1.4673868016645877,1,0.0,4.594809520995902e-05,3.42910941396947e-05,5.329376261255556e-05,4.008257123529888e-05
circle,43,0.99,sampling_only,1,0.03134765237181936,0.04664997020248324,0.522460872863656,0.7774995033747206,1,0.0,4.594809520995902e-05,3.42910941396947e-05,5.329376261255556e-05,4.008257123529888e-05
circle,43,0.99,sampling_plus_direction_additive,1,0.042579357227528314,0.12297672803255273,0.7096559537921386,2.049612133875879,0,0.0,4.594809520995902e-05,3.42910941396947e-05,5.329376261255556e-05,4.008257123529888e-05
circle,43,0.99,sampling_plus_direction_rss,1,0.03358933065244749,0.09507185282229227,0.5598221775407916,1.5845308803715379,1,0.0,4.594809520995902e-05,3.42910941396947e-05,5.329376261255556e-05,4.008257123529888e-05
circle,44,0.8,sampling_only,1,0.027223354232006364,0.039864860119279553,0.4537225705334394,0.6644143353213259,1,0.0,4.733129188964451e-05,3.31650855946428e-05,5.601640748950766e-05,3.9303194095070704e-05
circle,44,0.8,sampling_plus_direction_additive,1,0.03642890349183728,0.08446652037107255,0.6071483915306213,1.4077753395178758,1,0.0,4.733129188964451e-05,3.31650855946428e-05,5.601640748950766e-05,3.9303194095070704e-05
circle,44,0.8,sampling_plus_direction_rss,1,0.028891989348320636,0.060127179956156816,0.48153315580534395,1.002119665935947,1,0.0,4.733129188964451e-05,3.31650855946428e-05,5.601640748950766e-05,3.9303194095070704e-05
circle,44,0.9,sampling_only,1,0.028326049926139605,0.041479606385522935,0.4721008321023268,0.6913267730920489,1,0.0,4.733129188964451e-05,3.31650855946428e-05,5.601640748950766e-05,3.9303194095070704e-05
circle,44,0.9,sampling_plus_direction_additive,1,0.037904474601851944,0.0878878793820828,0.6317412433641991,1.46479798970138,1,0.0,4.733129188964451e-05,3.31650855946428e-05,5.601640748950766e-05,3.9303194095070704e-05
circle,44,0.9,sampling_plus_direction_rss,1,0.03006227394946945,0.06256266170733932,0.5010378991578243,1.0427110284556553,1,0.0,4.733129188964451e-05,3.31650855946428e-05,5.601640748950766e-05,3.9303194095070704e-05
circle,44,0.95,sampling_only,1,0.029391079265641253,0.04303919545306867,0.4898513210940209,0.7173199242178112,1,0.0,4.733129188964451e-05,3.31650855946428e-05,5.601640748950766e-05,3.9303194095070704e-05
circle,44,0.95,sampling_plus_direction_additive,1,0.03932964251812092,0.09119237013785607,0.655494041968682,1.5198728356309346,1,0.0,4.733129188964451e-05,3.31650855946428e-05,5.601640748950766e-05,3.9303194095070704e-05
circle,44,0.95,sampling_plus_direction_rss,1,0.031192583464979246,0.0649149512235046,0.5198763910829874,1.0819158537250768,1,0.0,4.733129188964451e-05,3.31650855946428e-05,5.601640748950766e-05,3.9303194095070704e-05
circle,44,0.99,sampling_only,1,0.03173742100653111,0.04647509040177527,0.5289570167755185,0.7745848400295878,1,0.0,4.733129188964451e-05,3.31650855946428e-05,5.601640748950766e-05,3.9303194095070704e-05
circle,44,0.99,sampling_plus_direction_additive,1,0.04246939730767783,0.09847241802487813,0.7078232884612972,1.6412069670813023,1,0.0,4.733129188964451e-05,3.31650855946428e-05,5.601640748950766e-05,3.9303194095070704e-05
circle,44,0.99,sampling_plus_direction_rss,1,0.033682742466238876,0.07009722637192335,0.5613790411039813,1.1682871061987226,1,0.0,4.733129188964451e-05,3.31650855946428e-05,5.601640748950766e-05,3.9303194095070704e-05
circle,45,0.8,sampling_only,0,0.026556438394875766,0.036069912447911495,0.4426073065812628,0.6011652074651916,1,0.0034397591352351396,4.479807789074183e-05,3.4203104815170463e-05,5.142427922589733e-05,3.992565699182023e-05
circle,45,0.8,sampling_plus_direction_additive,1,0.03602466370241856,0.11397876170029539,0.600411061706976,1.8996460283382566,1,0.0,4.479807789074183e-05,3.4203104815170463e-05,5.142427922589733e-05,3.992565699182023e-05
circle,45,0.8,sampling_plus_direction_rss,0,0.028453503161269805,0.08947556103124589,0.4742250526878301,1.491259350520765,1,0.00022401174604711263,4.479807789074183e-05,3.4203104815170463e-05,5.142427922589733e-05,3.992565699182023e-05
circle,45,0.9,sampling_only,0,0.027632120326645786,0.03753094244462338,0.4605353387774298,0.6255157074103896,1,0.002402630907278089,4.479807789074183e-05,3.4203104815170463e-05,5.142427922589733e-05,3.992565699182023e-05
circle,45,0.9,sampling_plus_direction_additive,1,0.03748386087587161,0.11859552893178474,0.6247310145978602,1.976592148863079,0,0.0,4.479807789074183e-05,3.4203104815170463e-05,5.142427922589733e-05,3.992565699182023e-05
circle,45,0.9,sampling_plus_direction_rss,1,0.029606026658247648,0.09309981376066566,0.4934337776374608,1.551663562677761,1,0.0,4.479807789074183e-05,3.4203104815170463e-05,5.142427922589733e-05,3.992565699182023e-05
circle,45,0.95,sampling_only,0,0.028671058651518262,0.03894206594920301,0.47785097752530437,0.6490344324867169,1,0.0014009293521923469,4.479807789074183e-05,3.4203104815170463e-05,5.142427922589733e-05,3.992565699182023e-05
circle,45,0.95,sampling_plus_direction_additive,1,0.03889321416355898,0.12305459463898415,0.6482202360593163,2.050909910649736,0,0.0,4.479807789074183e-05,3.4203104815170463e-05,5.142427922589733e-05,3.992565699182023e-05
circle,45,0.95,sampling_plus_direction_rss,1,0.030719181761035358,0.09660026770379551,0.5119863626839226,1.6100044617299252,1,0.0,4.479807789074183e-05,3.4203104815170463e-05,5.142427922589733e-05,3.992565699182023e-05
circle,45,0.99,sampling_only,1,0.03095991987575377,0.04205087981708692,0.5159986645958962,0.7008479969514486,1,0.0,4.479807789074183e-05,3.4203104815170463e-05,5.142427922589733e-05,3.992565699182023e-05
circle,45,0.99,sampling_plus_direction_additive,1,0.041998128107158465,0.13287826015327708,0.6999688017859744,2.214637669221285,0,0.0,4.479807789074183e-05,3.4203104815170463e-05,5.142427922589733e-05,3.992565699182023e-05
circle,45,0.99,sampling_plus_direction_rss,1,0.03317154826858855,0.10431203759989174,0.5528591378098092,1.7385339599981957,1,0.0,4.479807789074183e-05,3.4203104815170463e-05,5.142427922589733e-05,3.992565699182023e-05
circle,46,0.8,sampling_only,1,0.026565863228297768,0.039259422381595646,0.44276438713829613,0.6543237063599274,1,0.0,4.482030763408014e-05,3.416265949966525e-05,5.201793854100265e-05,3.988889101584543e-05
circle,46,0.8,sampling_plus_direction_additive,1,0.03585455758559771,0.08066205054564013,0.5975759597599619,1.3443675090940022,1,0.0,4.482030763408014e-05,3.416265949966525e-05,5.201793854100265e-05,3.988889101584543e-05
circle,46,0.8,sampling_plus_direction_rss,1,0.02828825274842518,0.05935892591790738,0.4714708791404197,0.9893154319651231,1,0.0,4.482030763408014e-05,3.416265949966525e-05,5.201793854100265e-05,3.988889101584543e-05
circle,46,0.9,sampling_only,1,0.027641926917699258,0.040849645086902336,0.4606987819616543,0.680827418115039,1,0.0,4.482030763408014e-05,3.416265949966525e-05,5.201793854100265e-05,3.988889101584543e-05
circle,46,0.9,sampling_plus_direction_additive,1,0.03730686452499049,0.0839293075874657,0.6217810754165082,1.3988217931244282,1,0.0,4.482030763408014e-05,3.416265949966525e-05,5.201793854100265e-05,3.988889101584543e-05
circle,46,0.9,sampling_plus_direction_rss,1,0.02943408269408144,0.061763289151777194,0.4905680449013573,1.02938815252962,1,0.0,4.482030763408014e-05,3.416265949966525e-05,5.201793854100265e-05,3.988889101584543e-05
circle,46,0.95,sampling_only,1,0.02868123395996154,0.04238554827987216,0.47802056599935905,0.7064258046645361,1,0.0,4.482030763408014e-05,3.416265949966525e-05,5.201793854100265e-05,3.988889101584543e-05
circle,46,0.95,sampling_plus_direction_additive,1,0.03870956293820137,0.08708496025551463,0.6451593823033561,1.451416004258577,1,0.0,4.482030763408014e-05,3.416265949966525e-05,5.201793854100265e-05,3.988889101584543e-05
circle,46,0.95,sampling_plus_direction_rss,1,0.030540772886757623,0.064085523110352,0.5090128814459604,1.0680920518392,1,0.0,4.482030763408014e-05,3.416265949966525e-05,5.201793854100265e-05,3.988889101584543e-05
circle,46,0.99,sampling_only,1,0.030970907497032223,0.04576926142088045,0.5161817916172038,0.7628210236813409,1,0.0,4.482030763408014e-05,3.416265949966525e-05,5.201793854100265e-05,3.988889101584543e-05
circle,46,0.99,sampling_plus_direction_additive,1,0.04179981568028703,0.09403710636095267,0.6966635946714506,1.567285106015878,1,0.0,4.482030763408014e-05,3.416265949966525e-05,5.201793854100265e-05,3.988889101584543e-05
circle,46,0.99,sampling_plus_direction_rss,1,0.03297889669893786,0.06920158354833537,0.549648278315631,1.1533597258055897,1,0.0,4.482030763408014e-05,3.416265949966525e-05,5.201793854100265e-05,3.988889101584543e-05
circle,47,0.8,sampling_only,1,0.026554367299508188,0.038760910666336704,0.44257278832513647,0.6460151777722785,1,0.0,4.4791877283749835e-05,3.417931820570207e-05,5.2328173637487206e-05,3.994898372483113e-05
circle,47,0.8,sampling_plus_direction_additive,1,0.03690584172305363,0.1689460044673615,0.6150973620508939,2.8157667411226917,0,0.0,4.4791877283749835e-05,3.417931820570207e-05,5.2328173637487206e-05,3.994898372483113e-05
circle,47,0.8,sampling_plus_direction_rss,1,0.02909037980347662,0.1406801529036153,0.48483966339127704,2.344669215060255,0,0.0,4.4791877283749835e-05,3.417931820570207e-05,5.2328173637487206e-05,3.994898372483113e-05
circle,47,0.9,sampling_only,1,0.02762996534051572,0.04033094090317657,0.46049942234192864,0.6721823483862762,1,0.0,4.4791877283749835e-05,3.417931820570207e-05,5.2328173637487206e-05,3.994898372483113e-05
circle,47,0.9,sampling_plus_direction_additive,1,0.038400731456682706,0.17578924759161055,0.6400121909447118,2.9298207931935094,0,0.0,4.4791877283749835e-05,3.417931820570207e-05,5.2328173637487206e-05,3.994898372483113e-05
circle,47,0.9,sampling_plus_direction_rss,1,0.030268700310076075,0.14637847345349225,0.5044783385012679,2.439641224224871,0,0.0,4.4791877283749835e-05,3.417931820570207e-05,5.2328173637487206e-05,3.994898372483113e-05
circle,47,0.95,sampling_only,1,0.02866882264020252,0.041847341370717654,0.477813710670042,0.6974556895119609,1,0.0,4.4791877283749835e-05,3.417931820570207e-05,5.2328173637487206e-05,3.994898372483113e-05
circle,47,0.95,sampling_plus_direction_additive,1,0.039844558102696985,0.18239873626871747,0.6640759683782831,3.039978937811958,0,0.0,4.4791877283749835e-05,3.417931820570207e-05,5.2328173637487206e-05,3.994898372483113e-05
circle,47,0.95,sampling_plus_direction_rss,1,0.03140677123711575,0.1518821483148279,0.5234461872852625,2.531369138580465,0,0.0,4.4791877283749835e-05,3.417931820570207e-05,5.2328173637487206e-05,3.994898372483113e-05
circle,47,0.99,sampling_only,1,0.03095750535970754,0.045188088504089036,0.5159584226617924,0.753134808401484,1,0.0,4.4791877283749835e-05,3.417931820570207e-05,5.2328173637487206e-05,3.994898372483113e-05
circle,47,0.99,sampling_plus_direction_additive,1,0.04302541951233428,0.1969599493675899,0.7170903252055714,3.282665822793165,0,0.0,4.4791877283749835e-05,3.417931820570207e-05,5.2328173637487206e-05,3.994898372483113e-05
circle,47,0.99,sampling_plus_direction_rss,1,0.03391402922632372,0.1640071683274038,0.5652338204387287,2.7334528054567304,0,0.0,4.4791877283749835e-05,3.417931820570207e-05,5.2328173637487206e-05,3.994898372483113e-05
circle,48,0.8,sampling_only,1,0.026498010234032733,0.03862227108081324,0.44163350390054557,0.643704518013554,1,0.0,4.458972181772769e-05,3.4644846796852964e-05,5.220196343183915e-05,4.027206051010204e-05
circle,48,0.8,sampling_plus_direction_additive,1,0.0359962030354994,0.12881305184730096,0.5999367172583233,2.1468841974550164,0,0.0,4.458972181772769e-05,3.4644846796852964e-05,5.220196343183915e-05,4.027206051010204e-05
circle,48,0.8,sampling_plus_direction_rss,1,0.028413488916766986,0.10354014788803745,0.4735581486127831,1.725669131467291,1,0.0,4.458972181772769e-05,3.4644846796852964e-05,5.220196343183915e-05,4.027206051010204e-05
circle,48,0.9,sampling_only,1,0.027571325503677697,0.04018668565131418,0.45952209172796166,0.6697780941885697,1,0.0,4.458972181772769e-05,3.4644846796852964e-05,5.220196343183915e-05,4.027206051010204e-05
circle,48,0.9,sampling_plus_direction_additive,1,0.037454247395283836,0.13403068948334151,0.624237456588064,2.233844824722359,0,0.0,4.458972181772769e-05,3.4644846796852964e-05,5.220196343183915e-05,4.027206051010204e-05
circle,48,0.9,sampling_plus_direction_rss,1,0.029564391616588782,0.10773409380201393,0.4927398602764797,1.7955682300335656,0,0.0,4.458972181772769e-05,3.4644846796852964e-05,5.220196343183915e-05,4.027206051010204e-05
circle,48,0.95,sampling_only,1,0.028607978007889702,0.041697662274866744,0.4767996334648284,0.6949610379144457,1,0.0,4.458972181772769e-05,3.4644846796852964e-05,5.220196343183915e-05,4.027206051010204e-05
circle,48,0.95,sampling_plus_direction_additive,1,0.0388624872476086,0.1390701008049203,0.6477081207934767,2.3178350134153383,0,0.0,4.458972181772769e-05,3.4644846796852964e-05,5.220196343183915e-05,4.027206051010204e-05
circle,48,0.95,sampling_plus_direction_rss,1,0.030675981286108045,0.11178478110444237,0.5112663547684675,1.8630796850740396,0,0.0,4.458972181772769e-05,3.4644846796852964e-05,5.220196343183915e-05,4.027206051010204e-05
circle,48,0.99,sampling_only,1,0.03089180339299015,0.04502646026179272,0.5148633898831692,0.7504410043632119,1,0.0,4.458972181772769e-05,3.4644846796852964e-05,5.220196343183915e-05,4.027206051010204e-05
circle,48,0.99,sampling_plus_direction_additive,1,0.04196494820726654,0.15017231244809065,0.6994158034544423,2.5028718741348444,0,0.0,4.458972181772769e-05,3.4644846796852964e-05,5.220196343183915e-05,4.027206051010204e-05
circle,48,0.99,sampling_plus_direction_rss,1,0.033124899023487406,0.12070875751003854,0.5520816503914567,2.011812625167309,0,0.0,4.458972181772769e-05,3.4644846796852964e-05,5.220196343183915e-05,4.027206051010204e-05
circle,49,0.8,sampling_only,1,0.02655496056234468,0.03926836986099588,0.442582676039078,0.654472831016598,1,0.0,4.4893027372298464e-05,3.407654212797272e-05,5.159428118613904e-05,3.987431341673555e-05
circle,49,0.8,sampling_plus_direction_additive,1,0.03565930449271967,0.07550307140397335,0.5943217415453279,1.2583845233995559,1,0.0,4.4893027372298464e-05,3.407654212797272e-05,5.159428118613904e-05,3.987431341673555e-05
circle,49,0.8,sampling_plus_direction_rss,1,0.02818835656994015,0.053463485081957085,0.46980594283233584,0.8910580846992848,1,0.0,4.4893027372298464e-05,3.407654212797272e-05,5.159428118613904e-05,3.987431341673555e-05
circle,49,0.9,sampling_only,1,0.02763058263376263,0.04085895498846863,0.4605097105627105,0.6809825831411438,1,0.0,4.4893027372298464e-05,3.407654212797272e-05,5.159428118613904e-05,3.987431341673555e-05
circle,49,0.9,sampling_plus_direction_additive,1,0.037103702607103314,0.07856136139357026,0.6183950434517219,1.309356023226171,1,0.0,4.4893027372298464e-05,3.407654212797272e-05,5.159428118613904e-05,3.987431341673555e-05
circle,49,0.9,sampling_plus_direction_rss,1,0.029330140170501062,0.05562905051121336,0.48883566950835106,0.9271508418535561,1,0.0,4.4893027372298464e-05,3.407654212797272e-05,5.159428118613904e-05,3.987431341673555e-05
circle,49,0.95,sampling_only,1,0.028669463143018742,0.042395208223832,0.47782438571697905,0.7065868037305333,1,0.0,4.4893027372298464e-05,3.407654212797272e-05,5.159428118613904e-05,3.987431341673555e-05
circle,49,0.95,sampling_plus_direction_additive,1,0.03849876234835734,0.08151518499599683,0.6416460391392891,1.3585864165999473,1,0.0,4.4893027372298464e-05,3.407654212797272e-05,5.159428118613904e-05,3.987431341673555e-05
circle,49,0.95,sampling_plus_direction_rss,1,0.03043292223488107,0.05772064362347389,0.5072153705813512,0.9620107270578983,1,0.0,4.4893027372298464e-05,3.407654212797272e-05,5.159428118613904e-05,3.987431341673555e-05
circle,49,0.99,sampling_only,1,0.03095819699499424,0.045779692535218984,0.5159699499165706,0.7629948755869831,1,0.0,4.4893027372298464e-05,3.407654212797272e-05,5.159428118613904e-05,3.987431341673555e-05
circle,49,0.99,sampling_plus_direction_additive,1,0.04157218650723635,0.08802268611032493,0.6928697751206058,1.4670447685054155,1,0.0,4.4893027372298464e-05,3.407654212797272e-05,5.159428118613904e-05,3.987431341673555e-05
circle,49,0.99,sampling_plus_direction_rss,1,0.032862436139136766,0.06232858449630561,0.5477072689856128,1.0388097416050934,1,0.0,4.4893027372298464e-05,3.407654212797272e-05,5.159428118613904e-05,3.987431341673555e-05
circle,50,0.8,sampling_only,1,0.026828865691983908,0.03650433408030795,0.4471477615330651,0.6084055680051325,1,0.0,4.5656480434536045e-05,3.4441176899533885e-05,5.3787109998561676e-05,4.018123588668016e-05
circle,50,0.8,sampling_plus_direction_additive,1,0.036188656611498296,0.11785663452421721,0.603144276858305,1.964277242070287,0,0.0,4.5656480434536045e-05,3.4441176899533885e-05,5.3787109998561676e-05,4.018123588668016e-05
circle,50,0.8,sampling_plus_direction_rss,1,0.028510946426665386,0.08916705217827273,0.4751824404444231,1.4861175363045456,1,0.0,4.5656480434536045e-05,3.4441176899533885e-05,5.3787109998561676e-05,4.018123588668016e-05
circle,50,0.9,sampling_only,1,0.027915582428830674,0.03798296054435444,0.4652597071471779,0.6330493424059074,1,0.0,4.5656480434536045e-05,3.4441176899533885e-05,5.3787109998561676e-05,4.018123588668016e-05
circle,50,0.9,sampling_plus_direction_additive,1,0.03765449640044866,0.12263047695036819,0.6275749400074777,2.0438412825061367,0,0.0,4.5656480434536045e-05,3.4441176899533885e-05,5.3787109998561676e-05,4.018123588668016e-05
circle,50,0.9,sampling_plus_direction_rss,1,0.029665796692081425,0.09277880860099655,0.4944299448680238,1.5463134766832758,1,0.0,4.5656480434536045e-05,3.4441176899533885e-05,5.3787109998561676e-05,4.018123588668016e-05
circle,50,0.95,sampling_only,1,0.0289651786271536,0.039411079448555784,0.4827529771192267,0.6568513241425964,1,0.0,4.5656480434536045e-05,3.4441176899533885e-05,5.3787109998561676e-05,4.018123588668016e-05
circle,50,0.95,sampling_plus_direction_additive,1,0.03907026540231113,0.12724125241005202,0.6511710900385188,2.1206875401675336,0,0.0,4.5656480434536045e-05,3.4441176899533885e-05,5.3787109998561676e-05,4.018123588668016e-05
circle,50,0.95,sampling_plus_direction_rss,1,0.03078119908454849,0.09626719309165878,0.5130199847424748,1.604453218194313,1,0.0,4.5656480434536045e-05,3.4441176899533885e-05,5.3787109998561676e-05,4.018123588668016e-05
circle,50,0.99,sampling_only,1,0.03127751996824448,0.04255733549202726,0.5212919994707413,0.709288924867121,1,0.0,4.5656480434536045e-05,3.4441176899533885e-05,5.3787109998561676e-05,4.018123588668016e-05
circle,50,0.99,sampling_plus_direction_additive,1,0.04218931365884298,0.13739914620477972,0.703155227647383,2.289985770079662,0,0.0,4.5656480434536045e-05,3.4441176899533885e-05,5.3787109998561676e-05,4.018123588668016e-05
circle,50,0.99,sampling_plus_direction_rss,1,0.033238516544514894,0.10395237305350238,0.553975275741915,1.7325395508917065,0,0.0,4.5656480434536045e-05,3.4441176899533885e-05,5.3787109998561676e-05,4.018123588668016e-05
circle,51,0.8,sampling_only,1,0.026573475905040174,0.04153253554462619,0.4428912650840029,0.6922089257437698,1,0.0,4.494169937240687e-05,3.430013696289139e-05,5.314970266564043e-05,4.005442375857662e-05
circle,51,0.8,sampling_plus_direction_additive,1,0.03619411603875557,0.13701594961152203,0.6032352673125928,2.283599160192034,0,0.0,4.494169937240687e-05,3.430013696289139e-05,5.314970266564043e-05,4.005442375857662e-05
circle,51,0.8,sampling_plus_direction_rss,1,0.028523936018459997,0.10827373074529989,0.47539893364099994,1.8045621790883315,1,0.0,4.494169937240687e-05,3.430013696289139e-05,5.314970266564043e-05,4.005442375857662e-05
circle,51,0.9,sampling_only,1,0.02764984794975281,0.04321483184511846,0.4608307991625468,0.720247197418641,1,0.0,4.494169937240687e-05,3.430013696289139e-05,5.314970266564043e-05,4.005442375857662e-05
circle,51,0.9,sampling_plus_direction_additive,1,0.037660176964560636,0.1425658497588951,0.6276696160760107,2.3760974959815853,0,0.0,4.494169937240687e-05,3.430013696289139e-05,5.314970266564043e-05,4.005442375857662e-05
circle,51,0.9,sampling_plus_direction_rss,1,0.029679312433843388,0.11265941282044308,0.49465520723072315,1.877656880340718,1,0.0,4.494169937240687e-05,3.430013696289139e-05,5.314970266564043e-05,4.005442375857662e-05
circle,51,0.95,sampling_only,1,0.028689452814392672,0.044839663543738355,0.47815754690654455,0.7473277257289727,1,0.0,4.494169937240687e-05,3.430013696289139e-05,5.314970266564043e-05,4.005442375857662e-05
circle,51,0.95,sampling_plus_direction_additive,1,0.03907615954958984,0.14792617402578453,0.6512693258264973,2.4654362337630755,0,0.0,4.494169937240687e-05,3.430013696289139e-05,5.314970266564043e-05,4.005442375857662e-05
circle,51,0.95,sampling_plus_direction_rss,1,0.030795223003820524,0.11689528687763295,0.513253716730342,1.9482547812938826,0,0.0,4.494169937240687e-05,3.430013696289139e-05,5.314970266564043e-05,4.005442375857662e-05
circle,51,0.99,sampling_only,1,0.030979782477121062,0.04841929303843072,0.5163297079520177,0.8069882173071787,1,0.0,4.494169937240687e-05,3.430013696289139e-05,5.314970266564043e-05,4.005442375857662e-05
circle,51,0.99,sampling_plus_direction_additive,1,0.04219567834630368,0.15973538162751372,0.7032613057717281,2.662256360458562,0,0.0,4.494169937240687e-05,3.430013696289139e-05,5.314970266564043e-05,4.005442375857662e-05
circle,51,0.99,sampling_plus_direction_rss,1,0.03325366001801839,0.1262272439805121,0.5542276669669732,2.103787399675202,0,0.0,4.494169937240687e-05,3.430013696289139e-05,5.314970266564043e-05,4.005442375857662e-05
circle,52,0.8,sampling_only,1,0.026588838408897048,0.04254491182689073,0.44314730681495085,0.7090818637815122,1,0.0,4.510581711554472e-05,3.3509356419738755e-05,5.248684915502357e-05,3.9355788007933094e-05
circle,52,0.8,sampling_plus_direction_additive,1,0.03578457609948198,0.07806857524522193,0.5964096016580329,1.3011429207536989,1,0.0,4.510581711554472e-05,3.3509356419738755e-05,5.248684915502357e-05,3.9355788007933094e-05
circle,52,0.8,sampling_plus_direction_rss,1,0.028313607106165345,0.05553405943676947,0.47189345176942243,0.9255676572794912,1,0.0,4.510581711554472e-05,3.3509356419738755e-05,5.248684915502357e-05,3.9355788007933094e-05
circle,52,0.9,sampling_only,1,0.027665832719576972,0.04426821493932035,0.46109721199294956,0.7378035823220058,1,0.0,4.510581711554472e-05,3.3509356419738755e-05,5.248684915502357e-05,3.9355788007933094e-05
circle,52,0.9,sampling_plus_direction_additive,1,0.03723404840348225,0.08123078226190218,0.6205674733913709,1.353846371031703,1,0.0,4.510581711554472e-05,3.3509356419738755e-05,5.248684915502357e-05,3.9355788007933094e-05
circle,52,0.9,sampling_plus_direction_rss,1,0.029460464042870154,0.057783494524627554,0.49100773404783593,0.963058242077126,1,0.0,4.510581711554472e-05,3.3509356419738755e-05,5.248684915502357e-05,3.9355788007933094e-05
circle,52,0.95,sampling_only,1,0.028706038594555106,0.0459326527215271,0.47843397657591846,0.7655442120254516,1,0.0,4.510581711554472e-05,3.3509356419738755e-05,5.248684915502357e-05,3.9355788007933094e-05
circle,52,0.95,sampling_plus_direction_additive,1,0.0386340090079977,0.08428497324882693,0.6439001501332949,1.4047495541471156,1,0.0,4.510581711554472e-05,3.3509356419738755e-05,5.248684915502357e-05,3.9355788007933094e-05
circle,52,0.95,sampling_plus_direction_rss,1,0.030568146146192143,0.059956092439554985,0.5094691024365358,0.9992682073259165,1,0.0,4.510581711554472e-05,3.3509356419738755e-05,5.248684915502357e-05,3.9355788007933094e-05
circle,52,0.99,sampling_only,1,0.030997692329392198,0.04959953747170049,0.51662820548987,0.8266589578616749,1,0.0,4.510581711554472e-05,3.3509356419738755e-05,5.248684915502357e-05,3.9355788007933094e-05
circle,52,0.99,sampling_plus_direction_additive,1,0.04171823014646232,0.09101359144879534,0.695303835774372,1.5168931908132557,1,0.0,4.510581711554472e-05,3.3509356419738755e-05,5.248684915502357e-05,3.9355788007933094e-05
circle,52,0.99,sampling_plus_direction_rss,1,0.03300845521399416,0.06474249313753934,0.550140920233236,1.0790415522923225,1,0.0,4.510581711554472e-05,3.3509356419738755e-05,5.248684915502357e-05,3.9355788007933094e-05
circle,53,0.8,sampling_only,1,0.026912770280769636,0.039306401357513676,0.4485461713461606,0.6551066892918946,1,0.0,4.627391713725108e-05,3.2846687840202775e-05,5.4265585773724295e-05,3.9009571803972436e-05
circle,53,0.8,sampling_plus_direction_additive,1,0.03577811433845908,0.06555954748668176,0.5963019056409847,1.0926591247780293,1,0.0,4.627391713725108e-05,3.2846687840202775e-05,5.4265585773724295e-05,3.9009571803972436e-05
circle,53,0.8,sampling_plus_direction_rss,1,0.028421092344672678,0.04717235814389113,0.4736848724112113,0.7862059690648523,1,0.0,4.627391713725108e-05,3.2846687840202775e-05,5.4265585773724295e-05,3.9009571803972436e-05
circle,53,0.9,sampling_only,1,0.02800288561530512,0.04089852696993527,0.46671476025508535,0.6816421161655878,1,0.0,4.627391713725108e-05,3.2846687840202775e-05,5.4265585773724295e-05,3.9009571803972436e-05
circle,53,0.9,sampling_plus_direction_additive,1,0.037227324905569924,0.06821507002467576,0.6204554150928321,1.1369178337445962,1,0.0,4.627391713725108e-05,3.2846687840202775e-05,5.4265585773724295e-05,3.9009571803972436e-05
circle,53,0.9,sampling_plus_direction_rss,1,0.029572303025176827,0.0490830983033908,0.49287171708628047,0.8180516383898466,1,0.0,4.627391713725108e-05,3.2846687840202775e-05,5.4265585773724295e-05,3.9009571803972436e-05
circle,53,0.95,sampling_only,1,0.029055764320552575,0.04243626806969887,0.48426273867587627,0.7072711344949812,1,0.0,4.627391713725108e-05,3.2846687840202775e-05,5.4265585773724295e-05,3.9009571803972436e-05
circle,53,0.95,sampling_plus_direction_additive,1,0.03862703271371739,0.0707798840796491,0.6437838785619565,1.1796647346608182,1,0.0,4.627391713725108e-05,3.2846687840202775e-05,5.4265585773724295e-05,3.9009571803972436e-05
circle,53,0.95,sampling_plus_direction_rss,1,0.030684190155241594,0.05092857057725398,0.5114031692540266,0.8488095096208997,1,0.0,4.627391713725108e-05,3.2846687840202775e-05,5.4265585773724295e-05,3.9009571803972436e-05
circle,53,0.99,sampling_only,1,0.031375337277455465,0.04582403026106302,0.5229222879575911,0.7637338376843837,1,0.0,4.627391713725108e-05,3.2846687840202775e-05,5.4265585773724295e-05,3.9009571803972436e-05
circle,53,0.99,sampling_plus_direction_additive,1,0.041710696922294586,0.07643036717114855,0.6951782820382432,1.273839452852476,1,0.0,4.627391713725108e-05,3.2846687840202775e-05,5.4265585773724295e-05,3.9009571803972436e-05
circle,53,0.99,sampling_plus_direction_rss,1,0.03313376322113473,0.05499428826898091,0.5522293870189122,0.9165714711496818,1,0.0,4.627391713725108e-05,3.2846687840202775e-05,5.4265585773724295e-05,3.9009571803972436e-05
circle,54,0.8,sampling_only,1,0.026773677515254037,0.0397076720369968,0.4462279585875673,0.6617945339499467,1,0.0,4.5630339934960885e-05,3.369580042901852e-05,5.194814449770189e-05,3.9499153720898785e-05
circle,54,0.8,sampling_plus_direction_additive,1,0.03602766539777782,0.09512034162693046,0.6004610899629637,1.5853390271155077,1,0.0,4.5630339934960885e-05,3.369580042901852e-05,5.194814449770189e-05,3.9499153720898785e-05
circle,54,0.8,sampling_plus_direction_rss,1,0.028570023853990628,0.070659544929023,0.4761670642331772,1.1776590821503834,1,0.0,4.5630339934960885e-05,3.369580042901852e-05,5.194814449770189e-05,3.9499153720898785e-05
circle,54,0.9,sampling_only,1,0.027858158827166447,0.041316051320684506,0.4643026471194408,0.6886008553447418,1,0.0,4.5630339934960885e-05,3.369580042901852e-05,5.194814449770189e-05,3.9499153720898785e-05
circle,54,0.9,sampling_plus_direction_additive,1,0.037486984156415395,0.09897323904150333,0.62478306927359,1.6495539840250557,1,0.0,4.5630339934960885e-05,3.369580042901852e-05,5.194814449770189e-05,3.9499153720898785e-05
circle,54,0.9,sampling_plus_direction_rss,1,0.02972726708039805,0.07352164543576518,0.4954544513399675,1.2253607572627532,1,0.0,4.5630339934960885e-05,3.369580042901852e-05,5.194814449770189e-05,3.9499153720898785e-05
circle,54,0.95,sampling_only,1,0.028905595959163078,0.042869490891808,0.481759932652718,0.7144915148634666,1,0.0,4.5630339934960885e-05,3.369580042901852e-05,5.194814449770189e-05,3.9499153720898785e-05
circle,54,0.95,sampling_plus_direction_additive,1,0.03889645487612817,0.10269452752611614,0.6482742479354695,1.7115754587686025,0,0.0,4.5630339934960885e-05,3.369580042901852e-05,5.194814449770189e-05,3.9499153720898785e-05
circle,54,0.95,sampling_plus_direction_rss,1,0.030844980694063925,0.07628598108022329,0.5140830115677321,1.2714330180037214,1,0.0,4.5630339934960885e-05,3.369580042901852e-05,5.194814449770189e-05,3.9499153720898785e-05
circle,54,0.99,sampling_only,1,0.031213180710688942,0.046291838025815234,0.5202196785114824,0.7715306337635872,1,0.0,4.5630339934960885e-05,3.369580042901852e-05,5.194814449770189e-05,3.9499153720898785e-05
circle,54,0.99,sampling_plus_direction_additive,1,0.04200162753153277,0.11089281294182635,0.7000271255255461,1.8482135490304392,0,0.0,4.5630339934960885e-05,3.369580042901852e-05,5.194814449770189e-05,3.9499153720898785e-05
circle,54,0.99,sampling_plus_direction_rss,1,0.03330738995250955,0.08237602561501206,0.5551231658751592,1.372933760250201,1,0.0,4.5630339934960885e-05,3.369580042901852e-05,5.194814449770189e-05,3.9499153720898785e-05
circle,55,0.8,sampling_only,1,0.027055646290514348,0.0386059746672658,0.45092743817523917,0.6434329111210967,1,0.0,4.666032421822887e-05,3.265901373142129e-05,5.417046727629225e-05,3.887955962224467e-05
circle,55,0.8,sampling_plus_direction_additive,1,0.03614356796921564,0.09922466727169832,0.6023927994869274,1.6537444545283053,1,0.0,4.666032421822887e-05,3.265901373142129e-05,5.417046727629225e-05,3.887955962224467e-05
circle,55,0.8,sampling_plus_direction_rss,1,0.02874043595591008,0.07489051159018391,0.4790072659318347,1.2481751931697318,1,0.0,4.666032421822887e-05,3.265901373142129e-05,5.417046727629225e-05,3.887955962224467e-05
circle,55,0.9,sampling_only,1,0.028151548889888606,0.040169729143316395,0.46919248149814347,0.66949548572194,1,0.0,4.666032421822887e-05,3.265901373142129e-05,5.417046727629225e-05,3.887955962224467e-05
circle,55,0.9,sampling_plus_direction_additive,1,0.03760758141996846,0.10324381246665988,0.626793023666141,1.7207302077776647,1,0.0,4.666032421822887e-05,3.265901373142129e-05,5.417046727629225e-05,3.887955962224467e-05
circle,55,0.9,sampling_plus_direction_rss,1,0.029904581810458523,0.07792398953555922,0.4984096968409754,1.2987331589259872,1,0.0,4.666032421822887e-05,3.265901373142129e-05,5.417046727629225e-05,3.887955962224467e-05
circle,55,0.95,sampling_only,1,0.029210017176088954,0.04168006822020924,0.4868336196014826,0.694667803670154,1,0.0,4.666032421822887e-05,3.265901373142129e-05,5.417046727629225e-05,3.887955962224467e-05
circle,55,0.95,sampling_plus_direction_additive,1,0.039021586468480425,0.10712566996834877,0.6503597744746737,1.7854278328058129,1,0.0,4.666032421822887e-05,3.265901373142129e-05,5.417046727629225e-05,3.887955962224467e-05
circle,55,0.95,sampling_plus_direction_rss,1,0.031028962269319286,0.08085384863426133,0.5171493711553214,1.3475641439043555,1,0.0,4.666032421822887e-05,3.265901373142129e-05,5.417046727629225e-05,3.887955962224467e-05
circle,55,0.99,sampling_only,1,0.03154190441074685,0.045007461642693695,0.5256984068457808,0.7501243607115616,1,0.0,4.666032421822887e-05,3.265901373142129e-05,5.417046727629225e-05,3.887955962224467e-05
circle,55,0.99,sampling_plus_direction_additive,1,0.04213674859979323,0.11567770130737363,0.7022791433298872,1.9279616884562274,0,0.0,4.666032421822887e-05,3.265901373142129e-05,5.417046727629225e-05,3.887955962224467e-05
circle,55,0.99,sampling_plus_direction_rss,1,0.03350605910169421,0.08730855409939658,0.5584343183615702,1.4551425683232764,1,0.0,4.666032421822887e-05,3.265901373142129e-05,5.417046727629225e-05,3.887955962224467e-05
circle,56,0.8,sampling_only,1,0.026514119277639324,0.03749788707534345,0.44190198796065544,0.6249647845890575,1,0.0,4.4646784365215925e-05,3.426890923266728e-05,5.2060461387231047e-05,3.996247515349839e-05
circle,56,0.8,sampling_plus_direction_additive,1,0.035944001631335654,0.07688297479207631,0.5990666938555943,1.281382913201272,1,0.0,4.4646784365215925e-05,3.426890923266728e-05,5.2060461387231047e-05,3.996247515349839e-05
circle,56,0.8,sampling_plus_direction_rss,1,0.02831682902021945,0.05467236541677421,0.47194715033699086,0.9112060902795702,1,0.0,4.4646784365215925e-05,3.426890923266728e-05,5.2060461387231047e-05,3.996247515349839e-05
circle,56,0.9,sampling_only,1,0.027588087052220687,0.039016757904583955,0.4598014508703448,0.6502792984097326,1,0.0,4.4646784365215925e-05,3.426890923266728e-05,5.2060461387231047e-05,3.996247515349839e-05
circle,56,0.9,sampling_plus_direction_additive,1,0.03739993154691501,0.07999715846440655,0.6233321924485835,1.333285974406776,1,0.0,4.4646784365215925e-05,3.426890923266728e-05,5.2060461387231047e-05,3.996247515349839e-05
circle,56,0.9,sampling_plus_direction_rss,1,0.029463816462178098,0.05688689715372956,0.4910636077029683,0.9481149525621594,1,0.0,4.4646784365215925e-05,3.426890923266728e-05,5.2060461387231047e-05,3.996247515349839e-05
circle,56,0.95,sampling_only,1,0.028625369772824323,0.040483746489613184,0.47708949621373875,0.6747291081602198,1,0.0,4.4646784365215925e-05,3.426890923266728e-05,5.2060461387231047e-05,3.996247515349839e-05
circle,56,0.95,sampling_plus_direction_additive,1,0.03880612918113087,0.0830049665090691,0.6467688196855145,1.3834161084844852,1,0.0,4.4646784365215925e-05,3.426890923266728e-05,5.2060461387231047e-05,3.996247515349839e-05
circle,56,0.95,sampling_plus_direction_rss,1,0.030571624612899237,0.05902578396145298,0.509527076881654,0.9837630660242164,1,0.0,4.4646784365215925e-05,3.426890923266728e-05,5.2060461387231047e-05,3.996247515349839e-05
circle,56,0.99,sampling_only,1,0.030910583573220615,0.043715635436516416,0.5151763928870102,0.7285939239419403,1,0.0,4.4646784365215925e-05,3.426890923266728e-05,5.2060461387231047e-05,3.996247515349839e-05
circle,56,0.99,sampling_plus_direction_additive,1,0.04190409097685483,0.0896313995114485,0.6984015162809138,1.4938566585241417,1,0.0,4.4646784365215925e-05,3.426890923266728e-05,5.2060461387231047e-05,3.996247515349839e-05
circle,56,0.99,sampling_plus_direction_rss,1,0.0330122113728389,0.06373791649138724,0.5502035228806483,1.0622986081897874,1,0.0,4.4646784365215925e-05,3.426890923266728e-05,5.2060461387231047e-05,3.996247515349839e-05
circle,57,0.8,sampling_only,0,0.02715462971759495,0.04071000757578889,0.4525771619599158,0.6785001262631482,1,0.003940515442430081,4.690005888549587e-05,3.340717281610803e-05,5.5114666085340836e-05,3.937533350870308e-05
circle,57,0.8,sampling_plus_direction_additive,1,0.036113682013273446,0.07480181046461093,0.6018947002212242,1.2466968410768489,1,0.0,4.690005888549587e-05,3.340717281610803e-05,5.5114666085340836e-05,3.937533350870308e-05
circle,57,0.8,sampling_plus_direction_rss,0,0.02869704647023184,0.05555955774879507,0.4782841078371973,0.9259926291465845,1,0.002080204571138427,4.690005888549587e-05,3.340717281610803e-05,5.5114666085340836e-05,3.937533350870308e-05
circle,57,0.9,sampling_only,0,0.028254541690608554,0.04235898696603522,0.47090902817680924,0.705983116100587,1,0.002918655399505494,4.690005888549587e-05,3.340717281610803e-05,5.5114666085340836e-05,3.937533350870308e-05
circle,57,0.9,sampling_plus_direction_additive,1,0.037576484918306896,0.07783169552615567,0.6262747486384483,1.2971949254359278,1,0.0,4.690005888549587e-05,3.340717281610803e-05,5.5114666085340836e-05,3.937533350870308e-05
circle,57,0.9,sampling_plus_direction_rss,0,0.029859434811778017,0.057810025658642634,0.497657246862967,0.963500427644044,1,0.000982991698065129,4.690005888549587e-05,3.340717281610803e-05,5.5114666085340836e-05,3.937533350870308e-05
circle,57,0.95,sampling_only,0,0.029316882396535977,0.0439516398077844,0.48861470660893297,0.73252733012974,1,0.001931700492209372,4.690005888549587e-05,3.340717281610803e-05,5.5114666085340836e-05,3.937533350870308e-05
circle,57,0.95,sampling_plus_direction_additive,1,0.03898932077144175,0.08075808446830113,0.6498220128573625,1.3459680744716855,1,0.0,4.690005888549587e-05,3.340717281610803e-05,5.5114666085340836e-05,3.937533350870308e-05
circle,57,0.95,sampling_plus_direction_rss,1,0.030982117791522892,0.05998362111598103,0.5163686298587149,0.9997270185996839,1,0.0,4.690005888549587e-05,3.340717281610803e-05,5.5114666085340836e-05,3.937533350870308e-05
circle,57,0.99,sampling_only,1,0.03165730087038785,0.04746037680003622,0.5276216811731309,0.7910062800006038,1,0.0,4.690005888549587e-05,3.340717281610803e-05,5.5114666085340836e-05,3.937533350870308e-05
circle,57,0.99,sampling_plus_direction_additive,1,0.04210190707520238,0.08720514491101843,0.701698451253373,1.4534190818503072,1,0.0,4.690005888549587e-05,3.340717281610803e-05,5.5114666085340836e-05,3.937533350870308e-05
circle,57,0.99,sampling_plus_direction_rss,1,0.03345547494654231,0.06477221947679995,0.5575912491090385,1.0795369912799992,1,0.0,4.690005888549587e-05,3.340717281610803e-05,5.5114666085340836e-05,3.937533350870308e-05
circle,58,0.8,sampling_only,1,0.02705175192770867,0.03970576873856902,0.4508625321284778,0.6617628123094838,1,0.0,4.654558211039002e-05,3.3856474185655066e-05,5.5089709968204575e-05,3.982150374145507e-05
circle,58,0.8,sampling_plus_direction_additive,1,0.03724052521763134,0.09227480070017167,0.6206754202938557,1.5379133450028613,1,0.0,4.654558211039002e-05,3.3856474185655066e-05,5.5089709968204575e-05,3.982150374145507e-05
circle,58,0.8,sampling_plus_direction_rss,1,0.029281338303611296,0.07056347931479091,0.4880223050601883,1.1760579885798486,1,0.0,4.654558211039002e-05,3.3856474185655066e-05,5.5089709968204575e-05,3.982150374145507e-05
circle,58,0.9,sampling_only,1,0.028147496783953244,0.04131407092819392,0.46912494639922075,0.688567848803232,1,0.0,4.654558211039002e-05,3.3856474185655066e-05,5.5089709968204575e-05,3.982150374145507e-05
circle,58,0.9,sampling_plus_direction_additive,1,0.03874897147501656,0.09601243804426697,0.645816191250276,1.6002073007377828,1,0.0,4.654558211039002e-05,3.3856474185655066e-05,5.5089709968204575e-05,3.982150374145507e-05
circle,58,0.9,sampling_plus_direction_rss,1,0.03046739368057471,0.07342168863537488,0.5077898946762451,1.2236948105895813,1,0.0,4.654558211039002e-05,3.3856474185655066e-05,5.5089709968204575e-05,3.982150374145507e-05
circle,58,0.95,sampling_only,1,0.029205812715281686,0.042867436038666815,0.4867635452546948,0.7144572673111136,1,0.0,4.654558211039002e-05,3.3856474185655066e-05,5.5089709968204575e-05,3.982150374145507e-05
circle,58,0.95,sampling_plus_direction_additive,1,0.040205891575207514,0.09962240356155097,0.6700981929201253,1.6603733926925162,1,0.0,4.654558211039002e-05,3.3856474185655066e-05,5.5089709968204575e-05,3.982150374145507e-05
circle,58,0.95,sampling_plus_direction_rss,1,0.031612935266943774,0.07618226601048812,0.5268822544490629,1.2697044335081353,1,0.0,4.654558211039002e-05,3.3856474185655066e-05,5.5089709968204575e-05,3.982150374145507e-05
circle,58,0.99,sampling_only,1,0.03153736430041135,0.046289619130120425,0.5256227383401891,0.7714936521686738,1,0.0,4.654558211039002e-05,3.3856474185655066e-05,5.5089709968204575e-05,3.982150374145507e-05
circle,58,0.99,sampling_plus_direction_additive,1,0.04341559887380553,0.10757543589804967,0.7235933145634255,1.7929239316341612,1,0.0,4.654558211039002e-05,3.3856474185655066e-05,5.5089709968204575e-05,3.982150374145507e-05
circle,58,0.99,sampling_plus_direction_rss,1,0.03413665169458756,0.08226403078817511,0.5689441949097926,1.3710671798029186,1,0.0,4.654558211039002e-05,3.3856474185655066e-05,5.5089709968204575e-05,3.982150374145507e-05
circle,59,0.8,sampling_only,1,0.02673763013904077,0.04129723782412092,0.44562716898401283,0.688287297068682,1,0.0,4.543733601703172e-05,3.451947041560512e-05,5.203420934497445e-05,4.005032490340751e-05
circle,59,0.8,sampling_plus_direction_additive,1,0.03596897309349641,0.10757445607238181,0.599482884891607,1.7929076012063636,1,0.0,4.543733601703172e-05,3.451947041560512e-05,5.203420934497445e-05,4.005032490340751e-05
circle,59,0.8,sampling_plus_direction_rss,1,0.028453182192895228,0.08092636300385639,0.47421970321492046,1.3487727167309398,1,0.0,4.543733601703172e-05,3.451947041560512e-05,5.203420934497445e-05,4.005032490340751e-05
circle,59,0.9,sampling_only,1,0.027820651333798015,0.04297000327176422,0.46367752222996694,0.7161667211960704,1,0.0,4.543733601703172e-05,3.451947041560512e-05,5.203420934497445e-05,4.005032490340751e-05
circle,59,0.9,sampling_plus_direction_additive,1,0.03742591449074574,0.11193181367419698,0.6237652415124291,1.865530227903283,1,0.0,4.543733601703172e-05,3.451947041560512e-05,5.203420934497445e-05,4.005032490340751e-05
circle,59,0.9,sampling_plus_direction_rss,1,0.029605692688887176,0.08420432615511642,0.49342821148145294,1.403405435918607,1,0.0,4.543733601703172e-05,3.451947041560512e-05,5.203420934497445e-05,4.005032490340751e-05
circle,59,0.95,sampling_only,1,0.028866678223950382,0.044585629676513264,0.4811113037325064,0.7430938279418877,1,0.0,4.543733601703172e-05,3.451947041560512e-05,5.203420934497445e-05,4.005032490340751e-05
circle,59,0.95,sampling_plus_direction_additive,1,0.03883308905600488,0.11614033077762279,0.6472181509334147,1.9356721796270464,0,0.0,4.543733601703172e-05,3.451947041560512e-05,5.203420934497445e-05,4.005032490340751e-05
circle,59,0.95,sampling_plus_direction_rss,1,0.030718835234782263,0.08737031922870087,0.5119805872463711,1.4561719871450145,1,0.0,4.543733601703172e-05,3.451947041560512e-05,5.203420934497445e-05,4.005032490340751e-05
circle,59,0.99,sampling_only,1,0.031171156103974005,0.04814497919914735,0.5195192683995667,0.8024163199857892,1,0.0,4.543733601703172e-05,3.451947041560512e-05,5.203420934497445e-05,4.005032490340751e-05
circle,59,0.99,sampling_plus_direction_additive,1,0.04193320310613143,0.12541201840233873,0.6988867184355239,2.0902003067056456,0,0.0,4.543733601703172e-05,3.451947041560512e-05,5.203420934497445e-05,4.005032490340751e-05
circle,59,0.99,sampling_plus_direction_rss,1,0.033171174078532956,0.09434524604470325,0.5528529013088826,1.5724207674117208,1,0.0,4.543733601703172e-05,3.451947041560512e-05,5.203420934497445e-05,4.005032490340751e-05
circle,60,0.8,sampling_only,1,0.026687330160572946,0.03935016579308137,0.4447888360095491,0.6558360965513562,1,0.0,4.526676421950153e-05,3.356060984935767e-05,5.201251937992013e-05,3.9469034614720254e-05
circle,60,0.8,sampling_plus_direction_additive,1,0.03602617112684953,0.1314071274223023,0.6004361854474921,2.190118790371705,0,0.0,4.526676421950153e-05,3.356060984935767e-05,5.201251937992013e-05,3.9469034614720254e-05
circle,60,0.8,sampling_plus_direction_rss,1,0.028442661904458138,0.10228506043221469,0.4740443650743023,1.7047510072035783,1,0.0,4.526676421950153e-05,3.356060984935767e-05,5.201251937992013e-05,3.9469034614720254e-05
circle,60,0.9,sampling_only,1,0.027768313929331954,0.04094406410603962,0.4628052321555326,0.6824010684339936,1,0.0,4.526676421950153e-05,3.356060984935767e-05,5.201251937992013e-05,3.9469034614720254e-05
circle,60,0.9,sampling_plus_direction_additive,1,0.03748542935928947,0.1367298393979129,0.6247571559881578,2.2788306566318814,0,0.0,4.526676421950153e-05,3.356060984935767e-05,5.201251937992013e-05,3.9469034614720254e-05
circle,60,0.9,sampling_plus_direction_rss,1,0.029594746270860697,0.10642816839574974,0.49324577118101165,1.7738028065958291,1,0.0,4.526676421950153e-05,3.356060984935767e-05,5.201251937992013e-05,3.9469034614720254e-05
circle,60,0.95,sampling_only,1,0.028812372988761194,0.04248351735367115,0.48020621647935324,0.7080586225611859,1,0.0,4.526676421950153e-05,3.356060984935767e-05,5.201251937992013e-05,3.9469034614720254e-05
circle,60,0.95,sampling_plus_direction_additive,1,0.038894841620284545,0.14187073588449803,0.6482473603380757,2.364512264741634,0,0.0,4.526676421950153e-05,3.356060984935767e-05,5.201251937992013e-05,3.9469034614720254e-05
circle,60,0.95,sampling_plus_direction_rss,1,0.030707477243084515,0.11042975429235215,0.5117912873847419,1.8404959048725358,0,0.0,4.526676421950153e-05,3.356060984935767e-05,5.201251937992013e-05,3.9469034614720254e-05
circle,60,0.99,sampling_only,1,0.0311125155859964,0.04587505153878243,0.5185419264332733,0.7645841923130405,1,0.0,4.526676421950153e-05,3.356060984935767e-05,5.201251937992013e-05,3.9469034614720254e-05
circle,60,0.99,sampling_plus_direction_additive,1,0.04199988548662732,0.15319652716994084,0.6999980914437888,2.5532754528323474,0,0.0,4.526676421950153e-05,3.356060984935767e-05,5.201251937992013e-05,3.9469034614720254e-05
circle,60,0.99,sampling_plus_direction_rss,1,0.03315890935830809,0.1192455565155545,0.5526484893051349,1.9874259419259084,0,0.0,4.526676421950153e-05,3.356060984935767e-05,5.201251937992013e-05,3.9469034614720254e-05
circle,61,0.8,sampling_only,1,0.026991448466665388,0.044010415430278754,0.44985747444442314,0.7335069238379792,1,0.0,4.6466686708513064e-05,3.320760969402726e-05,5.466499518067795e-05,3.925783172382096e-05
circle,61,0.8,sampling_plus_direction_additive,1,0.03606362667820337,0.08512313892962146,0.6010604446367228,1.4187189821603579,1,0.0,4.6466686708513064e-05,3.320760969402726e-05,5.466499518067795e-05,3.925783172382096e-05
circle,61,0.8,sampling_plus_direction_rss,1,0.028565774570489897,0.06060664079329544,0.4760962428414983,1.0101106798882573,1,0.0,4.6466686708513064e-05,3.320760969402726e-05,5.466499518067795e-05,3.925783172382096e-05
circle,61,0.9,sampling_only,1,0.02808475070080443,0.04579307950533702,0.4680791783467405,0.7632179917556171,1,0.0,4.6466686708513064e-05,3.320760969402726e-05,5.466499518067795e-05,3.925783172382096e-05
circle,61,0.9,sampling_plus_direction_additive,1,0.0375244020666428,0.08857109460653222,0.6254067011107134,1.4761849101088704,1,0.0,4.6466686708513064e-05,3.320760969402726e-05,5.466499518067795e-05,3.925783172382096e-05
circle,61,0.9,sampling_plus_direction_rss,1,0.029722845677525863,0.06306154334751758,0.49538076129209774,1.0510257224586264,1,0.0,4.6466686708513064e-05,3.320760969402726e-05,5.466499518067795e-05,3.925783172382096e-05
circle,61,0.95,sampling_only,1,0.02914070744616567,0.04751485057283448,0.4856784574360945,0.791914176213908,1,0.0,4.6466686708513064e-05,3.320760969402726e-05,5.466499518067795e-05,3.925783172382096e-05
circle,61,0.95,sampling_plus_direction_additive,1,0.03893527965996904,0.09190127352783263,0.6489213276661507,1.531687892130544,1,0.0,4.6466686708513064e-05,3.320760969402726e-05,5.466499518067795e-05,3.925783172382096e-05
circle,61,0.95,sampling_plus_direction_rss,1,0.030840393051147934,0.06543259028256457,0.5140065508524656,1.0905431713760763,1,0.0,4.6466686708513064e-05,3.320760969402726e-05,5.466499518067795e-05,3.925783172382096e-05
circle,61,0.99,sampling_only,1,0.031467061562733586,0.05130804497048001,0.5244510260455598,0.8551340828413336,1,0.0,4.6466686708513064e-05,3.320760969402726e-05,5.466499518067795e-05,3.925783172382096e-05
circle,61,0.99,sampling_plus_direction_additive,1,0.04204355176640379,0.09923791442388057,0.7007258627733965,1.6539652403980094,1,0.0,4.6466686708513064e-05,3.320760969402726e-05,5.466499518067795e-05,3.925783172382096e-05
circle,61,0.99,sampling_plus_direction_rss,1,0.03330243606996115,0.07065618947083943,0.5550406011660193,1.1776031578473238,1,0.0,4.6466686708513064e-05,3.320760969402726e-05,5.466499518067795e-05,3.925783172382096e-05
circle,62,0.8,sampling_only,1,0.026790409504752376,0.04046727571852928,0.4465068250792063,0.6744545953088213,1,0.0,4.569611104578064e-05,3.354793453381344e-05,5.4047705076727586e-05,3.9487889134228676e-05
circle,62,0.8,sampling_plus_direction_additive,1,0.03596125114669884,0.14222849379002994,0.599354185778314,2.370474896500499,0,0.0,4.569611104578064e-05,3.354793453381344e-05,5.4047705076727586e-05,3.9487889134228676e-05
circle,62,0.8,sampling_plus_direction_rss,1,0.028460640255314033,0.11163926889937824,0.4743440042552339,1.860654481656304,0,0.0,4.569611104578064e-05,3.354793453381344e-05,5.4047705076727586e-05,3.9487889134228676e-05
circle,62,0.9,sampling_only,1,0.027875568554338724,0.04210642313246777,0.4645928092389788,0.7017737188744628,1,0.0,4.569611104578064e-05,3.354793453381344e-05,5.4047705076727586e-05,3.9487889134228676e-05
circle,62,0.9,sampling_plus_direction_additive,1,0.03741787976259832,0.14798953066846618,0.6236313293766387,2.4664921778077695,0,0.0,4.569611104578064e-05,3.354793453381344e-05,5.4047705076727586e-05,3.9487889134228676e-05
circle,62,0.9,sampling_plus_direction_rss,1,0.029613452843885963,0.11616127379496873,0.4935575473980994,1.9360212299161454,0,0.0,4.569611104578064e-05,3.354793453381344e-05,5.4047705076727586e-05,3.9487889134228676e-05
circle,62,0.95,sampling_only,1,0.028923660273553822,0.04368957984279208,0.4820610045592304,0.7281596640465346,1,0.0,4.569611104578064e-05,3.354793453381344e-05,5.4047705076727586e-05,3.9487889134228676e-05
circle,62,0.95,sampling_plus_direction_additive,1,0.03882475223062773,0.15355377956698799,0.6470792038437955,2.5592296594498,0,0.0,4.569611104578064e-05,3.354793453381344e-05,5.4047705076727586e-05,3.9487889134228676e-05
circle,62,0.95,sampling_plus_direction_rss,1,0.03072688716335252,0.12052881409896855,0.5121147860558753,2.0088135683161426,0,0.0,4.569611104578064e-05,3.354793453381344e-05,5.4047705076727586e-05,3.9487889134228676e-05
circle,62,0.99,sampling_only,1,0.031232687131185835,0.04717739612543265,0.5205447855197639,0.7862899354238775,1,0.0,4.569611104578064e-05,3.354793453381344e-05,5.4047705076727586e-05,3.9487889134228676e-05
circle,62,0.99,sampling_plus_direction_additive,1,0.04192420073726769,0.16581224885329995,0.6987366789544616,2.7635374808883326,0,0.0,4.569611104578064e-05,3.354793453381344e-05,5.4047705076727586e-05,3.9487889134228676e-05
circle,62,0.99,sampling_plus_direction_rss,1,0.033179868806774794,0.13015084209407402,0.5529978134462465,2.1691807015679005,0,0.0,4.569611104578064e-05,3.354793453381344e-05,5.4047705076727586e-05,3.9487889134228676e-05
circle,63,0.8,sampling_only,1,0.026620902043306287,0.035883123968336816,0.4436817007217715,0.598052066138947,1,0.0,4.4935644047605235e-05,3.430927387882074e-05,5.205375866244122e-05,3.995882334902827e-05
circle,63,0.8,sampling_plus_direction_additive,1,0.035746481301440675,0.057256542304918154,0.5957746883573446,0.9542757050819692,1,0.0,4.4935644047605235e-05,3.430927387882074e-05,5.205375866244122e-05,3.995882334902827e-05
circle,63,0.8,sampling_plus_direction_rss,1,0.028239457593204065,0.04053253958611932,0.4706576265534011,0.675542326435322,1,0.0,4.4935644047605235e-05,3.430927387882074e-05,5.205375866244122e-05,3.995882334902827e-05
circle,63,0.9,sampling_only,1,0.02769919510767028,0.03733658800347081,0.46165325179450467,0.6222764667245135,1,0.0,4.4935644047605235e-05,3.430927387882074e-05,5.205375866244122e-05,3.995882334902827e-05
circle,63,0.9,sampling_plus_direction_additive,1,0.03719441055643196,0.05957574743013969,0.6199068426071993,0.9929291238356616,1,0.0,4.4935644047605235e-05,3.430927387882074e-05,5.205375866244122e-05,3.995882334902827e-05
circle,63,0.9,sampling_plus_direction_rss,1,0.029383311066486707,0.042174330545932455,0.4897218511081118,0.7029055090988743,1,0.0,4.4935644047605235e-05,3.430927387882074e-05,5.205375866244122e-05,3.995882334902827e-05
circle,63,0.95,sampling_only,1,0.02874065537294454,0.038740403987848025,0.47901092288240904,0.6456733997974671,1,0.0,4.4935644047605235e-05,3.430927387882074e-05,5.205375866244122e-05,3.995882334902827e-05
circle,63,0.95,sampling_plus_direction_additive,1,0.03859288082007131,0.06181573214743297,0.6432146803345219,1.0302622024572161,1,0.0,4.4935644047605235e-05,3.430927387882074e-05,5.205375866244122e-05,3.995882334902827e-05
circle,63,0.95,sampling_plus_direction_rss,1,0.03048809229998419,0.04376004050275241,0.5081348716664033,0.7293340083792068,1,0.0,4.4935644047605235e-05,3.430927387882074e-05,5.205375866244122e-05,3.995882334902827e-05
circle,63,0.99,sampling_only,1,0.031035072626308335,0.041833118825369685,0.5172512104384723,0.6972186470894948,1,0.0,4.4935644047605235e-05,3.430927387882074e-05,5.205375866244122e-05,3.995882334902827e-05
circle,63,0.99,sampling_plus_direction_additive,1,0.04167381862269152,0.06675059116605855,0.6945636437115253,1.1125098527676427,1,0.0,4.4935644047605235e-05,3.430927387882074e-05,5.205375866244122e-05,3.995882334902827e-05
circle,63,0.99,sampling_plus_direction_rss,1,0.03292201052792698,0.04725348178425952,0.5487001754654497,0.7875580297376586,1,0.0,4.4935644047605235e-05,3.430927387882074e-05,5.205375866244122e-05,3.995882334902827e-05
circle,64,0.8,sampling_only,1,0.02665340312290913,0.039698891139356034,0.4442233853818188,0.661648185655934,1,0.0,4.524097017620354e-05,3.3944125429421677e-05,5.2480750049696443e-05,3.974180550189804e-05
circle,64,0.8,sampling_plus_direction_additive,1,0.03625481165008374,0.09618424061359702,0.604246860834729,1.6030706768932839,1,0.0,4.524097017620354e-05,3.3944125429421677e-05,5.2480750049696443e-05,3.974180550189804e-05
circle,64,0.8,sampling_plus_direction_rss,1,0.02853569432429452,0.07130014207582865,0.4755949054049087,1.1883357012638107,1,0.0,4.524097017620354e-05,3.3944125429421677e-05,5.2480750049696443e-05,3.974180550189804e-05
circle,64,0.9,sampling_only,1,0.02773301265989539,0.04130691474835587,0.4622168776649232,0.6884485791392645,1,0.0,4.524097017620354e-05,3.3944125429421677e-05,5.2480750049696443e-05,3.974180550189804e-05
circle,64,0.9,sampling_plus_direction_additive,1,0.037723331082239416,0.10008023179323616,0.6287221847039903,1.6680038632206027,1,0.0,4.524097017620354e-05,3.3944125429421677e-05,5.2480750049696443e-05,3.974180550189804e-05
circle,64,0.9,sampling_plus_direction_rss,1,0.029691547015786416,0.07418819029310778,0.49485911692977363,1.236469838218463,1,0.0,4.524097017620354e-05,3.3944125429421677e-05,5.2480750049696443e-05,3.974180550189804e-05
circle,64,0.95,sampling_only,1,0.028775744429152872,0.042860010794080736,0.4795957404858812,0.714333513234679,1,0.0,4.524097017620354e-05,3.3944125429421677e-05,5.2480750049696443e-05,3.974180550189804e-05
circle,64,0.95,sampling_plus_direction_additive,1,0.03914168819490003,0.10384314202752058,0.6523614699150004,1.7307190337920098,1,0.0,4.524097017620354e-05,3.3944125429421677e-05,5.2480750049696443e-05,3.974180550189804e-05
circle,64,0.95,sampling_plus_direction_rss,1,0.030807917593027534,0.07697758731502638,0.5134652932171256,1.2829597885837731,1,0.0,4.524097017620354e-05,3.3944125429421677e-05,5.2480750049696443e-05,3.974180550189804e-05
circle,64,0.99,sampling_only,1,0.03107296290381534,0.0462816011151515,0.5178827150635891,0.7713600185858583,1,0.0,4.524097017620354e-05,3.3944125429421677e-05,5.2480750049696443e-05,3.974180550189804e-05
circle,64,0.99,sampling_plus_direction_additive,1,0.04226643825904457,0.11213312336648962,0.7044406376507428,1.8688853894414936,1,0.0,4.524097017620354e-05,3.3944125429421677e-05,5.2480750049696443e-05,3.974180550189804e-05
circle,64,0.99,sampling_plus_direction_rss,1,0.03326736803869113,0.0831228439964094,0.5544561339781856,1.38538073327349,1,0.0,4.524097017620354e-05,3.3944125429421677e-05,5.2480750049696443e-05,3.974180550189804e-05
circle,65,0.8,sampling_only,1,0.026639477790695924,0.0368827786386804,0.44399129651159874,0.61471297731134,1,0.0,4.5065359757492835e-05,3.44081681529977e-05,5.287746318598572e-05,4.0102277423214924e-05
circle,65,0.8,sampling_plus_direction_additive,1,0.035876869283372845,0.13317776759699193,0.5979478213895474,2.2196294599498656,0,0.0,4.5065359757492835e-05,3.44081681529977e-05,5.287746318598572e-05,4.0102277423214924e-05
circle,65,0.8,sampling_plus_direction_rss,1,0.028380364563381753,0.1091583747554742,0.4730060760563626,1.8193062459245701,1,0.0,4.5065359757492835e-05,3.44081681529977e-05,5.287746318598572e-05,4.0102277423214924e-05
circle,65,0.9,sampling_only,1,0.0277185232750772,0.03837673419044434,0.46197538791795334,0.6396122365074056,1,0.0,4.5065359757492835e-05,3.44081681529977e-05,5.287746318598572e-05,4.0102277423214924e-05
circle,65,0.9,sampling_plus_direction_additive,1,0.037330079969337626,0.13857220024595712,0.6221679994889605,2.309536670765952,0,0.0,4.5065359757492835e-05,3.44081681529977e-05,5.287746318598572e-05,4.0102277423214924e-05
circle,65,0.9,sampling_plus_direction_rss,1,0.02952992554456236,0.11357988978244787,0.492165425742706,1.892998163040798,1,0.0,4.5065359757492835e-05,3.44081681529977e-05,5.287746318598572e-05,4.0102277423214924e-05
circle,65,0.95,sampling_only,1,0.028760710258881612,0.039819658564780126,0.4793451709813602,0.6636609760796688,1,0.0,4.5065359757492835e-05,3.44081681529977e-05,5.287746318598572e-05,4.0102277423214924e-05
circle,65,0.95,sampling_plus_direction_additive,1,0.03873365125855571,0.14378236754023455,0.6455608543092619,2.3963727923372424,0,0.0,4.5065359757492835e-05,3.44081681529977e-05,5.287746318598572e-05,4.0102277423214924e-05
circle,65,0.95,sampling_plus_direction_rss,1,0.030640219326443875,0.11785037279406052,0.5106703221073979,1.9641728799010088,0,0.0,4.5065359757492835e-05,3.44081681529977e-05,5.287746318598572e-05,4.0102277423214924e-05
circle,65,0.99,sampling_only,1,0.031056728529191995,0.04299853220035118,0.5176121421532,0.7166422033391864,1,0.0,4.5065359757492835e-05,3.44081681529977e-05,5.287746318598572e-05,4.0102277423214924e-05
circle,65,0.99,sampling_plus_direction_additive,1,0.041825827013777586,0.15526076775529582,0.6970971168962932,2.5876794625882638,0,0.0,4.5065359757492835e-05,3.44081681529977e-05,5.287746318598572e-05,4.0102277423214924e-05
circle,65,0.99,sampling_plus_direction_rss,1,0.03308628212345382,0.1272585760916301,0.551438035390897,2.1209762681938353,0,0.0,4.5065359757492835e-05,3.44081681529977e-05,5.287746318598572e-05,4.0102277423214924e-05
circle,66,0.8,sampling_only,1,0.026620710003798488,0.035875836097027956,0.44367850006330817,0.5979306016171326,1,0.0,4.5018608911614356e-05,3.393605696687133e-05,5.2299161450083156e-05,3.977874365774537e-05
circle,66,0.8,sampling_plus_direction_additive,1,0.0355403323637791,0.06808941668611874,0.5923388727296517,1.1348236114353125,1,0.0,4.5018608911614356e-05,3.393605696687133e-05,5.2299161450083156e-05,3.977874365774537e-05
circle,66,0.8,sampling_plus_direction_rss,1,0.028177437109211848,0.04821608020184408,0.46962395182019745,0.8036013366974013,1,0.0,4.5018608911614356e-05,3.393605696687133e-05,5.2299161450083156e-05,3.977874365774537e-05
circle,66,0.9,sampling_only,1,0.027698995289505347,0.03732900493325871,0.4616499214917558,0.6221500822209786,1,0.0,4.5018608911614356e-05,3.393605696687133e-05,5.2299161450083156e-05,3.977874365774537e-05
circle,66,0.9,sampling_plus_direction_additive,1,0.03697991145207262,0.07084741285205605,0.6163318575345437,1.180790214200934,1,0.0,4.5018608911614356e-05,3.393605696687133e-05,5.2299161450083156e-05,3.977874365774537e-05
circle,66,0.9,sampling_plus_direction_rss,1,0.02931877841150838,0.05016909684973559,0.488646306858473,0.8361516141622599,1,0.0,4.5018608911614356e-05,3.393605696687133e-05,5.2299161450083156e-05,3.977874365774537e-05
circle,66,0.95,sampling_only,1,0.028740448041829212,0.03873253580226402,0.4790074673638202,0.645542263371067,1,0.0,4.5018608911614356e-05,3.393605696687133e-05,5.2299161450083156e-05,3.977874365774537e-05
circle,66,0.95,sampling_plus_direction_additive,1,0.03837031677760606,0.07351120019663726,0.6395052796267676,1.2251866699439544,1,0.0,4.5018608911614356e-05,3.393605696687133e-05,5.2299161450083156e-05,3.977874365774537e-05
circle,66,0.95,sampling_plus_direction_rss,1,0.030421133285838703,0.052055401513484735,0.5070188880973118,0.8675900252247456,1,0.0,4.5018608911614356e-05,3.393605696687133e-05,5.2299161450083156e-05,3.977874365774537e-05
circle,66,0.99,sampling_only,1,0.031034848743584077,0.04182462250864105,0.5172474790597347,0.6970770418106842,1,0.0,4.5018608911614356e-05,3.393605696687133e-05,5.2299161450083156e-05,3.977874365774537e-05
circle,66,0.99,sampling_plus_direction_additive,1,0.041433486899831215,0.07937972907525916,0.6905581149971869,1.3229954845876526,1,0.0,4.5018608911614356e-05,3.393605696687133e-05,5.2299161450083156e-05,3.977874365774537e-05
circle,66,0.99,sampling_plus_direction_rss,1,0.03284970605748169,0.05621107610800887,0.5474951009580282,0.9368512684668145,1,0.0,4.5018608911614356e-05,3.393605696687133e-05,5.2299161450083156e-05,3.977874365774537e-05
circle,67,0.8,sampling_only,1,0.026467291725421338,0.04169643608425728,0.4411215287570223,0.694940601404288,1,0.0,4.454609366982441e-05,3.4607954003187614e-05,5.223675743660013e-05,4.027807433680802e-05
circle,67,0.8,sampling_plus_direction_additive,1,0.035813424062159316,0.09804979072145589,0.5968904010359887,1.6341631786909316,1,0.0,4.454609366982441e-05,3.4607954003187614e-05,5.223675743660013e-05,4.027807433680802e-05
circle,67,0.8,sampling_plus_direction_rss,1,0.028264766565624426,0.07371761979756962,0.47107944276040714,1.2286269966261603,1,0.0,4.454609366982441e-05,3.4607954003187614e-05,5.223675743660013e-05,4.027807433680802e-05
circle,67,0.9,sampling_only,1,0.027539362726381144,0.043385371258775764,0.4589893787730191,0.7230895209795961,1,0.0,4.454609366982441e-05,3.4607954003187614e-05,5.223675743660013e-05,4.027807433680802e-05
circle,67,0.9,sampling_plus_direction_additive,1,0.037264064867438225,0.10202134694916347,0.6210677477906371,1.7003557824860578,1,0.0,4.454609366982441e-05,3.4607954003187614e-05,5.223675743660013e-05,4.027807433680802e-05
circle,67,0.9,sampling_plus_direction_rss,1,0.02940964519160034,0.07670358916929976,0.490160753193339,1.2783931528216628,1,0.0,4.454609366982441e-05,3.4607954003187614e-05,5.223675743660013e-05,4.027807433680802e-05
circle,67,0.95,sampling_only,1,0.02857481346417384,0.045016615057902436,0.476246891069564,0.7502769176317073,1,0.0,4.454609366982441e-05,3.4607954003187614e-05,5.223675743660013e-05,4.027807433680802e-05
circle,67,0.95,sampling_plus_direction_additive,1,0.03866515405906217,0.1058572410480462,0.6444192343177029,1.76428735080077,1,0.0,4.454609366982441e-05,3.4607954003187614e-05,5.223675743660013e-05,4.027807433680802e-05
circle,67,0.95,sampling_plus_direction_rss,1,0.030515416560183705,0.07958756251268496,0.5085902760030617,1.3264593752114162,1,0.0,4.454609366982441e-05,3.4607954003187614e-05,5.223675743660013e-05,4.027807433680802e-05
circle,67,0.99,sampling_only,1,0.03085599126520516,0.04861037090433726,0.5142665210867526,0.810172848405621,1,0.0,4.454609366982441e-05,3.4607954003187614e-05,5.223675743660013e-05,4.027807433680802e-05
circle,67,0.99,sampling_plus_direction_additive,1,0.04175186156193261,0.1143080114672471,0.6958643593655436,1.9051335244541185,0,0.0,4.454609366982441e-05,3.4607954003187614e-05,5.223675743660013e-05,4.027807433680802e-05
circle,67,0.99,sampling_plus_direction_rss,1,0.03295151613205285,0.08594117812140119,0.5491919355342142,1.4323529686900198,1,0.0,4.454609366982441e-05,3.4607954003187614e-05,5.223675743660013e-05,4.027807433680802e-05
circle,68,0.8,sampling_only,1,0.026612816502640323,0.03716845718193691,0.44354694171067205,0.6194742863656152,1,0.0,4.5018528118011604e-05,3.4433003455027924e-05,5.1120081058319553e-05,4.003655527374777e-05
circle,68,0.8,sampling_plus_direction_additive,1,0.03627429541398212,0.08968963995940153,0.6045715902330353,1.4948273326566923,1,0.0,4.5018528118011604e-05,3.4433003455027924e-05,5.1120081058319553e-05,4.003655527374777e-05
circle,68,0.8,sampling_plus_direction_rss,1,0.028633329025480953,0.0686274631297514,0.4772221504246826,1.1437910521625234,1,0.0,4.5018528118011604e-05,3.4433003455027924e-05,5.1120081058319553e-05,4.003655527374777e-05
circle,68,0.9,sampling_only,1,0.027690782058101437,0.038673984287186526,0.46151303430169066,0.6445664047864421,1,0.0,4.5018528118011604e-05,3.4433003455027924e-05,5.1120081058319553e-05,4.003655527374777e-05
circle,68,0.9,sampling_plus_direction_additive,1,0.037743604045821756,0.09332256406378377,0.6290600674303626,1.5553760677297295,1,0.0,4.5018528118011604e-05,3.4433003455027924e-05,5.1120081058319553e-05,4.003655527374777e-05
circle,68,0.9,sampling_plus_direction_rss,1,0.029793136459789576,0.07140725313826893,0.4965522743298263,1.1901208856378156,1,0.0,4.5018528118011604e-05,3.4433003455027924e-05,5.1120081058319553e-05,4.003655527374777e-05
circle,68,0.95,sampling_only,1,0.028731926001663046,0.040128084948898274,0.4788654333610508,0.6688014158149712,1,0.0,4.5018528118011604e-05,3.4433003455027924e-05,5.1120081058319553e-05,4.003655527374777e-05
circle,68,0.95,sampling_plus_direction_additive,1,0.039162723400343484,0.09683139318131395,0.6527120566723914,1.6138565530218993,1,0.0,4.5018528118011604e-05,3.4433003455027924e-05,5.1120081058319553e-05,4.003655527374777e-05
circle,68,0.95,sampling_plus_direction_rss,1,0.030913326692038334,0.0740920898819653,0.5152221115339722,1.2348681646994217,1,0.0,4.5018528118011604e-05,3.4433003455027924e-05,5.1120081058319553e-05,4.003655527374777e-05
circle,68,0.99,sampling_only,1,0.031025646373907763,0.043331580807168514,0.5170941062317961,0.7221930134528086,1,0.0,4.5018528118011604e-05,3.4433003455027924e-05,5.1120081058319553e-05,4.003655527374777e-05
circle,68,0.99,sampling_plus_direction_additive,1,0.04228915274207134,0.10456161423227874,0.7048192123678557,1.742693570537979,1,0.0,4.5018528118011604e-05,3.4433003455027924e-05,5.1120081058319553e-05,4.003655527374777e-05
circle,68,0.99,sampling_plus_direction_rss,1,0.03338119213215121,0.08000699220959255,0.5563532022025202,1.3334498701598758,1,0.0,4.5018528118011604e-05,3.4433003455027924e-05,5.1120081058319553e-05,4.003655527374777e-05
circle,69,0.8,sampling_only,0,0.026919684837051913,0.038542233747063136,0.44866141395086523,0.6423705624510523,1,0.0014521894628140158,4.610726448663624e-05,3.3417304809568524e-05,5.443968382346124e-05,3.934632656649632e-05
circle,69,0.8,sampling_plus_direction_additive,1,0.037120620973248704,0.29881704968581463,0.6186770162208117,4.9802841614302436,0,0.0,4.610726448663624e-05,3.3417304809568524e-05,5.443968382346124e-05,3.934632656649632e-05
circle,69,0.8,sampling_plus_direction_rss,1,0.0293494729603392,0.2664862940955102,0.48915788267231997,4.441438234925171,0,0.0,4.610726448663624e-05,3.3417304809568524e-05,5.443968382346124e-05,3.934632656649632e-05
circle,69,0.9,sampling_only,0,0.02801008024917719,0.040103406364991157,0.4668346708196198,0.6683901060831859,1,0.0004793564426242361,4.610726448663624e-05,3.3417304809568524e-05,5.443968382346124e-05,3.934632656649632e-05
circle,69,0.9,sampling_plus_direction_additive,1,0.038624210448737685,0.3109207850012354,0.6437368408122948,5.182013083353923,0,0.0,4.610726448663624e-05,3.3417304809568524e-05,5.443968382346124e-05,3.934632656649632e-05
circle,69,0.9,sampling_plus_direction_rss,1,0.03053828816593926,0.2772804558486993,0.508971469432321,4.621340930811655,0,0.0,4.610726448663624e-05,3.3417304809568524e-05,5.443968382346124e-05,3.934632656649632e-05
circle,69,0.95,sampling_only,1,0.02906322946500345,0.04161125177598361,0.4843871577500575,0.6935208629330603,1,0.0,4.610726448663624e-05,3.3417304809568524e-05,5.443968382346124e-05,3.934632656649632e-05
circle,69,0.95,sampling_plus_direction_additive,1,0.04007643966708102,0.32261107571069364,0.6679406611180171,5.3768512618448945,0,0.0,4.610726448663624e-05,3.3417304809568524e-05,5.443968382346124e-05,3.934632656649632e-05
circle,69,0.95,sampling_plus_direction_rss,1,0.031686495309529286,0.28770590597391216,0.5281082551588214,4.795098432898536,0,0.0,4.610726448663624e-05,3.3417304809568524e-05,5.443968382346124e-05,3.934632656649632e-05
circle,69,0.99,sampling_only,1,0.03138339837756583,0.04493315146024611,0.5230566396260973,0.7488858576707685,1,0.0,4.610726448663624e-05,3.3417304809568524e-05,5.443968382346124e-05,3.934632656649632e-05
circle,69,0.99,sampling_plus_direction_additive,1,0.04327581259133605,0.3483656873794892,0.7212635431889343,5.806094789658154,0,0.0,4.610726448663624e-05,3.3417304809568524e-05,5.443968382346124e-05,3.934632656649632e-05
circle,69,0.99,sampling_plus_direction_rss,1,0.03421608416522581,0.3106739763256627,0.5702680694204303,5.1778996054277115,0,0.0,4.610726448663624e-05,3.3417304809568524e-05,5.443968382346124e-05,3.934632656649632e-05
circle,70,0.8,sampling_only,1,0.026441777421066792,0.03622021763097677,0.44069629035111324,0.6036702938496129,1,0.0,4.431974040657507e-05,3.509217171021646e-05,5.1744385138727664e-05,4.057682110453968e-05
circle,70,0.8,sampling_plus_direction_additive,1,0.03551216951023789,0.07667188806978917,0.5918694918372982,1.2778648011631528,1,0.0,4.431974040657507e-05,3.509217171021646e-05,5.1744385138727664e-05,4.057682110453968e-05
circle,70,0.8,sampling_plus_direction_rss,1,0.028059087475793103,0.0557772135562307,0.46765145792988505,0.9296202259371784,1,0.0,4.431974040657507e-05,3.509217171021646e-05,5.1744385138727664e-05,4.057682110453968e-05
circle,70,0.9,sampling_only,1,0.02751281495225976,0.03768733581493992,0.45854691587099605,0.628122263582332,1,0.0,4.431974040657507e-05,3.509217171021646e-05,5.1744385138727664e-05,4.057682110453968e-05
circle,70,0.9,sampling_plus_direction_additive,1,0.03695060784794389,0.07977752156796486,0.6158434641323982,1.329625359466081,1,0.0,4.431974040657507e-05,3.509217171021646e-05,5.1744385138727664e-05,4.057682110453968e-05
circle,70,0.9,sampling_plus_direction_rss,1,0.029195634966494605,0.05803649772434009,0.48659391610824343,0.9672749620723349,1,0.0,4.431974040657507e-05,3.509217171021646e-05,5.1744385138727664e-05,4.057682110453968e-05
circle,70,0.95,sampling_only,1,0.02854726752199121,0.03910433954384752,0.47578779203318683,0.6517389923974587,1,0.0,4.431974040657507e-05,3.509217171021646e-05,5.1744385138727664e-05,4.057682110453968e-05
circle,70,0.95,sampling_plus_direction_additive,1,0.03833991138913988,0.0827770714990056,0.6389985231523313,1.37961785831676,1,0.0,4.431974040657507e-05,3.509217171021646e-05,5.1744385138727664e-05,4.057682110453968e-05
circle,70,0.95,sampling_plus_direction_rss,1,0.03029335977831183,0.06021860829039199,0.5048893296385305,1.0036434715065332,1,0.0,4.431974040657507e-05,3.509217171021646e-05,5.1744385138727664e-05,4.057682110453968e-05
circle,70,0.99,sampling_only,1,0.030826246281832136,0.042226107999248176,0.513770771363869,0.7037684666541363,1,0.0,4.431974040657507e-05,3.509217171021646e-05,5.1744385138727664e-05,4.057682110453968e-05
circle,70,0.99,sampling_plus_direction_additive,1,0.04140065419553014,0.08938531124043599,0.6900109032588357,1.4897551873405999,1,0.0,4.431974040657507e-05,3.509217171021646e-05,5.1744385138727664e-05,4.057682110453968e-05
circle,70,0.99,sampling_plus_direction_rss,1,0.03271173216529454,0.06502596609215933,0.5451955360882423,1.0837661015359887,1,0.0,4.431974040657507e-05,3.509217171021646e-05,5.1744385138727664e-05,4.057682110453968e-05
circle,71,0.8,sampling_only,1,0.026734782176184295,0.03680064329851272,0.4455797029364049,0.613344054975212,1,0.0,4.546421991251728e-05,3.3557719716033885e-05,5.218952448844418e-05,3.9460389124977566e-05
circle,71,0.8,sampling_plus_direction_additive,1,0.03652123302870146,0.28692673406276537,0.6086872171450243,4.782112234379423,0,0.0,4.546421991251728e-05,3.3557719716033885e-05,5.218952448844418e-05,3.9460389124977566e-05
circle,71,0.8,sampling_plus_direction_rss,1,0.029097619099337217,0.2528188059227231,0.484960318322287,4.213646765378718,0,0.0,4.546421991251728e-05,3.3557719716033885e-05,5.218952448844418e-05,3.9460389124977566e-05
circle,71,0.9,sampling_only,1,0.027817688012769584,0.03829127191689559,0.4636281335461597,0.6381878652815932,1,0.0,4.546421991251728e-05,3.3557719716033885e-05,5.218952448844418e-05,3.9460389124977566e-05
circle,71,0.9,sampling_plus_direction_additive,1,0.03800054399317616,0.29854884614661514,0.6333423998862693,4.975814102443586,0,0.0,4.546421991251728e-05,3.3557719716033885e-05,5.218952448844418e-05,3.9460389124977566e-05
circle,71,0.9,sampling_plus_direction_rss,1,0.030276232837266874,0.26305935917384043,0.5046038806211146,4.384322652897341,0,0.0,4.546421991251728e-05,3.3557719716033885e-05,5.218952448844418e-05,3.9460389124977566e-05
circle,71,0.95,sampling_only,1,0.028863603485204132,0.0397309830006742,0.4810600580867356,0.6621830500112367,1,0.0,4.546421991251728e-05,3.3557719716033885e-05,5.218952448844418e-05,3.9460389124977566e-05
circle,71,0.95,sampling_plus_direction_additive,1,0.03942932401634515,0.30977396511836025,0.6571554002724191,5.162899418639338,0,0.0,4.546421991251728e-05,3.3557719716033885e-05,5.218952448844418e-05,3.9460389124977566e-05
circle,71,0.95,sampling_plus_direction_rss,1,0.03141458697931463,0.272950111194725,0.5235764496552439,4.549168519912084,0,0.0,4.546421991251728e-05,3.3557719716033885e-05,5.218952448844418e-05,3.9460389124977566e-05
circle,71,0.99,sampling_only,1,0.031167835903405907,0.042902777509426594,0.5194639317234317,0.7150462918237765,1,0.0,4.546421991251728e-05,3.3557719716033885e-05,5.218952448844418e-05,3.9460389124977566e-05
circle,71,0.99,sampling_plus_direction_additive,1,0.042577036555869786,0.33450376758763717,0.7096172759311631,5.5750627931272865,0,0.0,4.546421991251728e-05,3.3557719716033885e-05,5.218952448844418e-05,3.9460389124977566e-05
circle,71,0.99,sampling_plus_direction_rss,1,0.03392246891301921,0.2947402004013297,0.5653744818836536,4.912336673355495,0,0.0,4.546421991251728e-05,3.3557719716033885e-05,5.218952448844418e-05,3.9460389124977566e-05
circle,72,0.8,sampling_only,1,0.026779943231992065,0.039383628998695956,0.4463323871998678,0.6563938166449327,1,0.0,4.556132775793123e-05,3.3432413208360006e-05,5.4729033850948795e-05,3.947089838577639e-05
circle,72,0.8,sampling_plus_direction_additive,1,0.03632377944085897,0.11573119035128218,0.6053963240143162,1.9288531725213698,0,0.0,4.556132775793123e-05,3.3432413208360006e-05,5.4729033850948795e-05,3.947089838577639e-05
circle,72,0.8,sampling_plus_direction_rss,1,0.028759065411231105,0.09440165574833306,0.47931775685385175,1.5733609291388844,1,0.0,4.556132775793123e-05,3.3432413208360006e-05,5.4729033850948795e-05,3.947089838577639e-05
circle,72,0.9,sampling_only,1,0.02786467833992126,0.040978882755675856,0.4644113056653544,0.6829813792612643,1,0.0,4.556132775793123e-05,3.3432413208360006e-05,5.4729033850948795e-05,3.947089838577639e-05
circle,72,0.9,sampling_plus_direction_additive,1,0.037795092448166104,0.12041894058917296,0.629918207469435,2.006982343152883,0,0.0,4.556132775793123e-05,3.3432413208360006e-05,5.4729033850948795e-05,3.947089838577639e-05
circle,72,0.9,sampling_plus_direction_rss,1,0.029923965861263686,0.09822544242890123,0.4987327643543948,1.6370907071483538,1,0.0,4.556132775793123e-05,3.3432413208360006e-05,5.4729033850948795e-05,3.947089838577639e-05
circle,72,0.95,sampling_only,1,0.02891236059866099,0.04251964514748814,0.48187267664434985,0.7086607524581358,1,0.0,4.556132775793123e-05,3.3432413208360006e-05,5.4729033850948795e-05,3.947089838577639e-05
circle,72,0.95,sampling_plus_direction_additive,1,0.03921614771183449,0.12494656463465716,0.6536024618639081,2.0824427439109527,0,0.0,4.556132775793123e-05,3.3432413208360006e-05,5.4729033850948795e-05,3.947089838577639e-05
circle,72,0.95,sampling_plus_direction_rss,1,0.031049075139810915,0.10191861455650425,0.5174845856635153,1.6986435759417375,1,0.0,4.556132775793123e-05,3.3432413208360006e-05,5.4729033850948795e-05,3.947089838577639e-05
circle,72,0.99,sampling_only,1,0.031220485383299367,0.04591406347815504,0.5203414230549894,0.7652343913025841,1,0.0,4.556132775793123e-05,3.3432413208360006e-05,5.4729033850948795e-05,3.947089838577639e-05
circle,72,0.99,sampling_plus_direction_additive,1,0.04234684201065686,0.1349212694535376,0.7057807001776144,2.2486878242256267,0,0.0,4.556132775793123e-05,3.3432413208360006e-05,5.4729033850948795e-05,3.947089838577639e-05
circle,72,0.99,sampling_plus_direction_rss,1,0.03352777761814178,0.11005495747015646,0.5587962936356964,1.8342492911692745,1,0.0,4.556132775793123e-05,3.3432413208360006e-05,5.4729033850948795e-05,3.947089838577639e-05
circle,73,0.8,sampling_only,1,0.02656525905709497,0.0366901913227409,0.4427543176182495,0.6115031887123483,1,0.0,4.478583077225669e-05,3.411248383352722e-05,5.18050917074702e-05,3.9917225938294825e-05
circle,73,0.8,sampling_plus_direction_additive,1,0.035741319884477304,0.0810814990679912,0.5956886647412885,1.3513583177998534,1,0.0,4.478583077225669e-05,3.411248383352722e-05,5.18050917074702e-05,3.9917225938294825e-05
circle,73,0.8,sampling_plus_direction_rss,1,0.02825249781691401,0.058860590604656954,0.4708749636152335,0.9810098434109492,1,0.0,4.478583077225669e-05,3.411248383352722e-05,5.18050917074702e-05,3.9917225938294825e-05
circle,73,0.9,sampling_only,1,0.027641298274237152,0.03817634602813516,0.4606883045706192,0.6362724338022527,1,0.0,4.478583077225669e-05,3.411248383352722e-05,5.18050917074702e-05,3.9917225938294825e-05
circle,73,0.9,sampling_plus_direction_additive,1,0.037189040073671166,0.08436574608377682,0.6198173345611862,1.4060957680629471,1,0.0,4.478583077225669e-05,3.411248383352722e-05,5.18050917074702e-05,3.9917225938294825e-05
circle,73,0.9,sampling_plus_direction_rss,1,0.029396879491035283,0.06124476851531227,0.4899479915172547,1.0207461419218713,1,0.0,4.478583077225669e-05,3.411248383352722e-05,5.18050917074702e-05,3.9917225938294825e-05
circle,73,0.95,sampling_only,1,0.02868058168017412,0.03961173602077267,0.47800969466956866,0.6601956003462112,1,0.0,4.478583077225669e-05,3.411248383352722e-05,5.18050917074702e-05,3.9917225938294825e-05
circle,73,0.95,sampling_plus_direction_additive,1,0.03858730841287268,0.08753780837493491,0.6431218068812113,1.4589634729155818,1,0.0,4.478583077225669e-05,3.411248383352722e-05,5.18050917074702e-05,3.9917225938294825e-05
circle,73,0.95,sampling_plus_direction_rss,1,0.03050217088285956,0.06354750664964005,0.508369514714326,1.0591251108273343,1,0.0,4.478583077225669e-05,3.411248383352722e-05,5.18050917074702e-05,3.9917225938294825e-05
circle,73,0.99,sampling_only,1,0.030970203144597922,0.04277401083261672,0.5161700524099654,0.712900180543612,1,0.0,4.478583077225669e-05,3.411248383352722e-05,5.18050917074702e-05,3.9917225938294825e-05
circle,73,0.99,sampling_plus_direction_additive,1,0.04166780136038943,0.09452610614514428,0.6944633560064906,1.5754351024190714,1,0.0,4.478583077225669e-05,3.411248383352722e-05,5.18050917074702e-05,3.9917225938294825e-05
circle,73,0.99,sampling_plus_direction_rss,1,0.03293721302892576,0.06862061628382189,0.5489535504820959,1.1436769380636982,1,0.0,4.478583077225669e-05,3.411248383352722e-05,5.18050917074702e-05,3.9917225938294825e-05
circle,74,0.8,sampling_only,1,0.02685497792776248,0.03991936600612528,0.44758296546270804,0.6653227667687547,1,0.0,4.582785146424735e-05,3.420688164770445e-05,5.354180286210232e-05,3.991146800077118e-05
circle,74,0.8,sampling_plus_direction_additive,1,0.036720308325461616,0.07523931910413643,0.6120051387576936,1.2539886517356074,1,0.0,4.582785146424735e-05,3.420688164770445e-05,5.354180286210232e-05,3.991146800077118e-05
circle,74,0.8,sampling_plus_direction_rss,1,0.028819530397113057,0.05542992826188382,0.48032550661855095,0.9238321376980636,1,0.0,4.582785146424735e-05,3.420688164770445e-05,5.354180286210232e-05,3.991146800077118e-05
circle,74,0.9,sampling_only,1,0.027942752353889995,0.04153632006080713,0.4657125392314999,0.6922720010134522,1,0.0,4.582785146424735e-05,3.420688164770445e-05,5.354180286210232e-05,3.991146800077118e-05
circle,74,0.9,sampling_plus_direction_additive,1,0.038207682935241544,0.07828692567379658,0.6367947155873591,1.3047820945632764,1,0.0,4.582785146424735e-05,3.420688164770445e-05,5.354180286210232e-05,3.991146800077118e-05
circle,74,0.9,sampling_plus_direction_rss,1,0.029986880011896224,0.057675145463981274,0.49978133353160376,0.9612524243996879,1,0.0,4.582785146424735e-05,3.420688164770445e-05,5.354180286210232e-05,3.991146800077118e-05
circle,74,0.95,sampling_only,1,0.028993370112487496,0.043098041502202596,0.4832228352081249,0.7183006917033766,1,0.0,4.582785146424735e-05,3.420688164770445e-05,5.354180286210232e-05,3.991146800077118e-05
circle,74,0.95,sampling_plus_direction_additive,1,0.03964425116224511,0.08123043078514768,0.6607375193707519,1.3538405130857947,1,0.0,4.582785146424735e-05,3.420688164770445e-05,5.354180286210232e-05,3.991146800077118e-05
circle,74,0.95,sampling_plus_direction_rss,1,0.031114354795569232,0.059843669569507235,0.5185725799261539,0.9973944928251206,1,0.0,4.582785146424735e-05,3.420688164770445e-05,5.354180286210232e-05,3.991146800077118e-05
circle,74,0.99,sampling_only,1,0.031307962029618094,0.04653863423489057,0.5217993671603016,0.7756439039148428,1,0.0,4.582785146424735e-05,3.420688164770445e-05,5.354180286210232e-05,3.991146800077118e-05
circle,74,0.99,sampling_plus_direction_additive,1,0.042809121715230825,0.08771519946815637,0.7134853619205138,1.4619199911359395,1,0.0,4.582785146424735e-05,3.420688164770445e-05,5.354180286210232e-05,3.991146800077118e-05
circle,74,0.99,sampling_plus_direction_rss,1,0.03359826866405533,0.06462109535131925,0.5599711444009222,1.077018255855321,1,0.0,4.582785146424735e-05,3.420688164770445e-05,5.354180286210232e-05,3.991146800077118e-05
circle,75,0.8,sampling_only,1,0.02683990479382426,0.037964240104737174,0.4473317465637377,0.6327373350789529,1,0.0,4.5733079247872815e-05,3.406981243660207e-05,5.27472386865727e-05,3.982226862703027e-05
circle,75,0.8,sampling_plus_direction_additive,1,0.036054375653227416,0.061959314335283226,0.6009062608871236,1.0326552389213872,1,0.0,4.5733079247872815e-05,3.406981243660207e-05,5.27472386865727e-05,3.982226862703027e-05
circle,75,0.8,sampling_plus_direction_rss,1,0.028478865337181223,0.04381232361610964,0.4746477556196871,0.7302053936018275,1,0.0,4.5733079247872815e-05,3.406981243660207e-05,5.27472386865727e-05,3.982226862703027e-05
circle,75,0.9,sampling_only,1,0.02792706867505899,0.03950200079865328,0.4654511445843165,0.6583666799775546,1,0.0,4.5733079247872815e-05,3.406981243660207e-05,5.27472386865727e-05,3.982226862703027e-05
circle,75,0.9,sampling_plus_direction_additive,1,0.037514776324234146,0.06446900761358756,0.6252462720705692,1.0744834602264595,1,0.0,4.5733079247872815e-05,3.406981243660207e-05,5.27472386865727e-05,3.982226862703027e-05
circle,75,0.9,sampling_plus_direction_rss,1,0.029632416141886584,0.04558696388232108,0.4938736023647764,0.759782731372018,1,0.0,4.5733079247872815e-05,3.406981243660207e-05,5.27472386865727e-05,3.982226862703027e-05
circle,75,0.95,sampling_only,1,0.028977096744019215,0.040987234000221556,0.48295161240032025,0.6831205666703593,1,0.0,4.5733079247872815e-05,3.406981243660207e-05,5.27472386865727e-05,3.982226862703027e-05
circle,75,0.95,sampling_plus_direction_additive,1,0.03892529199988721,0.06689297370755623,0.6487548666647869,1.1148828951259373,1,0.0,4.5733079247872815e-05,3.406981243660207e-05,5.27472386865727e-05,3.982226862703027e-05
circle,75,0.95,sampling_plus_direction_rss,1,0.030746563461181816,0.04730098522169146,0.5124427243530303,0.7883497536948577,1,0.0,4.5733079247872815e-05,3.406981243660207e-05,5.27472386865727e-05,3.982226862703027e-05
circle,75,0.99,sampling_only,1,0.03129038952941814,0.044259317243886744,0.5215064921569691,0.7376552873981124,1,0.0,4.5733079247872815e-05,3.406981243660207e-05,5.27472386865727e-05,3.982226862703027e-05
circle,75,0.99,sampling_plus_direction_additive,1,0.042032766773786735,0.0722331578826154,0.7005461128964456,1.2038859647102567,1,0.0,4.5733079247872815e-05,3.406981243660207e-05,5.27472386865727e-05,3.982226862703027e-05
circle,75,0.99,sampling_plus_direction_rss,1,0.03320111589819373,0.05107710637082571,0.5533519316365622,0.8512851061804285,1,0.0,4.5733079247872815e-05,3.406981243660207e-05,5.27472386865727e-05,3.982226862703027e-05
circle,76,0.8,sampling_only,1,0.026425336309855402,0.0365473238219669,0.4404222718309234,0.6091220636994483,1,0.0,4.428924454134965e-05,3.472834559711045e-05,5.0573481310646746e-05,4.0287178137951746e-05
circle,76,0.8,sampling_plus_direction_additive,1,0.03594998464692806,0.0920623579031542,0.5991664107821343,1.5343726317192368,1,0.0,4.428924454134965e-05,3.472834559711045e-05,5.0573481310646746e-05,4.0287178137951746e-05
circle,76,0.8,sampling_plus_direction_rss,1,0.0283307703088315,0.07034739363644488,0.4721795051471917,1.1724565606074147,1,0.0,4.428924454134965e-05,3.472834559711045e-05,5.0573481310646746e-05,4.0287178137951746e-05
circle,76,0.9,sampling_only,1,0.02749570788554616,0.03802769160718253,0.458261798092436,0.6337948601197089,1,0.0,4.428924454134965e-05,3.472834559711045e-05,5.0573481310646746e-05,4.0287178137951746e-05
circle,76,0.9,sampling_plus_direction_additive,1,0.0374061569075717,0.09579139014460401,0.6234359484595283,1.5965231690767336,1,0.0,4.428924454134965e-05,3.472834559711045e-05,5.0573481310646746e-05,4.0287178137951746e-05
circle,76,0.9,sampling_plus_direction_rss,1,0.02947832244971711,0.07319685029763774,0.4913053741619518,1.219947504960629,1,0.0,4.428924454134965e-05,3.472834559711045e-05,5.0573481310646746e-05,4.0287178137951746e-05
circle,76,0.95,sampling_only,1,0.028529517247770367,0.03945749235175425,0.4754919541295061,0.6576248725292375,1,0.0,4.428924454134965e-05,3.472834559711045e-05,5.0573481310646746e-05,4.0287178137951746e-05
circle,76,0.95,sampling_plus_direction_additive,1,0.03881258860872473,0.09939304449604631,0.6468764768120789,1.6565507416007719,1,0.0,4.428924454134965e-05,3.472834559711045e-05,5.0573481310646746e-05,4.0287178137951746e-05
circle,76,0.95,sampling_plus_direction_rss,1,0.030586676010135955,0.07594897399047057,0.509777933502266,1.2658162331745095,1,0.0,4.428924454134965e-05,3.472834559711045e-05,5.0573481310646746e-05,4.0287178137951746e-05
circle,76,0.99,sampling_only,1,0.03080707897188626,0.04260745361921924,0.5134513161981044,0.7101242269869874,1,0.0,4.428924454134965e-05,3.472834559711045e-05,5.0573481310646746e-05,4.0287178137951746e-05
circle,76,0.99,sampling_plus_direction_additive,1,0.04191106607195614,0.1073277666934657,0.6985177678659357,1.7887961115577617,1,0.0,4.428924454134965e-05,3.472834559711045e-05,5.0573481310646746e-05,4.0287178137951746e-05
circle,76,0.99,sampling_plus_direction_rss,1,0.033028464349686766,0.08201211465437674,0.5504744058281128,1.3668685775729459,1,0.0,4.428924454134965e-05,3.472834559711045e-05,5.0573481310646746e-05,4.0287178137951746e-05
circle,77,0.8,sampling_only,1,0.026437419740857233,0.03657131935830341,0.44062366234762057,0.6095219893050569,1,0.0,4.4326247216872484e-05,3.522754847428212e-05,5.126937239094698e-05,4.058853494941874e-05
circle,77,0.8,sampling_plus_direction_additive,1,0.036806554622430876,0.1602165604421194,0.6134425770405146,2.6702760073686567,0,0.0,4.4326247216872484e-05,3.522754847428212e-05,5.126937239094698e-05,4.058853494941874e-05
circle,77,0.8,sampling_plus_direction_rss,1,0.028818989222347994,0.13745011778082308,0.48031648703913327,2.2908352963470513,0,0.0,4.4326247216872484e-05,3.522754847428212e-05,5.126937239094698e-05,4.058853494941874e-05
circle,77,0.9,sampling_only,1,0.027508280762015374,0.03805265909482127,0.4584713460335896,0.6342109849136879,1,0.0,4.4326247216872484e-05,3.522754847428212e-05,5.126937239094698e-05,4.058853494941874e-05
circle,77,0.9,sampling_plus_direction_additive,1,0.03829742268197061,0.1667062130331529,0.6382903780328435,2.7784368838858815,0,0.0,4.4326247216872484e-05,3.522754847428212e-05,5.126937239094698e-05,4.058853494941874e-05
circle,77,0.9,sampling_plus_direction_rss,1,0.029986316916574347,0.14301760412888026,0.49977194860957247,2.3836267354813376,0,0.0,4.4326247216872484e-05,3.522754847428212e-05,5.126937239094698e-05,4.058853494941874e-05
circle,77,0.95,sampling_only,1,0.02854256285101782,0.03948339859036385,0.475709380850297,0.6580566431727308,1,0.0,4.4326247216872484e-05,3.522754847428212e-05,5.126937239094698e-05,4.058853494941874e-05
circle,77,0.95,sampling_plus_direction_additive,1,0.03973736502797189,0.17297418927482708,0.6622894171328649,2.8829031545804513,0,0.0,4.4326247216872484e-05,3.522754847428212e-05,5.126937239094698e-05,4.058853494941874e-05
circle,77,0.95,sampling_plus_direction_rss,1,0.03111377052846236,0.14839491387943354,0.5185628421410393,2.4732485646572258,0,0.0,4.4326247216872484e-05,3.522754847428212e-05,5.126937239094698e-05,4.058853494941874e-05
circle,77,0.99,sampling_only,1,0.030821166028669942,0.042635427998588486,0.5136861004778324,0.7105904666431415,1,0.0,4.4326247216872484e-05,3.522754847428212e-05,5.126937239094698e-05,4.058853494941874e-05
circle,77,0.99,sampling_plus_direction_additive,1,0.04290966902522945,0.1867830241503318,0.7151611504204908,3.11305040250553,0,0.0,4.4326247216872484e-05,3.522754847428212e-05,5.126937239094698e-05,4.058853494941874e-05
circle,77,0.99,sampling_plus_direction_rss,1,0.033597637753873935,0.16024154181113073,0.5599606292312322,2.6706923635188455,0,0.0,4.4326247216872484e-05,3.522754847428212e-05,5.126937239094698e-05,4.058853494941874e-05
circle,78,0.8,sampling_only,1,0.026711750461857274,0.03735452761481723,0.4451958410309546,0.6225754602469539,1,0.0,4.534727941085282e-05,3.4504728977715296e-05,5.3302892830323914e-05,4.016263382414635e-05
circle,78,0.8,sampling_plus_direction_additive,1,0.037947109201945585,0.20924726354487017,0.6324518200324264,3.4874543924145027,0,0.0,4.534727941085282e-05,3.4504728977715296e-05,5.3302892830323914e-05,4.016263382414635e-05
circle,78,0.8,sampling_plus_direction_rss,1,0.030011486895085024,0.18097089083274512,0.500191448251417,3.0161815138790855,0,0.0,4.534727941085282e-05,3.4504728977715296e-05,5.3302892830323914e-05,4.016263382414635e-05
circle,78,0.9,sampling_only,1,0.027793723387236968,0.03886759159680121,0.46322872312061614,0.6477931932800203,1,0.0,4.534727941085282e-05,3.4504728977715296e-05,5.3302892830323914e-05,4.016263382414635e-05
circle,78,0.9,sampling_plus_direction_additive,1,0.0394841760000036,0.21772292949527738,0.65806960000006,3.6287154915879567,0,0.0,4.534727941085282e-05,3.4504728977715296e-05,5.3302892830323914e-05,4.016263382414635e-05
circle,78,0.9,sampling_plus_direction_rss,1,0.031227117309019774,0.1883012080443585,0.5204519551503296,3.1383534674059748,0,0.0,4.534727941085282e-05,3.4504728977715296e-05,5.3302892830323914e-05,4.016263382414635e-05
circle,78,0.95,sampling_only,1,0.028838737815248837,0.04032897168736446,0.4806456302541473,0.6721495281227411,1,0.0,4.534727941085282e-05,3.4504728977715296e-05,5.3302892830323914e-05,4.016263382414635e-05
circle,78,0.95,sampling_plus_direction_additive,1,0.04096873900810749,0.22590907999629506,0.6828123168017916,3.7651513332715845,0,0.0,4.534727941085282e-05,3.4504728977715296e-05,5.3302892830323914e-05,4.016263382414635e-05
circle,78,0.95,sampling_plus_direction_rss,1,0.032401223695504515,0.19538113312229105,0.5400203949250753,3.256352218704851,0,0.0,4.534727941085282e-05,3.4504728977715296e-05,5.3302892830323914e-05,4.016263382414635e-05
circle,78,0.99,sampling_only,1,0.031140985163123528,0.04354850468858527,0.5190164193853921,0.7258084114764212,1,0.0,4.534727941085282e-05,3.4504728977715296e-05,5.3302892830323914e-05,4.016263382414635e-05
circle,78,0.99,sampling_plus_direction_additive,1,0.0442393457639036,0.24394380064233082,0.7373224293983933,4.065730010705514,0,0.0,4.534727941085282e-05,3.4504728977715296e-05,5.3302892830323914e-05,4.016263382414635e-05
circle,78,0.99,sampling_plus_direction_rss,1,0.03498787057994015,0.21097875387938603,0.5831311763323358,3.5163125646564337,0,0.0,4.534727941085282e-05,3.4504728977715296e-05,5.3302892830323914e-05,4.016263382414635e-05
circle,79,0.8,sampling_only,1,0.026577883685031823,0.03813596041282082,0.4429647280838637,0.6355993402136804,1,0.0,4.492130758702499e-05,3.4451065980790356e-05,5.147254887278322e-05,4.0093652936935216e-05
circle,79,0.8,sampling_plus_direction_additive,1,0.0361215057613944,0.0810663037488535,0.60202509602324,1.3511050624808918,1,0.0,4.492130758702499e-05,3.4451065980790356e-05,5.147254887278322e-05,4.0093652936935216e-05
circle,79,0.8,sampling_plus_direction_rss,1,0.028444448179275265,0.058317714066307286,0.47407413632125445,0.9719619011051215,1,0.0,4.492130758702499e-05,3.4451065980790356e-05,5.147254887278322e-05,4.0093652936935216e-05
circle,79,0.9,sampling_only,1,0.027654434269096223,0.03968067672442846,0.4609072378182704,0.6613446120738077,1,0.0,4.492130758702499e-05,3.4451065980790356e-05,5.147254887278322e-05,4.0093652936935216e-05
circle,79,0.9,sampling_plus_direction_additive,1,0.03758462557129164,0.08434993527057322,0.6264104261881941,1.4058322545095536,1,0.0,4.492130758702499e-05,3.4451065980790356e-05,5.147254887278322e-05,4.0093652936935216e-05
circle,79,0.9,sampling_plus_direction_rss,1,0.029596604899640253,0.06067990248895967,0.4932767483273376,1.0113317081493278,1,0.0,4.492130758702499e-05,3.4451065980790356e-05,5.147254887278322e-05,4.0093652936935216e-05
circle,79,0.95,sampling_only,1,0.028694211574463745,0.04117262795070225,0.47823685957439577,0.6862104658450375,1,0.0,4.492130758702499e-05,3.4451065980790356e-05,5.147254887278322e-05,4.0093652936935216e-05
circle,79,0.95,sampling_plus_direction_additive,1,0.03899776750431742,0.08752140309197688,0.6499627917386236,1.4586900515329482,1,0.0,4.492130758702499e-05,3.4451065980790356e-05,5.147254887278322e-05,4.0093652936935216e-05
circle,79,0.95,sampling_plus_direction_rss,1,0.03070940575432868,0.06296140226169021,0.5118234292388114,1.0493567043615035,1,0.0,4.492130758702499e-05,3.4451065980790356e-05,5.147254887278322e-05,4.0093652936935216e-05
circle,79,0.99,sampling_only,1,0.030984921137409097,0.044459511520704195,0.5164153522901517,0.7409918586784032,1,0.0,4.492130758702499e-05,3.4451065980790356e-05,5.147254887278322e-05,4.0093652936935216e-05
circle,79,0.99,sampling_plus_direction_additive,1,0.04211102812567425,0.094508391199488,0.7018504687612376,1.5751398533248002,1,0.0,4.492130758702499e-05,3.4451065980790356e-05,5.147254887278322e-05,4.0093652936935216e-05
circle,79,0.99,sampling_plus_direction_rss,1,0.03316099182600922,0.06798772214795104,0.5526831971001537,1.1331287024658507,1,0.0,4.492130758702499e-05,3.4451065980790356e-05,5.147254887278322e-05,4.0093652936935216e-05
circle,80,0.8,sampling_only,1,0.0263008441164426,0.03488298783622561,0.43834740194071,0.5813831306037601,1,0.0,4.3882370254345796e-05,3.49628482945945e-05,5.01024737225558e-05,4.0422110703974335e-05
circle,80,0.8,sampling_plus_direction_additive,1,0.035473079107771234,0.06120125724843038,0.5912179851295206,1.0200209541405063,1,0.0,4.3882370254345796e-05,3.49628482945945e-05,5.01024737225558e-05,4.0422110703974335e-05
circle,80,0.8,sampling_plus_direction_rss,1,0.027950012215546025,0.043290576803041665,0.4658335369257671,0.7215096133840277,1,0.0,4.3882370254345796e-05,3.49628482945945e-05,5.01024737225558e-05,4.0422110703974335e-05
circle,80,0.9,sampling_only,1,0.02736617307304757,0.03629594085287792,0.45610288455079284,0.6049323475479653,1,0.0,4.3882370254345796e-05,3.49628482945945e-05,5.01024737225558e-05,4.0422110703974335e-05
circle,80,0.9,sampling_plus_direction_additive,1,0.03690993406900883,0.06368024504208152,0.6151655678168139,1.0613374173680252,1,0.0,4.3882370254345796e-05,3.49628482945945e-05,5.01024737225558e-05,4.0422110703974335e-05
circle,80,0.9,sampling_plus_direction_rss,1,0.029082141557815636,0.045044083451430156,0.4847023592969273,0.7507347241905026,1,0.0,4.3882370254345796e-05,3.49628482945945e-05,5.01024737225558e-05,4.0422110703974335e-05
circle,80,0.95,sampling_only,1,0.028395112064141404,0.037660629611597475,0.4732518677356901,0.6276771601932912,1,0.0,4.3882370254345796e-05,3.49628482945945e-05,5.01024737225558e-05,4.0422110703974335e-05
circle,80,0.95,sampling_plus_direction_additive,1,0.03829770831939205,0.06607455450257163,0.6382951386565342,1.1012425750428605,1,0.0,4.3882370254345796e-05,3.49628482945945e-05,5.01024737225558e-05,4.0422110703974335e-05
circle,80,0.95,sampling_plus_direction_rss,1,0.03017559913821873,0.0467376930642009,0.5029266523036455,0.778961551070015,1,0.0,4.3882370254345796e-05,3.49628482945945e-05,5.01024737225558e-05,4.0422110703974335e-05
circle,80,0.99,sampling_only,1,0.030661943985187113,0.04066714415457256,0.5110323997531185,0.6777857359095427,1,0.0,4.3882370254345796e-05,3.49628482945945e-05,5.01024737225558e-05,4.0422110703974335e-05
circle,80,0.99,sampling_plus_direction_additive,1,0.04135508198022464,0.07134940282776815,0.6892513663370774,1.1891567137961359,1,0.0,4.3882370254345796e-05,3.49628482945945e-05,5.01024737225558e-05,4.0422110703974335e-05
circle,80,0.99,sampling_plus_direction_rss,1,0.0325845704854238,0.0504688456060414,0.5430761747570634,0.8411474267673568,1,0.0,4.3882370254345796e-05,3.49628482945945e-05,5.01024737225558e-05,4.0422110703974335e-05
circle,81,0.8,sampling_only,1,0.026407551233468874,0.03649714305347169,0.44012585389114794,0.6082857175578615,1,0.0,4.4223297722683915e-05,3.4598596892243954e-05,5.1599291945978275e-05,4.0256714239173477e-05
circle,81,0.8,sampling_plus_direction_additive,1,0.03605198512777317,0.09750997518673503,0.6008664187962195,1.6251662531122506,1,0.0,4.4223297722683915e-05,3.4598596892243954e-05,5.1599291945978275e-05,4.0256714239173477e-05
circle,81,0.8,sampling_plus_direction_rss,1,0.0283971194460116,0.0730019875369683,0.47328532410019336,1.216699792282805,1,0.0,4.4223297722683915e-05,3.4598596892243954e-05,5.1599291945978275e-05,4.0256714239173477e-05
circle,81,0.9,sampling_only,1,0.02747720241567012,0.037975478241349156,0.457953373594502,0.6329246373558193,1,0.0,4.4223297722683915e-05,3.4598596892243954e-05,5.1599291945978275e-05,4.0256714239173477e-05
circle,81,0.9,sampling_plus_direction_additive,1,0.03751228896934063,0.10145966591393558,0.6252048161556772,1.6909944318989265,1,0.0,4.4223297722683915e-05,3.4598596892243954e-05,5.1599291945978275e-05,4.0256714239173477e-05
circle,81,0.9,sampling_plus_direction_rss,1,0.029547359092163987,0.07595896986303084,0.4924559848693998,1.2659828310505141,1,0.0,4.4223297722683915e-05,3.4598596892243954e-05,5.1599291945978275e-05,4.0256714239173477e-05
circle,81,0.95,sampling_only,1,0.02851031599191603,0.03940331581891836,0.4751719331986005,0.656721930315306,1,0.0,4.4223297722683915e-05,3.4598596892243954e-05,5.1599291945978275e-05,4.0256714239173477e-05
circle,81,0.95,sampling_plus_direction_additive,1,0.03892271112309615,0.10527444140349865,0.6487118520516025,1.7545740233916443,1,0.0,4.4223297722683915e-05,3.4598596892243954e-05,5.1599291945978275e-05,4.0256714239173477e-05
circle,81,0.95,sampling_plus_direction_rss,1,0.030658308356886762,0.07881494631274386,0.5109718059481128,1.3135824385457309,1,0.0,4.4223297722683915e-05,3.4598596892243954e-05,5.1599291945978275e-05,4.0256714239173477e-05
circle,81,0.99,sampling_only,1,0.03078634484588173,0.042548952078130996,0.5131057474313622,0.7091492013021833,1,0.0,4.4223297722683915e-05,3.4598596892243954e-05,5.1599291945978275e-05,4.0256714239173477e-05
circle,81,0.99,sampling_plus_direction_additive,1,0.0420299798610455,0.11367868589827812,0.7004996643507584,1.894644764971302,0,0.0,4.4223297722683915e-05,3.4598596892243954e-05,5.1599291945978275e-05,4.0256714239173477e-05
circle,81,0.99,sampling_plus_direction_rss,1,0.033105815233128943,0.0851068826063446,0.5517635872188158,1.4184480434390767,1,0.0,4.4223297722683915e-05,3.4598596892243954e-05,5.1599291945978275e-05,4.0256714239173477e-05
circle,82,0.8,sampling_only,1,0.026466043759230493,0.038201082672146475,0.4411007293205082,0.6366847112024413,1,0.0,4.451315413114882e-05,3.4151360176098865e-05,5.181760658108268e-05,3.990500462933797e-05
circle,82,0.8,sampling_plus_direction_additive,1,0.03583046918931774,0.06633057552192566,0.597174486488629,1.1055095920320943,1,0.0,4.451315413114882e-05,3.4151360176098865e-05,5.181760658108268e-05,3.990500462933797e-05
circle,82,0.8,sampling_plus_direction_rss,1,0.028206171383930723,0.04906401296438272,0.4701028563988454,0.8177335494063787,1,0.0,4.451315413114882e-05,3.4151360176098865e-05,5.181760658108268e-05,3.990500462933797e-05
circle,82,0.9,sampling_only,1,0.02753806421069028,0.039748436793714585,0.458967736844838,0.6624739465619098,1,0.0,4.451315413114882e-05,3.4151360176098865e-05,5.181760658108268e-05,3.990500462933797e-05
circle,82,0.9,sampling_plus_direction_additive,1,0.03728180041606946,0.06901732893937977,0.6213633402678244,1.1502888156563296,1,0.0,4.451315413114882e-05,3.4151360176098865e-05,5.181760658108268e-05,3.990500462933797e-05
circle,82,0.9,sampling_plus_direction_rss,1,0.02934867658251779,0.05105137555650275,0.4891446097086299,0.8508562592750458,1,0.0,4.451315413114882e-05,3.4151360176098865e-05,5.181760658108268e-05,3.990500462933797e-05
circle,82,0.95,sampling_only,1,0.02857346612567457,0.04124293572649968,0.47622443542790954,0.6873822621083281,1,0.0,4.451315413114882e-05,3.4151360176098865e-05,5.181760658108268e-05,3.990500462933797e-05
circle,82,0.95,sampling_plus_direction_additive,1,0.03868355644545206,0.07161230707597636,0.6447259407575343,1.1935384512662728,1,0.0,4.451315413114882e-05,3.4151360176098865e-05,5.181760658108268e-05,3.990500462933797e-05
circle,82,0.95,sampling_plus_direction_rss,1,0.03045215559626768,0.052970852960919045,0.5075359266044613,0.8828475493486507,1,0.0,4.451315413114882e-05,3.4151360176098865e-05,5.181760658108268e-05,3.990500462933797e-05
circle,82,0.99,sampling_only,1,0.030854536366295076,0.04453543209035556,0.5142422727715846,0.7422572015059261,1,0.0,4.451315413114882e-05,3.4151360176098865e-05,5.181760658108268e-05,3.990500462933797e-05
circle,82,0.99,sampling_plus_direction_additive,1,0.04177173304331313,0.0773292439647218,0.6961955507218855,1.2888207327453634,1,0.0,4.451315413114882e-05,3.4151360176098865e-05,5.181760658108268e-05,3.990500462933797e-05
circle,82,0.99,sampling_plus_direction_rss,1,0.03288320493371488,0.057199609660508445,0.5480534155619148,0.9533268276751408,1,0.0,4.451315413114882e-05,3.4151360176098865e-05,5.181760658108268e-05,3.990500462933797e-05
circle,83,0.8,sampling_only,1,0.026834363056543197,0.03950125045331553,0.44723938427571996,0.6583541742219255,1,0.0,4.5882691914582e-05,3.3668597135574084e-05,5.285397937575057e-05,3.9521622870095274e-05
circle,83,0.8,sampling_plus_direction_additive,1,0.03598981152786204,0.12006590388511579,0.5998301921310341,2.0010983980852632,0,0.0,4.5882691914582e-05,3.3668597135574084e-05,5.285397937575057e-05,3.9521622870095274e-05
circle,83,0.8,sampling_plus_direction_rss,1,0.028459935239672232,0.09246219077289636,0.4743322539945372,1.541036512881606,1,0.0,4.5882691914582e-05,3.3668597135574084e-05,5.285397937575057e-05,3.9521622870095274e-05
circle,83,0.9,sampling_only,1,0.027921302466914204,0.04110126852664093,0.46535504111523673,0.6850211421106822,1,0.0,4.5882691914582e-05,3.3668597135574084e-05,5.285397937575057e-05,3.9521622870095274e-05
circle,83,0.9,sampling_plus_direction_additive,1,0.03744759699640588,0.12492923388104533,0.6241266166067647,2.082153898017422,0,0.0,4.5882691914582e-05,3.3668597135574084e-05,5.285397937575057e-05,3.9521622870095274e-05
circle,83,0.9,sampling_plus_direction_rss,1,0.029612719271229992,0.09620741844640353,0.49354532118716654,1.6034569741067255,1,0.0,4.5882691914582e-05,3.3668597135574084e-05,5.285397937575057e-05,3.9521622870095274e-05
circle,83,0.95,sampling_only,1,0.02897111373258319,0.042646632493228205,0.48285189554305313,0.7107772082204701,1,0.0,4.5882691914582e-05,3.3668597135574084e-05,5.285397937575057e-05,3.9521622870095274e-05
circle,83,0.95,sampling_plus_direction_additive,1,0.03885558680080857,0.12962644015554228,0.6475931133468095,2.1604406692590383,0,0.0,4.5882691914582e-05,3.3668597135574084e-05,5.285397937575057e-05,3.9521622870095274e-05
circle,83,0.95,sampling_plus_direction_rss,1,0.030726126009145184,0.09982471501935694,0.5121021001524197,1.6637452503226158,1,0.0,4.5882691914582e-05,3.3668597135574084e-05,5.285397937575057e-05,3.9521622870095274e-05
circle,83,0.99,sampling_only,1,0.031283928883617564,0.046051188447872156,0.5213988147269594,0.767519807464536,1,0.0,4.5882691914582e-05,3.3668597135574084e-05,5.285397937575057e-05,3.9521622870095274e-05
circle,83,0.99,sampling_plus_direction_additive,1,0.04195749688561733,0.13997474769848664,0.6992916147602889,2.332912461641444,0,0.0,4.5882691914582e-05,3.3668597135574084e-05,5.285397937575057e-05,3.9521622870095274e-05
circle,83,0.99,sampling_plus_direction_rss,1,0.033179046888283444,0.10779389823666612,0.5529841148047241,1.796564970611102,1,0.0,4.5882691914582e-05,3.3668597135574084e-05,5.285397937575057e-05,3.9521622870095274e-05
circle,84,0.8,sampling_only,1,0.026725779116203274,0.039978260039228226,0.44542965193672124,0.6663043339871372,1,0.0,4.545802410580709e-05,3.363784436854869e-05,5.257133792451531e-05,3.950864686891004e-05
circle,84,0.8,sampling_plus_direction_additive,1,0.036347223726890435,0.1688736812947438,0.6057870621148406,2.814561354912397,0,0.0,4.545802410580709e-05,3.363784436854869e-05,5.257133792451531e-05,3.950864686891004e-05
circle,84,0.8,sampling_plus_direction_rss,1,0.0287237277078873,0.1430100349969681,0.478728795131455,2.383500583282802,0,0.0,4.545802410580709e-05,3.363784436854869e-05,5.257133792451531e-05,3.950864686891004e-05
circle,84,0.9,sampling_only,1,0.027808320279303047,0.04159759962642599,0.4634720046550508,0.6932933271070999,1,0.0,4.545802410580709e-05,3.363784436854869e-05,5.257133792451531e-05,3.950864686891004e-05
circle,84,0.9,sampling_plus_direction_additive,1,0.03781948635682814,0.1757139949324075,0.6303247726138024,2.9285665822067917,0,0.0,4.545802410580709e-05,3.363784436854869e-05,5.257133792451531e-05,3.950864686891004e-05
circle,84,0.9,sampling_plus_direction_rss,1,0.029887196786422238,0.14880272859618657,0.49811994644037066,2.4800454766031095,0,0.0,4.545802410580709e-05,3.363784436854869e-05,5.257133792451531e-05,3.950864686891004e-05
circle,84,0.95,sampling_only,1,0.028853883534926125,0.04316162511428985,0.4808980589154354,0.7193604185714976,1,0.0,4.545802410580709e-05,3.363784436854869e-05,5.257133792451531e-05,3.950864686891004e-05
circle,84,0.95,sampling_plus_direction_additive,1,0.03924145880550813,0.18232065418959403,0.6540243134251356,3.0386775698265676,0,0.0,4.545802410580709e-05,3.363784436854869e-05,5.257133792451531e-05,3.950864686891004e-05
circle,84,0.95,sampling_plus_direction_rss,1,0.03101092358687617,0.1543975528715824,0.5168487264479361,2.573292547859707,0,0.0,4.545802410580709e-05,3.363784436854869e-05,5.257133792451531e-05,3.950864686891004e-05
circle,84,0.99,sampling_only,1,0.031157339992338894,0.04660729383897283,0.5192889998723149,0.7767882306495472,1,0.0,4.545802410580709e-05,3.363784436854869e-05,5.257133792451531e-05,3.950864686891004e-05
circle,84,0.99,sampling_plus_direction_additive,1,0.04237417373361932,0.19687563385825427,0.7062362288936553,3.281260564304238,0,0.0,4.545802410580709e-05,3.363784436854869e-05,5.257133792451531e-05,3.950864686891004e-05
circle,84,0.99,sampling_plus_direction_rss,1,0.03348658035938857,0.16672338207028567,0.5581096726564762,2.778723034504761,0,0.0,4.545802410580709e-05,3.363784436854869e-05,5.257133792451531e-05,3.950864686891004e-05
circle,85,0.8,sampling_only,1,0.026638040814909593,0.03626568251963516,0.4439673469151599,0.6044280419939194,1,0.0,4.504378361129045e-05,3.4679731416227915e-05,5.1725775049657696e-05,4.032055285244994e-05
circle,85,0.8,sampling_plus_direction_additive,1,0.0368261514759529,0.34875213771280805,0.6137691912658816,5.812535628546801,0,0.0,4.504378361129045e-05,3.4679731416227915e-05,5.1725775049657696e-05,4.032055285244994e-05
circle,85,0.8,sampling_plus_direction_rss,1,0.029040812585861196,0.3197703761888155,0.4840135430976866,5.329506269813591,0,0.0,4.504378361129045e-05,3.4679731416227915e-05,5.1725775049657696e-05,4.032055285244994e-05
circle,85,0.9,sampling_only,1,0.02771702809386186,0.03773464228184509,0.46195046823103103,0.6289107046974182,1,0.0,4.504378361129045e-05,3.4679731416227915e-05,5.1725775049657696e-05,4.032055285244994e-05
circle,85,0.9,sampling_plus_direction_additive,1,0.03831781331592884,0.36287851895511436,0.6386302219321474,6.047975315918573,0,0.0,4.504378361129045e-05,3.4679731416227915e-05,5.1725775049657696e-05,4.032055285244994e-05
circle,85,0.9,sampling_plus_direction_rss,1,0.030217125347310334,0.33272283656271795,0.5036187557885056,5.545380609378633,0,0.0,4.504378361129045e-05,3.4679731416227915e-05,5.1725775049657696e-05,4.032055285244994e-05
circle,85,0.95,sampling_only,1,0.028759158860443383,0.03915342468357623,0.47931931434072306,0.6525570780596038,1,0.0,4.504378361129045e-05,3.4679731416227915e-05,5.1725775049657696e-05,4.032055285244994e-05
circle,85,0.95,sampling_plus_direction_additive,1,0.03975852232807217,0.37652236518040316,0.6626420388012029,6.27537275300672,0,0.0,4.504378361129045e-05,3.4679731416227915e-05,5.1725775049657696e-05,4.032055285244994e-05
circle,85,0.95,sampling_plus_direction_rss,1,0.031353257110623596,0.3452328612144256,0.5225542851770599,5.753881020240427,0,0.0,4.504378361129045e-05,3.4679731416227915e-05,5.1725775049657696e-05,4.032055285244994e-05
circle,85,0.99,sampling_only,1,0.031055053279877814,0.042279111692329834,0.5175842213312969,0.7046518615388306,1,0.0,4.504378361129045e-05,3.4679731416227915e-05,5.1725775049657696e-05,4.032055285244994e-05
circle,85,0.99,sampling_plus_direction_additive,1,0.04293251534994503,0.40658081025540677,0.7155419224990839,6.776346837590113,0,0.0,4.504378361129045e-05,3.4679731416227915e-05,5.1725775049657696e-05,4.032055285244994e-05
circle,85,0.99,sampling_plus_direction_rss,1,0.03385624297264695,0.37279340995348426,0.5642707162107825,6.213223499224738,0,0.0,4.504378361129045e-05,3.4679731416227915e-05,5.1725775049657696e-05,4.032055285244994e-05
circle,86,0.8,sampling_only,1,0.02687826166137648,0.04091955370600116,0.447971027689608,0.681992561766686,1,0.0,4.60090913867643e-05,3.3022290310521353e-05,5.35495155321654e-05,3.915930605531807e-05
circle,86,0.8,sampling_plus_direction_additive,1,0.03606588581209774,0.08083060910909935,0.6010980968682957,1.3471768184849893,1,0.0,4.60090913867643e-05,3.3022290310521353e-05,5.35495155321654e-05,3.915930605531807e-05
circle,86,0.8,sampling_plus_direction_rss,1,0.028581340727924214,0.05820194733530558,0.4763556787987369,0.9700324555884263,1,0.0,4.60090913867643e-05,3.3022290310521353e-05,5.35495155321654e-05,3.915930605531807e-05
circle,86,0.9,sampling_only,1,0.027966979206877927,0.042577020867943,0.46611632011463217,0.7096170144657167,1,0.0,4.60090913867643e-05,3.3022290310521353e-05,5.35495155321654e-05,3.915930605531807e-05
circle,86,0.9,sampling_plus_direction_additive,1,0.03752675270789503,0.08410469370055572,0.6254458784649172,1.4017448950092621,1,0.0,4.60090913867643e-05,3.3022290310521353e-05,5.35495155321654e-05,3.915930605531807e-05
circle,86,0.9,sampling_plus_direction_rss,1,0.029739042350018348,0.060559446568128096,0.4956507058336391,1.0093241094688017,1,0.0,4.60090913867643e-05,3.3022290310521353e-05,5.35495155321654e-05,3.915930605531807e-05
circle,86,0.95,sampling_only,1,0.029018507869371424,0.04417787155242505,0.4836417978228571,0.7362978592070842,1,0.0,4.60090913867643e-05,3.3022290310521353e-05,5.35495155321654e-05,3.915930605531807e-05
circle,86,0.95,sampling_plus_direction_additive,1,0.03893771868283138,0.08726694069985341,0.6489619780471897,1.4544490116642237,1,0.0,4.60090913867643e-05,3.3022290310521353e-05,5.35495155321654e-05,3.915930605531807e-05
circle,86,0.95,sampling_plus_direction_rss,1,0.030857198701293557,0.06283641732639537,0.5142866450215593,1.0472736221065897,1,0.0,4.60090913867643e-05,3.3022290310521353e-05,5.35495155321654e-05,3.915930605531807e-05
circle,86,0.99,sampling_only,1,0.03133510657800893,0.04770466902421106,0.5222517763001489,0.7950778170701844,1,0.0,4.60090913867643e-05,3.3022290310521353e-05,5.35495155321654e-05,3.915930605531807e-05
circle,86,0.99,sampling_plus_direction_additive,1,0.042046185500766754,0.09423361462540715,0.7007697583461125,1.5705602437567858,1,0.0,4.60090913867643e-05,3.3022290310521353e-05,5.35495155321654e-05,3.915930605531807e-05
circle,86,0.99,sampling_plus_direction_rss,1,0.033320583344824364,0.0678527594446398,0.5553430557470728,1.13087932407733,1,0.0,4.60090913867643e-05,3.3022290310521353e-05,5.35495155321654e-05,3.915930605531807e-05
circle,87,0.8,sampling_only,0,0.026674600656566495,0.038529383149951635,0.4445766776094416,0.6421563858325273,1,0.0014621026204480296,4.5172606467235854e-05,3.428987402803838e-05,5.237315270997219e-05,3.999333364600325e-05
circle,87,0.8,sampling_plus_direction_additive,1,0.03574415394974609,0.0905154179888096,0.5957358991624349,1.5085902998134935,1,0.0,4.5172606467235854e-05,3.428987402803838e-05,5.237315270997219e-05,3.999333364600325e-05
circle,87,0.8,sampling_plus_direction_rss,1,0.028339571318723566,0.06723096871670323,0.4723261886453928,1.1205161452783872,1,0.0,4.5172606467235854e-05,3.428987402803838e-05,5.237315270997219e-05,3.999333364600325e-05
circle,87,0.9,sampling_only,0,0.027755068810345198,0.04009003524796204,0.46258448017242,0.6681672541327007,1,0.0002706902554443745,4.5172606467235854e-05,3.428987402803838e-05,5.237315270997219e-05,3.999333364600325e-05
circle,87,0.9,sampling_plus_direction_additive,1,0.03719198893418311,0.09418179064878046,0.6198664822363852,1.5696965108130077,1,0.0,4.5172606467235854e-05,3.428987402803838e-05,5.237315270997219e-05,3.999333364600325e-05
circle,87,0.9,sampling_plus_direction_rss,1,0.029487479948953923,0.06995419301465378,0.49145799914923205,1.1659032169108963,1,0.0,4.5172606467235854e-05,3.428987402803838e-05,5.237315270997219e-05,3.999333364600325e-05
circle,87,0.95,sampling_only,1,0.028798629867392782,0.04159737791918051,0.47997716445654637,0.6932896319863419,1,0.0,4.5172606467235854e-05,3.428987402803838e-05,5.237315270997219e-05,3.999333364600325e-05
circle,87,0.95,sampling_plus_direction_additive,1,0.0385903681474024,0.09772292577172571,0.6431728024567067,1.628715429528762,1,0.0,4.5172606467235854e-05,3.428987402803838e-05,5.237315270997219e-05,3.999333364600325e-05
circle,87,0.95,sampling_plus_direction_rss,1,0.03059617782160088,0.07258439624369685,0.5099362970266813,1.2097399373949476,1,0.0,4.5172606467235854e-05,3.428987402803838e-05,5.237315270997219e-05,3.999333364600325e-05
circle,87,0.99,sampling_only,1,0.031097675326988858,0.044918170028963346,0.5182945887831476,0.7486361671493891,1,0.0,4.5172606467235854e-05,3.428987402803838e-05,5.237315270997219e-05,3.999333364600325e-05
circle,87,0.99,sampling_plus_direction_additive,1,0.041671105358927915,0.10552431944317647,0.6945184226487986,1.7587386573862747,1,0.0,4.5172606467235854e-05,3.428987402803838e-05,5.237315270997219e-05,3.999333364600325e-05
circle,87,0.99,sampling_plus_direction_rss,1,0.033038724707534176,0.07837893672669873,0.5506454117922363,1.3063156121116455,1,0.0,4.5172606467235854e-05,3.428987402803838e-05,5.237315270997219e-05,3.999333364600325e-05
circle,88,0.8,sampling_only,1,0.0266234297970896,0.039986946713107076,0.44372382995149334,0.6664491118851179,1,0.0,4.512398186573652e-05,3.4102544766882056e-05,5.303228723469601e-05,3.9890330585717796e-05
circle,88,0.8,sampling_plus_direction_additive,1,0.03647513344110609,0.1024509018734655,0.6079188906851015,1.7075150312244252,1,0.0,4.512398186573652e-05,3.4102544766882056e-05,5.303228723469601e-05,3.9890330585717796e-05
circle,88,0.8,sampling_plus_direction_rss,1,0.028695358066188968,0.07584520988701969,0.47825596776981616,1.2640868314503282,1,0.0,4.512398186573652e-05,3.4102544766882056e-05,5.303228723469601e-05,3.9890330585717796e-05
circle,88,0.9,sampling_only,1,0.027701825249395535,0.04160663815841171,0.4616970874899256,0.6934439693068618,1,0.0,4.512398186573652e-05,3.4102544766882056e-05,5.303228723469601e-05,3.9890330585717796e-05
circle,88,0.9,sampling_plus_direction_additive,1,0.037952577118533434,0.10660072732822583,0.6325429519755572,1.7766787888037638,0,0.0,4.512398186573652e-05,3.4102544766882056e-05,5.303228723469601e-05,3.9890330585717796e-05
circle,88,0.9,sampling_plus_direction_rss,1,0.02985767801807779,0.07891735836844083,0.4976279669679632,1.3152893061406805,1,0.0,4.512398186573652e-05,3.4102544766882056e-05,5.303228723469601e-05,3.9890330585717796e-05
circle,88,0.95,sampling_only,1,0.028743384405200308,0.043171003485461615,0.4790564067533385,0.7195167247576936,1,0.0,4.512398186573652e-05,3.4102544766882056e-05,5.303228723469601e-05,3.9890330585717796e-05
circle,88,0.95,sampling_plus_direction_additive,1,0.039379553638250596,0.11060880125709391,0.6563258939708433,1.8434800209515652,0,0.0,4.512398186573652e-05,3.4102544766882056e-05,5.303228723469601e-05,3.9890330585717796e-05
circle,88,0.95,sampling_plus_direction_rss,1,0.03098029494424869,0.08188456707835678,0.5163382490708115,1.36474278463928,1,0.0,4.512398186573652e-05,3.4102544766882056e-05,5.303228723469601e-05,3.9890330585717796e-05
circle,88,0.99,sampling_only,1,0.031038019522026554,0.04661742090207057,0.5173003253671092,0.7769570150345095,1,0.0,4.512398186573652e-05,3.4102544766882056e-05,5.303228723469601e-05,3.9890330585717796e-05
circle,88,0.99,sampling_plus_direction_additive,1,0.04252329292063393,0.11943889711555737,0.7087215486772321,1.9906482852592895,0,0.0,4.512398186573652e-05,3.4102544766882056e-05,5.303228723469601e-05,3.9890330585717796e-05
circle,88,0.99,sampling_plus_direction_rss,1,0.033453506578152395,0.08842155661637782,0.5575584429692066,1.4736926102729637,1,0.0,4.512398186573652e-05,3.4102544766882056e-05,5.303228723469601e-05,3.9890330585717796e-05
circle,89,0.8,sampling_only,1,0.02619205945258232,0.039307498917920326,0.43653432420970534,0.6551249819653387,1,0.0,4.3576681192401806e-05,3.512423587105495e-05,5.02602274094421e-05,4.0493806286170574e-05
circle,89,0.8,sampling_plus_direction_additive,1,0.03587305183127767,0.0858599072896561,0.5978841971879612,1.4309984548276018,1,0.0,4.3576681192401806e-05,3.512423587105495e-05,5.02602274094421e-05,4.0493806286170574e-05
circle,89,0.8,sampling_plus_direction_rss,1,0.02814713143291763,0.06445056611934598,0.4691188572152939,1.0741761019890996,1,0.0,4.3576681192401806e-05,3.512423587105495e-05,5.02602274094421e-05,4.0493806286170574e-05
circle,89,0.9,sampling_only,1,0.027252982031508614,0.04089966898757978,0.45421636719181024,0.6816611497929964,1,0.0,4.3576681192401806e-05,3.512423587105495e-05,5.02602274094421e-05,4.0493806286170574e-05
circle,89,0.9,sampling_plus_direction_additive,1,0.037326107889419875,0.08933770614060264,0.622101798156998,1.488961769010044,1,0.0,4.3576681192401806e-05,3.512423587105495e-05,5.02602274094421e-05,4.0493806286170574e-05
circle,89,0.9,sampling_plus_direction_rss,1,0.02928724518851023,0.06706116880770598,0.4881207531418372,1.1176861467950996,1,0.0,4.3576681192401806e-05,3.512423587105495e-05,5.02602274094421e-05,4.0493806286170574e-05
circle,89,0.95,sampling_only,1,0.02827766515987108,0.04243745302599176,0.47129441933118466,0.7072908837665293,1,0.0,4.3576681192401806e-05,3.512423587105495e-05,5.02602274094421e-05,4.0493806286170574e-05
circle,89,0.95,sampling_plus_direction_additive,1,0.038729529832659176,0.0926967088399418,0.645492163877653,1.5449451473323634,1,0.0,4.3576681192401806e-05,3.512423587105495e-05,5.02602274094421e-05,4.0493806286170574e-05
circle,89,0.95,sampling_plus_direction_rss,1,0.03038841444720584,0.06958259740462341,0.5064735741200974,1.1597099567437237,1,0.0,4.3576681192401806e-05,3.512423587105495e-05,5.02602274094421e-05,4.0493806286170574e-05
circle,89,0.99,sampling_only,1,0.030535121087223692,0.045825309814508525,0.5089186847870616,0.7637551635751421,1,0.0,4.3576681192401806e-05,3.512423587105495e-05,5.02602274094421e-05,4.0493806286170574e-05
circle,89,0.99,sampling_plus_direction_additive,1,0.04182137656717631,0.10009685074111142,0.6970229427862719,1.6682808456851905,1,0.0,4.3576681192401806e-05,3.512423587105495e-05,5.02602274094421e-05,4.0493806286170574e-05
circle,89,0.99,sampling_plus_direction_rss,1,0.03281437521620328,0.07513749898732447,0.546906253603388,1.2522916497887413,1,0.0,4.3576681192401806e-05,3.512423587105495e-05,5.02602274094421e-05,4.0493806286170574e-05
circle,90,0.8,sampling_only,1,0.027084380820651694,0.037932467723386376,0.4514063470108616,0.632207795389773,1,0.0,4.665267639130305e-05,3.3106074822483995e-05,5.399187188061683e-05,3.9146131575230306e-05
circle,90,0.8,sampling_plus_direction_additive,1,0.036541272816197276,0.18197558728748386,0.609021213603288,3.0329264547913977,0,0.0,4.665267639130305e-05,3.3106074822483995e-05,5.399187188061683e-05,3.9146131575230306e-05
circle,90,0.8,sampling_plus_direction_rss,1,0.02898795510039371,0.15439249275226616,0.48313258500656187,2.5732082125377693,0,0.0,4.665267639130305e-05,3.3106074822483995e-05,5.399187188061683e-05,3.9146131575230306e-05
circle,90,0.9,sampling_only,1,0.02818144732666234,0.03946894146097046,0.4696907887777057,0.6578156910161743,1,0.0,4.665267639130305e-05,3.3106074822483995e-05,5.399187188061683e-05,3.9146131575230306e-05
circle,90,0.9,sampling_plus_direction_additive,1,0.0380213955023722,0.18934660023574706,0.6336899250395367,3.1557766705957846,0,0.0,4.665267639130305e-05,3.3106074822483995e-05,5.399187188061683e-05,3.9146131575230306e-05
circle,90,0.9,sampling_plus_direction_rss,1,0.030162126842733627,0.1606462385439681,0.5027021140455604,2.6774373090661348,0,0.0,4.665267639130305e-05,3.3106074822483995e-05,5.399187188061683e-05,3.9146131575230306e-05
circle,90,0.95,sampling_only,1,0.02924103976227471,0.0409529316666156,0.4873506627045785,0.68254886111026,1,0.0,4.665267639130305e-05,3.3106074822483995e-05,5.399187188061683e-05,3.9146131575230306e-05
circle,90,0.95,sampling_plus_direction_additive,1,0.03945095952010183,0.19646583094782272,0.6575159920016972,3.2744305157970452,0,0.0,4.665267639130305e-05,3.3106074822483995e-05,5.399187188061683e-05,3.9146131575230306e-05
circle,90,0.95,sampling_plus_direction_rss,1,0.031296190720790894,0.16668636619240595,0.5216031786798483,2.778106103206766,0,0.0,4.665267639130305e-05,3.3106074822483995e-05,5.399187188061683e-05,3.9146131575230306e-05
circle,90,0.99,sampling_only,1,0.03157540358475098,0.04422227649443623,0.5262567264125163,0.7370379415739372,1,0.0,4.665267639130305e-05,3.3106074822483995e-05,5.399187188061683e-05,3.9146131575230306e-05
circle,90,0.99,sampling_plus_direction_additive,1,0.04260039926008383,0.21215004504711157,0.7100066543347304,3.5358340841185263,0,0.0,4.665267639130305e-05,3.3106074822483995e-05,5.399187188061683e-05,3.9146131575230306e-05
circle,90,0.99,sampling_plus_direction_rss,1,0.033794620872176474,0.17999323305155196,0.5632436812029412,2.999887217525866,0,0.0,4.665267639130305e-05,3.3106074822483995e-05,5.399187188061683e-05,3.9146131575230306e-05
circle,91,0.8,sampling_only,0,0.026837346614121307,0.040316448883787076,0.4472891102353551,0.6719408147297846,1,0.001658447732777634,4.5865565191044095e-05,3.345897506582023e-05,5.387563122110065e-05,3.9397194317573645e-05
circle,91,0.8,sampling_plus_direction_additive,1,0.03638877605417167,0.07793519303603196,0.6064796009028612,1.298919883933866,1,0.0,4.5865565191044095e-05,3.345897506582023e-05,5.387563122110065e-05,3.9397194317573645e-05
circle,91,0.8,sampling_plus_direction_rss,1,0.028689118808626176,0.056433140372154904,0.47815198014376964,0.9405523395359151,1,0.0,4.5865565191044095e-05,3.345897506582023e-05,5.387563122110065e-05,3.9397194317573645e-05
circle,91,0.9,sampling_only,0,0.027924406874996876,0.041949486980710014,0.46540678124994794,0.6991581163451669,1,0.0004103651530924998,4.5865565191044095e-05,3.345897506582023e-05,5.387563122110065e-05,3.9397194317573645e-05
circle,91,0.9,sampling_plus_direction_additive,1,0.03786272178208415,0.08109199733905341,0.6310453630347358,1.3515332889842235,1,0.0,4.5865565191044095e-05,3.345897506582023e-05,5.387563122110065e-05,3.9397194317573645e-05
circle,91,0.9,sampling_plus_direction_rss,1,0.02985118603624045,0.05871899318678087,0.4975197672706742,0.9786498864463479,1,0.0,4.5865565191044095e-05,3.345897506582023e-05,5.387563122110065e-05,3.9397194317573645e-05
circle,91,0.95,sampling_only,1,0.028974334863106806,0.04352674305870167,0.4829055810517801,0.7254457176450279,1,0.0,4.5865565191044095e-05,3.345897506582023e-05,5.387563122110065e-05,3.9397194317573645e-05
circle,91,0.95,sampling_plus_direction_additive,1,0.03928631983675309,0.08414097016054034,0.6547719972792182,1.4023495026756725,1,0.0,4.5865565191044095e-05,3.345897506582023e-05,5.387563122110065e-05,3.9397194317573645e-05
circle,91,0.95,sampling_plus_direction_rss,1,0.03097355887080146,0.06092676485607419,0.5162259811800244,1.01544608093457,1,0.0,4.5865565191044095e-05,3.345897506582023e-05,5.387563122110065e-05,3.9397194317573645e-05
circle,91,0.99,sampling_only,1,0.03128740716267704,0.04700155979341784,0.5214567860446174,0.7833593298902973,1,0.0,4.5865565191044095e-05,3.345897506582023e-05,5.387563122110065e-05,3.9397194317573645e-05
circle,91,0.99,sampling_plus_direction_additive,1,0.042422616100180284,0.09085809233976688,0.7070436016696714,1.5143015389961147,1,0.0,4.5865565191044095e-05,3.345897506582023e-05,5.387563122110065e-05,3.9397194317573645e-05
circle,91,0.99,sampling_plus_direction_rss,1,0.033446232752070905,0.06579065604656564,0.5574372125345151,1.0965109341094275,1,0.0,4.5865565191044095e-05,3.345897506582023e-05,5.387563122110065e-05,3.9397194317573645e-05
circle,92,0.8,sampling_only,1,0.02672214989913369,0.03756972693602942,0.44536916498556156,0.6261621156004903,1,0.0,4.534585586065074e-05,3.4239860593291944e-05,5.26260398117141e-05,3.992435411004402e-05
circle,92,0.8,sampling_plus_direction_additive,1,0.03585299638681732,0.08803004308065634,0.5975499397802887,1.4671673846776059,1,0.0,4.534585586065074e-05,3.4239860593291944e-05,5.26260398117141e-05,3.992435411004402e-05
circle,92,0.8,sampling_plus_direction_rss,1,0.028336657212371226,0.06390522640317835,0.47227762020618713,1.0650871067196392,1,0.0,4.534585586065074e-05,3.4239860593291944e-05,5.26260398117141e-05,3.992435411004402e-05
circle,92,0.9,sampling_only,1,0.027804544058965548,0.03909150767506173,0.4634090676494258,0.6515251279176956,1,0.0,4.534585586065074e-05,3.4239860593291944e-05,5.26260398117141e-05,3.992435411004402e-05
circle,92,0.9,sampling_plus_direction_additive,1,0.037305240089066063,0.09159574437639446,0.6217540014844344,1.5265957396065744,1,0.0,4.534585586065074e-05,3.4239860593291944e-05,5.26260398117141e-05,3.992435411004402e-05
circle,92,0.9,sampling_plus_direction_rss,1,0.02948444780525396,0.06649373983127552,0.49140746342089936,1.1082289971879253,1,0.0,4.534585586065074e-05,3.4239860593291944e-05,5.26260398117141e-05,3.992435411004402e-05
circle,92,0.95,sampling_only,1,0.028849965332721675,0.040561306771930324,0.48083275554536126,0.6760217795321721,1,0.0,4.534585586065074e-05,3.4239860593291944e-05,5.26260398117141e-05,3.992435411004402e-05
circle,92,0.95,sampling_plus_direction_additive,1,0.03870787742521452,0.09503964691094205,0.645131290420242,1.5839941151823675,1,0.0,4.534585586065074e-05,3.4239860593291944e-05,5.26260398117141e-05,3.992435411004402e-05
circle,92,0.95,sampling_plus_direction_rss,1,0.030593031672523873,0.06899383370239966,0.5098838612087312,1.1498972283733278,1,0.0,4.534585586065074e-05,3.4239860593291944e-05,5.26260398117141e-05,3.992435411004402e-05
circle,92,0.99,sampling_only,1,0.031153108993135788,0.043799387493085574,0.5192184832189298,0.7299897915514263,1,0.0,4.534585586065074e-05,3.4239860593291944e-05,5.26260398117141e-05,3.992435411004402e-05
circle,92,0.99,sampling_plus_direction_additive,1,0.041797995609823065,0.10262682969423179,0.6966332601637177,1.71044716157053,1,0.0,4.534585586065074e-05,3.4239860593291944e-05,5.26260398117141e-05,3.992435411004402e-05
circle,92,0.99,sampling_plus_direction_rss,1,0.03303532739582256,0.07450173323942681,0.550588789930376,1.2416955539904468,1,0.0,4.534585586065074e-05,3.4239860593291944e-05,5.26260398117141e-05,3.992435411004402e-05
circle,93,0.8,sampling_only,1,0.026928561791000453,0.0376104500922142,0.4488093631833409,0.6268408348702367,1,0.0,4.6176684498617956e-05,3.38289853355027e-05,5.5354878102142017e-05,3.96484540129712e-05
circle,93,0.8,sampling_plus_direction_additive,1,0.03635787316870472,0.1644891740986284,0.6059645528117454,2.74148623497714,0,0.0,4.6176684498617956e-05,3.38289853355027e-05,5.5354878102142017e-05,3.96484540129712e-05
circle,93,0.8,sampling_plus_direction_rss,1,0.028725364654891613,0.1358332255890288,0.4787560775815269,2.26388709315048,0,0.0,4.6176684498617956e-05,3.38289853355027e-05,5.5354878102142017e-05,3.96484540129712e-05
circle,93,0.9,sampling_only,1,0.028019316768622786,0.039133880343227796,0.4669886128103798,0.6522313390537966,1,0.0,4.6176684498617956e-05,3.38289853355027e-05,5.5354878102142017e-05,3.96484540129712e-05
circle,93,0.9,sampling_plus_direction_additive,1,0.0378305671596545,0.17115189106084758,0.6305094526609084,2.8525315176807933,0,0.0,4.6176684498617956e-05,3.38289853355027e-05,5.5354878102142017e-05,3.96484540129712e-05
circle,93,0.9,sampling_plus_direction_rss,1,0.029888900038790613,0.14133521890332626,0.49814833397984354,2.3555869817221042,0,0.0,4.6176684498617956e-05,3.38289853355027e-05,5.5354878102142017e-05,3.96484540129712e-05
circle,93,0.95,sampling_only,1,0.029072813267752934,0.040605272607336707,0.48454688779588223,0.6767545434556118,1,0.0,4.6176684498617956e-05,3.38289853355027e-05,5.5354878102142017e-05,3.96484540129712e-05
circle,93,0.95,sampling_plus_direction_additive,1,0.039252956234731254,0.17758702006634935,0.654215937245521,2.959783667772489,0,0.0,4.6176684498617956e-05,3.38289853355027e-05,5.5354878102142017e-05,3.96484540129712e-05
circle,93,0.95,sampling_plus_direction_rss,1,0.03101269087972141,0.14664927275938558,0.5168781813286901,2.44415454598976,0,0.0,4.6176684498617956e-05,3.38289853355027e-05,5.5354878102142017e-05,3.96484540129712e-05
circle,93,0.99,sampling_only,1,0.031393747272206785,0.0438468631987439,0.5232291212034464,0.7307810533123984,1,0.0,4.6176684498617956e-05,3.38289853355027e-05,5.5354878102142017e-05,3.96484540129712e-05
circle,93,0.99,sampling_plus_direction_additive,1,0.04238658902291337,0.19176410536682106,0.7064431503818895,3.196068422780351,0,0.0,4.6176684498617956e-05,3.38289853355027e-05,5.5354878102142017e-05,3.96484540129712e-05
circle,93,0.99,sampling_plus_direction_rss,1,0.033488488738341385,0.15835654307894598,0.5581414789723564,2.639275717982433,0,0.0,4.6176684498617956e-05,3.38289853355027e-05,5.5354878102142017e-05,3.96484540129712e-05
circle,94,0.8,sampling_only,1,0.026553589750613924,0.03923266539086798,0.44255982917689873,0.6538777565144663,1,0.0,4.494228052360666e-05,3.402641637468557e-05,5.176443352830814e-05,3.964518175333314e-05
circle,94,0.8,sampling_plus_direction_additive,1,0.035866453880580434,0.07209985168113398,0.5977742313430072,1.2016641946855664,1,0.0,4.494228052360666e-05,3.402641637468557e-05,5.176443352830814e-05,3.964518175333314e-05
circle,94,0.8,sampling_plus_direction_rss,1,0.028332430708226546,0.05272737062365473,0.47220717847044247,0.8787895103942455,1,0.0,4.494228052360666e-05,3.402641637468557e-05,5.176443352830814e-05,3.964518175333314e-05
circle,94,0.9,sampling_only,1,0.027629156296611303,0.0408218042907695,0.4604859382768551,0.6803634048461584,1,0.0,4.494228052360666e-05,3.402641637468557e-05,5.176443352830814e-05,3.964518175333314e-05
circle,94,0.9,sampling_plus_direction_additive,1,0.03731924268540177,0.07502029253933501,0.6219873780900296,1.2503382089889168,1,0.0,4.494228052360666e-05,3.402641637468557e-05,5.176443352830814e-05,3.964518175333314e-05
circle,94,0.9,sampling_plus_direction_rss,1,0.029480050104427127,0.05486311936549469,0.4913341684071188,0.9143853227582449,1,0.0,4.494228052360666e-05,3.402641637468557e-05,5.176443352830814e-05,3.964518175333314e-05
circle,94,0.95,sampling_only,1,0.02866798317710809,0.04235666069942616,0.4777997196184682,0.705944344990436,1,0.0,4.494228052360666e-05,3.402641637468557e-05,5.176443352830814e-05,3.964518175333314e-05
circle,94,0.95,sampling_plus_direction_additive,1,0.038722406504274276,0.07784097572039009,0.6453734417379047,1.2973495953398348,1,0.0,4.494228052360666e-05,3.402641637468557e-05,5.176443352830814e-05,3.964518175333314e-05
circle,94,0.95,sampling_plus_direction_rss,1,0.030588468622824914,0.05692591428159461,0.5098078103804152,0.9487652380265769,1,0.0,4.494228052360666e-05,3.402641637468557e-05,5.176443352830814e-05,3.964518175333314e-05
circle,94,0.99,sampling_only,1,0.030956598880792403,0.04573806769389314,0.5159433146798734,0.7623011282315523,1,0.0,4.494228052360666e-05,3.402641637468557e-05,5.176443352830814e-05,3.964518175333314e-05
circle,94,0.99,sampling_plus_direction_additive,1,0.04181368457091187,0.08405515822228471,0.6968947428485311,1.4009193037047452,1,0.0,4.494228052360666e-05,3.402641637468557e-05,5.176443352830814e-05,3.964518175333314e-05
circle,94,0.99,sampling_plus_direction_rss,1,0.03303040006981113,0.061470410508154306,0.5505066678301855,1.0245068418025718,1,0.0,4.494228052360666e-05,3.402641637468557e-05,5.176443352830814e-05,3.964518175333314e-05
circle,95,0.8,sampling_only,1,0.027026650034774027,0.04154663429113763,0.4504441672462338,0.6924439048522938,1,0.0,4.659205764795872e-05,3.3232101296884356e-05,5.546279537379926e-05,3.928673026234734e-05
circle,95,0.8,sampling_plus_direction_additive,1,0.03666160070701905,0.07299990030988829,0.6110266784503176,1.216665005164805,1,0.0,4.659205764795872e-05,3.3232101296884356e-05,5.546279537379926e-05,3.928673026234734e-05
circle,95,0.8,sampling_plus_direction_rss,1,0.028902704315438246,0.05211514856419908,0.48171173859063743,0.8685858094033181,1,0.0,4.659205764795872e-05,3.3232101296884356e-05,5.546279537379926e-05,3.928673026234734e-05
circle,95,0.9,sampling_only,1,0.02812137812618434,0.04322950166846849,0.4686896354364057,0.7204916944744749,1,0.0,4.659205764795872e-05,3.3232101296884356e-05,5.546279537379926e-05,3.928673026234734e-05
circle,95,0.9,sampling_plus_direction_additive,1,0.03814659733510291,0.07595679809176521,0.6357766222517152,1.2659466348627535,1,0.0,4.659205764795872e-05,3.3232101296884356e-05,5.546279537379926e-05,3.928673026234734e-05
circle,95,0.9,sampling_plus_direction_rss,1,0.030073422931734598,0.054226098942727105,0.50122371552891,0.9037683157121185,1,0.0,4.659205764795872e-05,3.3232101296884356e-05,5.546279537379926e-05,3.928673026234734e-05
circle,95,0.95,sampling_only,1,0.029178712023769825,0.04485488493683828,0.4863118670628304,0.7475814156139713,1,0.0,4.659205764795872e-05,3.3232101296884356e-05,5.546279537379926e-05,3.928673026234734e-05
circle,95,0.95,sampling_plus_direction_additive,1,0.03958086880853375,0.0788126928851893,0.6596811468088959,1.3135448814198216,1,0.0,4.659205764795872e-05,3.3232101296884356e-05,5.546279537379926e-05,3.928673026234734e-05
circle,95,0.95,sampling_plus_direction_rss,1,0.031204151637115516,0.05626494256869379,0.5200691939519253,0.9377490428115632,1,0.0,4.659205764795872e-05,3.3232101296884356e-05,5.546279537379926e-05,3.928673026234734e-05
circle,95,0.99,sampling_only,1,0.031508100112856124,0.048435729582211644,0.5251350018809354,0.8072621597035274,1,0.0,4.659205764795872e-05,3.3232101296884356e-05,5.546279537379926e-05,3.928673026234734e-05
circle,95,0.99,sampling_plus_direction_additive,1,0.0427406794363359,0.08510444928369044,0.712344657272265,1.4184074880615074,1,0.0,4.659205764795872e-05,3.3232101296884356e-05,5.546279537379926e-05,3.928673026234734e-05
circle,95,0.99,sampling_plus_direction_rss,1,0.0336952341459777,0.060756672256620806,0.561587235766295,1.0126112042770135,1,0.0,4.659205764795872e-05,3.3232101296884356e-05,5.546279537379926e-05,3.928673026234734e-05
circle,96,0.8,sampling_only,1,0.02676373640653307,0.03593662712848009,0.4460622734422179,0.5989437854746682,1,0.0,4.550277050201128e-05,3.380568279787155e-05,5.3542360561186997e-05,3.971402225374595e-05
circle,96,0.8,sampling_plus_direction_additive,1,0.035948678588348416,0.0753088347546967,0.5991446431391403,1.2551472459116118,1,0.0,4.550277050201128e-05,3.380568279787155e-05,5.3542360561186997e-05,3.971402225374595e-05
circle,96,0.8,sampling_plus_direction_rss,1,0.028432044729665356,0.0545808711354424,0.4738674121610893,0.9096811855907068,1,0.0,4.550277050201128e-05,3.380568279787155e-05,5.3542360561186997e-05,3.971402225374595e-05
circle,96,0.9,sampling_only,1,0.02784781504882262,0.03739225833610172,0.46413025081371034,0.6232043056016954,1,0.0,4.550277050201128e-05,3.380568279787155e-05,5.3542360561186997e-05,3.971402225374595e-05
circle,96,0.9,sampling_plus_direction_additive,1,0.03740479794643054,0.07835925709084521,0.6234132991071757,1.3059876181807535,1,0.0,4.550277050201128e-05,3.380568279787155e-05,5.3542360561186997e-05,3.971402225374595e-05
circle,96,0.9,sampling_plus_direction_rss,1,0.02958369904204781,0.05679169685038435,0.4930616507007969,0.9465282808397392,1,0.0,4.550277050201128e-05,3.380568279787155e-05,5.3542360561186997e-05,3.971402225374595e-05
circle,96,0.95,sampling_only,1,0.028894863265758866,0.03879816746575497,0.4815810544293144,0.6466361244292496,1,0.0,4.550277050201128e-05,3.380568279787155e-05,5.3542360561186997e-05,3.971402225374595e-05
circle,96,0.95,sampling_plus_direction_additive,1,0.03881117855209055,0.08130548178651976,0.6468529758681758,1.3550913631086627,1,0.0,4.550277050201128e-05,3.380568279787155e-05,5.3542360561186997e-05,3.971402225374595e-05
circle,96,0.95,sampling_plus_direction_rss,1,0.030696014650222054,0.05892700422799109,0.5116002441703675,0.9821167371331848,1,0.0,4.550277050201128e-05,3.380568279787155e-05,5.3542360561186997e-05,3.971402225374595e-05
circle,96,0.99,sampling_only,1,0.031201591207424197,0.041895493663685925,0.5200265201237366,0.6982582277280988,1,0.0,4.550277050201128e-05,3.380568279787155e-05,5.3542360561186997e-05,3.971402225374595e-05
circle,96,0.99,sampling_plus_direction_additive,1,0.04190954344801172,0.08779624192345309,0.6984923908001953,1.463270698724218,1,0.0,4.550277050201128e-05,3.380568279787155e-05,5.3542360561186997e-05,3.971402225374595e-05
circle,96,0.99,sampling_plus_direction_rss,1,0.03314653168642287,0.06363125099743044,0.5524421947737145,1.060520849957174,1,0.0,4.550277050201128e-05,3.380568279787155e-05,5.3542360561186997e-05,3.971402225374595e-05
circle,97,0.8,sampling_only,1,0.026950032103019567,0.04099862719722953,0.4491672017169928,0.6833104532871588,1,0.0,4.619149220186217e-05,3.344557195503873e-05,5.405630568703442e-05,3.949530881435674e-05
circle,97,0.8,sampling_plus_direction_additive,1,0.036224025337249846,0.09919766687374343,0.6037337556208308,1.6532944478957239,1,0.0,4.619149220186217e-05,3.344557195503873e-05,5.405630568703442e-05,3.949530881435674e-05
circle,97,0.8,sampling_plus_direction_rss,1,0.02872170526072109,0.07674010959871912,0.47869508767868485,1.2790018266453187,1,0.0,4.619149220186217e-05,3.344557195503873e-05,5.405630568703442e-05,3.949530881435674e-05
circle,97,0.9,sampling_only,1,0.028041656746459465,0.04265929727081681,0.46736094577432447,0.7109882878469469,1,0.0,4.619149220186217e-05,3.344557195503873e-05,5.405630568703442e-05,3.949530881435674e-05
circle,97,0.9,sampling_plus_direction_additive,1,0.03769129775427613,0.10321571840396732,0.6281882959046022,1.7202619733994553,1,0.0,4.619149220186217e-05,3.344557195503873e-05,5.405630568703442e-05,3.949530881435674e-05
circle,97,0.9,sampling_plus_direction_rss,1,0.02988509241901348,0.07984850644433382,0.49808487365022464,1.3308084407388971,1,0.0,4.619149220186217e-05,3.344557195503873e-05,5.405630568703442e-05,3.949530881435674e-05
circle,97,0.95,sampling_only,1,0.02909599320498748,0.0442632414605083,0.48493322008312467,0.7377206910084717,1,0.0,4.619149220186217e-05,3.344557195503873e-05,5.405630568703442e-05,3.949530881435674e-05
circle,97,0.95,sampling_plus_direction_additive,1,0.039108450447887425,0.10709651959878985,0.6518075074647904,1.7849419933131643,1,0.0,4.619149220186217e-05,3.344557195503873e-05,5.405630568703442e-05,3.949530881435674e-05
circle,97,0.95,sampling_plus_direction_rss,1,0.0310087400974918,0.08285072533120111,0.5168123349581967,1.3808454221866853,1,0.0,4.619149220186217e-05,3.344557195503873e-05,5.405630568703442e-05,3.949530881435674e-05
circle,97,0.99,sampling_only,1,0.03141877770474955,0.04779685416275731,0.5236462950791593,0.7966142360459552,1,0.0,4.619149220186217e-05,3.344557195503873e-05,5.405630568703442e-05,3.949530881435674e-05
circle,97,0.99,sampling_plus_direction_additive,1,0.04223054708401444,0.11564622381235465,0.7038424514002407,1.9274370635392442,1,0.0,4.619149220186217e-05,3.344557195503873e-05,5.405630568703442e-05,3.949530881435674e-05
circle,97,0.99,sampling_plus_direction_rss,1,0.0334842225581922,0.08946484498807437,0.5580703759698701,1.4910807498012397,1,0.0,4.619149220186217e-05,3.344557195503873e-05,5.405630568703442e-05,3.949530881435674e-05
circle,98,0.8,sampling_only,0,0.027145654096282744,0.03812478196489557,0.4524275682713791,0.6354130327482596,1,0.00014274889319337153,4.6902452347122574e-05,3.295485721409486e-05,5.463342916414438e-05,3.906262910128324e-05
circle,98,0.8,sampling_plus_direction_additive,1,0.036139889695804644,0.08445033724515588,0.6023314949300774,1.407505620752598,1,0.0,4.6902452347122574e-05,3.295485721409486e-05,5.463342916414438e-05,3.906262910128324e-05
circle,98,0.8,sampling_plus_direction_rss,1,0.028706991565383796,0.06076884357596831,0.4784498594230633,1.012814059599472,1,0.0,4.6902452347122574e-05,3.295485721409486e-05,5.463342916414438e-05,3.906262910128324e-05
circle,98,0.9,sampling_only,1,0.028245202507227958,0.03966904548783179,0.470753375120466,0.6611507581305298,1,0.0,4.6902452347122574e-05,3.295485721409486e-05,5.463342916414438e-05,3.906262910128324e-05
circle,98,0.9,sampling_plus_direction_additive,1,0.0376037541562377,0.0878710407504884,0.626729235937295,1.4645173458414735,1,0.0,4.6902452347122574e-05,3.295485721409486e-05,5.463342916414438e-05,3.906262910128324e-05
circle,98,0.9,sampling_plus_direction_rss,1,0.029869782738025236,0.06323031623571476,0.4978297123004206,1.0538386039285794,1,0.0,4.6902452347122574e-05,3.295485721409486e-05,5.463342916414438e-05,3.906262910128324e-05
circle,98,0.95,sampling_only,1,0.02930719206979677,0.04116055939198469,0.4884532011632795,0.6860093231997448,1,0.0,4.6902452347122574e-05,3.295485721409486e-05,5.463342916414438e-05,3.906262910128324e-05
circle,98,0.95,sampling_plus_direction_additive,1,0.03901761530370544,0.09117489839162932,0.6502935883950907,1.5195816398604887,1,0.0,4.6902452347122574e-05,3.295485721409486e-05,5.463342916414438e-05,3.906262910128324e-05
circle,98,0.95,sampling_plus_direction_rss,1,0.030992854788787248,0.06560770885179074,0.5165475798131208,1.0934618141965122,1,0.0,4.6902452347122574e-05,3.295485721409486e-05,5.463342916414438e-05,3.906262910128324e-05
circle,98,0.99,sampling_only,1,0.031646836947759036,0.04444647950763998,0.5274472824626506,0.7407746584606664,1,0.0,4.6902452347122574e-05,3.295485721409486e-05,5.463342916414438e-05,3.906262910128324e-05
circle,98,0.99,sampling_plus_direction_additive,1,0.04213246040992409,0.0984535514783078,0.7022076734987349,1.6408925246384634,1,0.0,4.6902452347122574e-05,3.295485721409486e-05,5.463342916414438e-05,3.906262910128324e-05
circle,98,0.99,sampling_plus_direction_rss,1,0.033467069097251945,0.07084528806457802,0.5577844849541991,1.1807548010763003,1,0.0,4.6902452347122574e-05,3.295485721409486e-05,5.463342916414438e-05,3.906262910128324e-05
circle,99,0.8,sampling_only,1,0.02676648644141305,0.042340940166731796,0.4461081073568842,0.7056823361121967,1,0.0,4.5491245869792965e-05,3.438540057946996e-05,5.314974072384467e-05,4.009988553464427e-05
circle,99,0.8,sampling_plus_direction_additive,1,0.03595878236274137,0.09565263251117564,0.5993130393790229,1.5942105418529275,1,0.0,4.5491245869792965e-05,3.438540057946996e-05,5.314974072384467e-05,4.009988553464427e-05
circle,99,0.8,sampling_plus_direction_rss,1,0.028400766421921863,0.06808003932748125,0.47334610703203106,1.1346673221246875,1,0.0,4.5491245869792965e-05,3.438540057946996e-05,5.314974072384467e-05,4.009988553464427e-05
circle,99,0.9,sampling_only,1,0.02785067647525248,0.04405598130418707,0.464177941254208,0.7342663550697845,1,0.0,4.5491245869792965e-05,3.438540057946996e-05,5.314974072384467e-05,4.009988553464427e-05
circle,99,0.9,sampling_plus_direction_additive,1,0.03741531097930145,0.09952709063649272,0.6235885163216909,1.6587848439415454,1,0.0,4.5491245869792965e-05,3.438540057946996e-05,5.314974072384467e-05,4.009988553464427e-05
circle,99,0.9,sampling_plus_direction_rss,1,0.02955115379067297,0.07083765565877718,0.49251922984454954,1.1806275943129532,1,0.0,4.5491245869792965e-05,3.438540057946996e-05,5.314974072384467e-05,4.009988553464427e-05
circle,99,0.95,sampling_only,1,0.028897832278778054,0.045712439327520435,0.48163053797963423,0.7618739887920073,1,0.0,4.5491245869792965e-05,3.438540057946996e-05,5.314974072384467e-05,4.009988553464427e-05
circle,99,0.95,sampling_plus_direction_additive,1,0.03882208686381197,0.10326920335180242,0.6470347810635328,1.7211533891967072,1,0.0,4.5491245869792965e-05,3.438540057946996e-05,5.314974072384467e-05,4.009988553464427e-05
circle,99,0.95,sampling_plus_direction_rss,1,0.030662245732022284,0.07350107614327234,0.5110374288670381,1.2250179357212057,1,0.0,4.5491245869792965e-05,3.438540057946996e-05,5.314974072384467e-05,4.009988553464427e-05
circle,99,0.99,sampling_only,1,0.031204797241993806,0.049361744053714754,0.5200799540332302,0.8226957342285792,1,0.0,4.5491245869792965e-05,3.438540057946996e-05,5.314974072384467e-05,4.009988553464427e-05
circle,99,0.99,sampling_plus_direction_additive,1,0.04192132258951395,0.11151336615313366,0.6986887098252325,1.8585561025522277,1,0.0,4.5491245869792965e-05,3.438540057946996e-05,5.314974072384467e-05,4.009988553464427e-05
circle,99,0.99,sampling_plus_direction_rss,1,0.033110066935872054,0.07936879680084245,0.5518344489312009,1.3228132800140409,1,0.0,4.5491245869792965e-05,3.438540057946996e-05,5.314974072384467e-05,4.009988553464427e-05
ellipse,0,0.8,sampling_only,1,0.02899471721670103,0.0425811609970717,0.48324528694501717,0.7096860166178618,1,0.0,5.3524560654195336e-05,3.640377207511862e-05,6.179240277547924e-05,4.327777512763569e-05
ellipse,0,0.8,sampling_plus_direction_additive,1,0.03988769750334681,0.10342666769123392,0.6647949583891135,1.7237777948538986,1,0.0,5.3524560654195336e-05,3.640377207511862e-05,6.179240277547924e-05,4.327777512763569e-05
ellipse,0,0.8,sampling_plus_direction_rss,1,0.03148356423341469,0.07899149993399354,0.5247260705569115,1.3165249988998924,1,0.0,5.3524560654195336e-05,3.640377207511862e-05,6.179240277547924e-05,4.327777512763569e-05
ellipse,0,0.9,sampling_only,1,0.03016916286197266,0.04430593240042292,0.5028193810328777,0.7384322066737155,1,0.0,5.3524560654195336e-05,3.640377207511862e-05,6.179240277547924e-05,4.327777512763569e-05
ellipse,0,0.9,sampling_plus_direction_additive,1,0.0415033688093506,0.10761601703260153,0.6917228134891766,1.7936002838766922,0,0.0,5.3524560654195336e-05,3.640377207511862e-05,6.179240277547924e-05,4.327777512763569e-05
ellipse,0,0.9,sampling_plus_direction_rss,1,0.032758821882427576,0.08219109048069896,0.5459803647071263,1.3698515080116493,1,0.0,5.3524560654195336e-05,3.640377207511862e-05,6.179240277547924e-05,4.327777512763569e-05
ellipse,0,0.95,sampling_only,1,0.03130349128686728,0.04597178831903734,0.5217248547811214,0.7661964719839557,1,0.0,5.3524560654195336e-05,3.640377207511862e-05,6.179240277547924e-05,4.327777512763569e-05
ellipse,0,0.95,sampling_plus_direction_additive,1,0.04306385131875003,0.11166226477412876,0.7177308553125005,1.8610377462354795,0,0.0,5.3524560654195336e-05,3.640377207511862e-05,6.179240277547924e-05,4.327777512763569e-05
ellipse,0,0.95,sampling_plus_direction_rss,1,0.03399051873120344,0.08528138803492306,0.5665086455200574,1.4213564672487178,1,0.0,5.3524560654195336e-05,3.640377207511862e-05,6.179240277547924e-05,4.327777512763569e-05
ellipse,0,0.99,sampling_only,1,0.0338025042553302,0.04964179733304477,0.56337507092217,0.8273632888840795,1,0.0,5.3524560654195336e-05,3.640377207511862e-05,6.179240277547924e-05,4.327777512763569e-05
ellipse,0,0.99,sampling_plus_direction_additive,1,0.046501714588738176,0.1205764604848019,0.7750285764789696,2.0096076747466984,0,0.0,5.3524560654195336e-05,3.640377207511862e-05,6.179240277547924e-05,4.327777512763569e-05
ellipse,0,0.99,sampling_plus_direction_rss,1,0.03670404184386963,0.09208955178620407,0.6117340307311605,1.534825863103401,1,0.0,5.3524560654195336e-05,3.640377207511862e-05,6.179240277547924e-05,4.327777512763569e-05
ellipse,0,0.8,full_algorithm_bootstrap,1,0.038404375456173576,0.038404375456173576,0.6400729242695596,0.6400729242695596,1,0.0,,,,
ellipse,0,0.9,full_algorithm_bootstrap,1,0.04293813581769675,0.04293813581769675,0.7156355969616126,0.7156355969616126,1,0.0,,,,
ellipse,0,0.95,full_algorithm_bootstrap,1,0.04817218779139624,0.04817218779139624,0.8028697965232706,0.8028697965232706,1,0.0,,,,
ellipse,0,0.99,full_algorithm_bootstrap,1,0.05679154138610395,0.05679154138610395,0.9465256897683991,0.9465256897683991,1,0.0,,,,
ellipse,1,0.8,sampling_only,1,0.028612421301420058,0.04020478410548657,0.476873688357001,0.6700797350914429,1,0.0,5.2193773459967935e-05,3.698602785164991e-05,6.167265775399161e-05,4.3641777611825725e-05
ellipse,1,0.8,sampling_plus_direction_additive,1,0.03861442602078753,0.07758044290506405,0.6435737670131255,1.2930073817510677,1,0.0,5.2193773459967935e-05,3.698602785164991e-05,6.167265775399161e-05,4.3641777611825725e-05
ellipse,1,0.8,sampling_plus_direction_rss,1,0.03044037239284258,0.054857719966233134,0.5073395398807097,0.9142953327705523,1,0.0,5.2193773459967935e-05,3.698602785164991e-05,6.167265775399161e-05,4.3641777611825725e-05
ellipse,1,0.9,sampling_only,1,0.029771381857820117,0.041833299164242756,0.49618969763033527,0.6972216527373792,1,0.0,5.2193773459967935e-05,3.698602785164991e-05,6.167265775399161e-05,4.3641777611825725e-05
ellipse,1,0.9,sampling_plus_direction_additive,1,0.04017852282317523,0.08072287787510112,0.6696420470529205,1.345381297918352,1,0.0,5.2193773459967935e-05,3.698602785164991e-05,6.167265775399161e-05,4.3641777611825725e-05
ellipse,1,0.9,sampling_plus_direction_rss,1,0.031673375030186066,0.05707975958270379,0.5278895838364345,0.9513293263783965,1,0.0,5.2193773459967935e-05,3.698602785164991e-05,6.167265775399161e-05,4.3641777611825725e-05
ellipse,1,0.95,sampling_only,1,0.030890754140180797,0.04340618670395417,0.5148459023363466,0.7234364450659029,1,0.0,5.2193773459967935e-05,3.698602785164991e-05,6.167265775399161e-05,4.3641777611825725e-05
ellipse,1,0.95,sampling_plus_direction_additive,1,0.04168919253307467,0.08375797219747097,0.6948198755512445,1.3959662032911828,1,0.0,5.2193773459967935e-05,3.698602785164991e-05,6.167265775399161e-05,4.3641777611825725e-05
ellipse,1,0.95,sampling_plus_direction_rss,1,0.032864260232187276,0.05922589781255915,0.5477376705364546,0.9870982968759859,1,0.0,5.2193773459967935e-05,3.698602785164991e-05,6.167265775399161e-05,4.3641777611825725e-05
ellipse,1,0.99,sampling_only,1,0.0333568175736323,0.04687137921205665,0.5559469595605383,0.7811896535342775,1,0.0,5.2193773459967935e-05,3.698602785164991e-05,6.167265775399161e-05,4.3641777611825725e-05
ellipse,1,0.99,sampling_plus_direction_additive,1,0.045017314365562014,0.09044451897321186,0.7502885727593669,1.507408649553531,1,0.0,5.2193773459967935e-05,3.698602785164991e-05,6.167265775399161e-05,4.3641777611825725e-05
ellipse,1,0.99,sampling_plus_direction_rss,1,0.035487872140729605,0.06395400578448167,0.5914645356788267,1.0659000964080279,1,0.0,5.2193773459967935e-05,3.698602785164991e-05,6.167265775399161e-05,4.3641777611825725e-05
ellipse,1,0.8,full_algorithm_bootstrap,1,0.036603685830090896,0.036603685830090896,0.610061430501515,0.610061430501515,1,0.0,,,,
ellipse,1,0.9,full_algorithm_bootstrap,1,0.041463948554638565,0.041463948554638565,0.6910658092439761,0.6910658092439761,1,0.0,,,,
ellipse,1,0.95,full_algorithm_bootstrap,1,0.043546597863857714,0.043546597863857714,0.7257766310642952,0.7257766310642952,1,0.0,,,,
ellipse,1,0.99,full_algorithm_bootstrap,1,0.052354768833124427,0.052354768833124427,0.8725794805520738,0.8725794805520738,1,0.0,,,,
ellipse,2,0.8,sampling_only,1,0.028239984645885605,0.04537937507563637,0.47066641076476007,0.7563229179272729,1,0.0,5.0631059154284915e-05,3.8705886657051534e-05,5.955931585094212e-05,4.498373111011772e-05
ellipse,2,0.8,sampling_plus_direction_additive,1,0.038396328613770014,0.09067692468482129,0.6399388102295003,1.5112820780803549,1,0.0,5.0631059154284915e-05,3.8705886657051534e-05,5.955931585094212e-05,4.498373111011772e-05
ellipse,2,0.8,sampling_plus_direction_rss,1,0.0301227028017739,0.06733980982465342,0.5020450466962316,1.1223301637442236,1,0.0,5.0631059154284915e-05,3.8705886657051534e-05,5.955931585094212e-05,4.498373111011772e-05
ellipse,2,0.9,sampling_only,1,0.02938385946770295,0.047217489551608254,0.48973099112838253,0.7869581591934709,1,0.0,5.0631059154284915e-05,3.8705886657051534e-05,5.955931585094212e-05,4.498373111011772e-05
ellipse,2,0.9,sampling_plus_direction_additive,1,0.03995159127068209,0.09434983925497516,0.6658598545113682,1.5724973209162527,1,0.0,5.0631059154284915e-05,3.8705886657051534e-05,5.955931585094212e-05,4.498373111011772e-05
ellipse,2,0.9,sampling_plus_direction_rss,1,0.03134283807210437,0.07006744278657898,0.5223806345350729,1.1677907131096497,1,0.0,5.0631059154284915e-05,3.8705886657051534e-05,5.955931585094212e-05,4.498373111011772e-05
ellipse,2,0.95,sampling_only,1,0.03048866132050269,0.04899281692133336,0.5081443553417115,0.8165469486888893,1,0.0,5.0631059154284915e-05,3.8705886657051534e-05,5.955931585094212e-05,4.498373111011772e-05
ellipse,2,0.95,sampling_plus_direction_additive,1,0.041453728595653376,0.09789729282671669,0.690895476594223,1.6316215471119448,1,0.0,5.0631059154284915e-05,3.8705886657051534e-05,5.955931585094212e-05,4.498373111011772e-05
ellipse,2,0.95,sampling_plus_direction_rss,1,0.03252129543615907,0.07270190408655346,0.5420215906026512,1.2116984014425576,1,0.0,5.0631059154284915e-05,3.8705886657051534e-05,5.955931585094212e-05,4.498373111011772e-05
ellipse,2,0.99,sampling_only,1,0.032922624974357946,0.05290399998158535,0.5487104162392992,0.8817333330264225,1,0.0,5.0631059154284915e-05,3.8705886657051534e-05,5.955931585094212e-05,4.498373111011772e-05
ellipse,2,0.99,sampling_plus_direction_additive,1,0.04476305292635959,0.10571260652797186,0.7460508821059932,1.7618767754661977,1,0.0,5.0631059154284915e-05,3.8705886657051534e-05,5.955931585094212e-05,4.498373111011772e-05
ellipse,2,0.99,sampling_plus_direction_rss,1,0.0351175278596099,0.07850582542808333,0.5852921309934983,1.3084304238013889,1,0.0,5.0631059154284915e-05,3.8705886657051534e-05,5.955931585094212e-05,4.498373111011772e-05
ellipse,3,0.8,sampling_only,1,0.028695976398786172,0.04027574067349113,0.4782662733131029,0.6712623445581855,1,0.0,5.247085961026552e-05,3.758940678574031e-05,6.174309626210889e-05,4.421022115259876e-05
ellipse,3,0.8,sampling_plus_direction_additive,1,0.039186338641444406,0.08618191245062701,0.6531056440240735,1.4363652075104503,1,0.0,5.247085961026552e-05,3.758940678574031e-05,6.174309626210889e-05,4.421022115259876e-05
ellipse,3,0.8,sampling_plus_direction_rss,1,0.030775110861216988,0.062035834362528464,0.5129185143536165,1.0339305727088077,1,0.0,5.247085961026552e-05,3.758940678574031e-05,6.174309626210889e-05,4.421022115259876e-05
ellipse,3,0.9,sampling_only,1,0.02985832139654872,0.04190712986382355,0.49763868994247873,0.6984521643970591,1,0.0,5.247085961026552e-05,3.758940678574031e-05,6.174309626210889e-05,4.421022115259876e-05
ellipse,3,0.9,sampling_plus_direction_additive,1,0.04077360105299416,0.08967275428303223,0.6795600175499027,1.4945459047172038,1,0.0,5.247085961026552e-05,3.758940678574031e-05,6.174309626210889e-05,4.421022115259876e-05
ellipse,3,0.9,sampling_plus_direction_rss,1,0.032021672249057984,0.06454862712313168,0.5336945374842997,1.0758104520521947,1,0.0,5.247085961026552e-05,3.758940678574031e-05,6.174309626210889e-05,4.421022115259876e-05
ellipse,3,0.95,sampling_only,1,0.0309809625130656,0.043482793359286454,0.51634937521776,0.7247132226547742,1,0.0,5.247085961026552e-05,3.758940678574031e-05,6.174309626210889e-05,4.421022115259876e-05
ellipse,3,0.95,sampling_plus_direction_additive,1,0.04230664507119668,0.09304435443604966,0.7051107511866113,1.5507392406008278,1,0.0,5.247085961026552e-05,3.758940678574031e-05,6.174309626210889e-05,4.421022115259876e-05
ellipse,3,0.95,sampling_plus_direction_rss,1,0.033225653055915245,0.06697558682594741,0.5537608842652542,1.116259780432457,1,0.0,5.247085961026552e-05,3.758940678574031e-05,6.174309626210889e-05,4.421022115259876e-05
ellipse,3,0.99,sampling_only,1,0.03345422744016639,0.046954101511915335,0.5575704573361066,0.7825683585319223,1,0.0,5.247085961026552e-05,3.758940678574031e-05,6.174309626210889e-05,4.421022115259876e-05
ellipse,3,0.99,sampling_plus_direction_additive,1,0.04568405922977113,0.10047224949884401,0.7614009871628522,1.6745374916474003,1,0.0,5.247085961026552e-05,3.758940678574031e-05,6.174309626210889e-05,4.421022115259876e-05
ellipse,3,0.99,sampling_plus_direction_rss,1,0.035878115591530736,0.072322366152082,0.597968593192179,1.2053727692013667,1,0.0,5.247085961026552e-05,3.758940678574031e-05,6.174309626210889e-05,4.421022115259876e-05
ellipse,4,0.8,sampling_only,1,0.028412836178555098,0.039977159204163316,0.473547269642585,0.6662859867360553,1,0.0,5.1468669968120196e-05,3.7630842987602924e-05,6.078615707982125e-05,4.417722236058776e-05
ellipse,4,0.8,sampling_plus_direction_additive,1,0.03873035336854299,0.15020675123305868,0.6455058894757165,2.5034458538843114,0,0.0,5.1468669968120196e-05,3.7630842987602924e-05,6.078615707982125e-05,4.417722236058776e-05
ellipse,4,0.8,sampling_plus_direction_rss,1,0.03041760569110409,0.1201826855248938,0.5069600948517349,2.00304475874823,0,0.0,5.1468669968120196e-05,3.7630842987602924e-05,6.078615707982125e-05,4.417722236058776e-05
ellipse,4,0.9,sampling_only,1,0.0295637124388864,0.04159645420148154,0.49272854064810667,0.693274236691359,1,0.0,5.1468669968120196e-05,3.7630842987602924e-05,6.078615707982125e-05,4.417722236058776e-05
ellipse,4,0.9,sampling_plus_direction_additive,1,0.04029914586662317,0.15629095145331307,0.6716524311103862,2.6048491908885514,0,0.0,5.1468669968120196e-05,3.7630842987602924e-05,6.078615707982125e-05,4.417722236058776e-05
ellipse,4,0.9,sampling_plus_direction_rss,1,0.03164968615171055,0.1250507458200451,0.5274947691951759,2.0841790970007517,0,0.0,5.1468669968120196e-05,3.7630842987602924e-05,6.078615707982125e-05,4.417722236058776e-05
ellipse,4,0.95,sampling_only,1,0.03067527657204667,0.04316043662258617,0.5112546095341112,0.7193406103764362,1,0.0,5.1468669968120196e-05,3.7630842987602924e-05,6.078615707982125e-05,4.417722236058776e-05
ellipse,4,0.95,sampling_plus_direction_additive,1,0.04181435087461842,0.16216732494098388,0.696905847910307,2.702788749016398,0,0.0,5.1468669968120196e-05,3.7630842987602924e-05,6.078615707982125e-05,4.417722236058776e-05
ellipse,4,0.95,sampling_plus_direction_rss,1,0.032839680677085044,0.12975252081416488,0.5473280112847507,2.1625420135694147,0,0.0,5.1468669968120196e-05,3.7630842987602924e-05,6.078615707982125e-05,4.417722236058776e-05
ellipse,4,0.99,sampling_only,1,0.033124138050858495,0.046606010467878434,0.5520689675143082,0.7767668411313072,1,0.0,5.1468669968120196e-05,3.7630842987602924e-05,6.078615707982125e-05,4.417722236058776e-05
ellipse,4,0.99,sampling_plus_direction_additive,1,0.045152464318449145,0.1751134287597127,0.7525410719741524,2.9185571459952118,0,0.0,5.1468669968120196e-05,3.7630842987602924e-05,6.078615707982125e-05,4.417722236058776e-05
ellipse,4,0.99,sampling_plus_direction_rss,1,0.03546133035635407,0.14011089359865314,0.5910221726059012,2.3351815599775523,0,0.0,5.1468669968120196e-05,3.7630842987602924e-05,6.078615707982125e-05,4.417722236058776e-05
ellipse,5,0.8,sampling_only,0,0.028225213871608475,0.041677104783591816,0.4704202311934746,0.6946184130598636,1,0.0012457403767069317,5.075681853216063e-05,3.823956491225368e-05,5.7304145817091426e-05,4.451929832426892e-05
ellipse,5,0.8,sampling_plus_direction_additive,1,0.03857416617724853,0.22266798559436637,0.6429027696208088,3.7111330932394395,0,0.0,5.075681853216063e-05,3.823956491225368e-05,5.7304145817091426e-05,4.451929832426892e-05
ellipse,5,0.8,sampling_plus_direction_rss,1,0.030335023981527546,0.19122385664961353,0.5055837330254591,3.1870642774935587,0,0.0,5.075681853216063e-05,3.823956491225368e-05,5.7304145817091426e-05,4.451929832426892e-05
ellipse,5,0.9,sampling_only,0,0.029368490395763617,0.043365256934026486,0.4894748399293936,0.7227542822337748,1,7.65437072760139e-05,5.075681853216063e-05,3.823956491225368e-05,5.7304145817091426e-05,4.451929832426892e-05
ellipse,5,0.9,sampling_plus_direction_additive,1,0.04013663223436735,0.23168726466055709,0.6689438705727891,3.861454411009285,0,0.0,5.075681853216063e-05,3.823956491225368e-05,5.7304145817091426e-05,4.451929832426892e-05
ellipse,5,0.9,sampling_plus_direction_rss,1,0.031563759428334885,0.19896947541304905,0.5260626571389148,3.3161579235508176,0,0.0,5.075681853216063e-05,3.823956491225368e-05,5.7304145817091426e-05,4.451929832426892e-05
ellipse,5,0.95,sampling_only,1,0.03047271438781048,0.044995744455943384,0.5078785731301747,0.7499290742657231,1,0.0,5.075681853216063e-05,3.823956491225368e-05,5.7304145817091426e-05,4.451929832426892e-05
ellipse,5,0.95,sampling_plus_direction_additive,1,0.04164572690269743,0.24039845930632625,0.6940954483782905,4.006640988438771,0,0.0,5.075681853216063e-05,3.823956491225368e-05,5.7304145817091426e-05,4.451929832426892e-05
ellipse,5,0.95,sampling_plus_direction_rss,1,0.032750523200332865,0.20645051599345832,0.5458420533388811,3.440841933224305,0,0.0,5.075681853216063e-05,3.823956491225368e-05,5.7304145817091426e-05,4.451929832426892e-05
ellipse,5,0.99,sampling_only,1,0.032905404969878316,0.04858783416538162,0.5484234161646386,0.8097972360896937,1,0.0,5.075681853216063e-05,3.823956491225368e-05,5.7304145817091426e-05,4.451929832426892e-05
ellipse,5,0.99,sampling_plus_direction_additive,1,0.044970378797183304,0.2595898926803106,0.7495063132863884,4.326498211338509,0,0.0,5.075681853216063e-05,3.823956491225368e-05,5.7304145817091426e-05,4.451929832426892e-05
ellipse,5,0.99,sampling_plus_direction_rss,1,0.03536505528084598,0.22293182512557916,0.5894175880140996,3.715530418759653,0,0.0,5.075681853216063e-05,3.823956491225368e-05,5.7304145817091426e-05,4.451929832426892e-05
ellipse,6,0.8,sampling_only,1,0.028827099153646327,0.046663412203278305,0.4804516525607721,0.7777235367213051,1,0.0,5.296128108172076e-05,3.76939248745987e-05,6.178416151479861e-05,4.42660204364132e-05
ellipse,6,0.8,sampling_plus_direction_additive,1,0.038989055961464764,0.14763371842182776,0.6498175993577461,2.4605619736971294,0,0.0,5.296128108172076e-05,3.76939248745987e-05,6.178416151479861e-05,4.42660204364132e-05
ellipse,6,0.8,sampling_plus_direction_rss,1,0.030729912121919483,0.1205546990265132,0.5121652020319915,2.00924498377522,0,0.0,5.296128108172076e-05,3.76939248745987e-05,6.178416151479861e-05,4.42660204364132e-05
ellipse,6,0.9,sampling_only,1,0.029994755344730423,0.04855353725075035,0.4999125890788404,0.8092256208458393,1,0.0,5.296128108172076e-05,3.76939248745987e-05,6.178416151479861e-05,4.42660204364132e-05
ellipse,6,0.9,sampling_plus_direction_additive,1,0.04056832733855614,0.15361369665027216,0.6761387889759357,2.560228277504536,0,0.0,5.296128108172076e-05,3.76939248745987e-05,6.178416151479861e-05,4.42660204364132e-05
ellipse,6,0.9,sampling_plus_direction_rss,1,0.031974642712027816,0.12543782791618444,0.5329107118671302,2.0906304652697405,0,0.0,5.296128108172076e-05,3.76939248745987e-05,6.178416151479861e-05,4.42660204364132e-05
ellipse,6,0.95,sampling_only,1,0.031122526232538975,0.05037909859246485,0.5187087705423162,0.8396516432077475,1,0.0,5.296128108172076e-05,3.76939248745987e-05,6.178416151479861e-05,4.42660204364132e-05
ellipse,6,0.95,sampling_plus_direction_additive,1,0.04209365328349836,0.15938940820583472,0.701560888058306,2.656490136763912,0,0.0,5.296128108172076e-05,3.76939248745987e-05,6.178416151479861e-05,4.42660204364132e-05
ellipse,6,0.95,sampling_plus_direction_rss,1,0.03317685525833018,0.13015415678528006,0.5529475876388363,2.169235946421334,0,0.0,5.296128108172076e-05,3.76939248745987e-05,6.178416151479861e-05,4.42660204364132e-05
ellipse,6,0.99,sampling_only,1,0.03360709244126314,0.054400950965681094,0.5601182073543858,0.906682516094685,1,0.0,5.296128108172076e-05,3.76939248745987e-05,6.178416151479861e-05,4.42660204364132e-05
ellipse,6,0.99,sampling_plus_direction_additive,1,0.045454063931673394,0.17211374602783078,0.7575677321945566,2.86856243379718,0,0.0,5.296128108172076e-05,3.76939248745987e-05,6.178416151479861e-05,4.42660204364132e-05
ellipse,6,0.99,sampling_plus_direction_rss,1,0.03582542217962329,0.14054459287833732,0.5970903696603882,2.342409881305622,0,0.0,5.296128108172076e-05,3.76939248745987e-05,6.178416151479861e-05,4.42660204364132e-05
ellipse,7,0.8,sampling_only,1,0.028743795053361065,0.04536657672666466,0.4790632508893511,0.7561096121110776,1,0.0,5.2815700329346444e-05,3.699620513758912e-05,6.052839166174e-05,4.3688736996722906e-05
ellipse,7,0.8,sampling_plus_direction_additive,1,0.03877242407573437,0.08820094367043756,0.6462070679289061,1.470015727840626,1,0.0,5.2815700329346444e-05,3.699620513758912e-05,6.052839166174e-05,4.3688736996722906e-05
ellipse,7,0.8,sampling_plus_direction_rss,1,0.030605989678947614,0.06276990645100747,0.5100998279824602,1.0461651075167913,1,0.0,5.2815700329346444e-05,3.699620513758912e-05,6.052839166174e-05,4.3688736996722906e-05
ellipse,7,0.9,sampling_only,1,0.029908076969846036,0.047204172799056185,0.49846794949743395,0.7867362133176031,1,0.0,5.2815700329346444e-05,3.699620513758912e-05,6.052839166174e-05,4.3688736996722906e-05
ellipse,7,0.9,sampling_plus_direction_additive,1,0.040342920669029045,0.09177356738076392,0.6723820111504841,1.5295594563460655,1,0.0,5.2815700329346444e-05,3.699620513758912e-05,6.052839166174e-05,4.3688736996722906e-05
ellipse,7,0.9,sampling_plus_direction_rss,1,0.03184570072799914,0.06531243317180718,0.5307616787999857,1.088540552863453,1,0.0,5.2815700329346444e-05,3.699620513758912e-05,6.052839166174e-05,4.3688736996722906e-05
ellipse,7,0.95,sampling_only,1,0.031032588842981067,0.04897899947305379,0.5172098140496845,0.8163166578842299,1,0.0,5.2815700329346444e-05,3.699620513758912e-05,6.052839166174e-05,4.3688736996722906e-05
ellipse,7,0.95,sampling_plus_direction_additive,1,0.04185977156302022,0.09522415587107962,0.6976628593836703,1.5870692645179936,1,0.0,5.2815700329346444e-05,3.699620513758912e-05,6.052839166174e-05,4.3688736996722906e-05
ellipse,7,0.95,sampling_plus_direction_rss,1,0.03304306519289085,0.06776811116939573,0.5507177532148476,1.1294685194899288,1,0.0,5.2815700329346444e-05,3.699620513758912e-05,6.052839166174e-05,4.3688736996722906e-05
ellipse,7,0.99,sampling_only,1,0.03350997519113328,0.05288907946201814,0.558499586518888,0.8814846577003024,1,0.0,5.2815700329346444e-05,3.699620513758912e-05,6.052839166174e-05,4.3688736996722906e-05
ellipse,7,0.99,sampling_plus_direction_additive,1,0.04520151102058571,0.1028260683303648,0.753358517009762,1.71376780550608,0,0.0,5.2815700329346444e-05,3.699620513758912e-05,6.052839166174e-05,4.3688736996722906e-05
ellipse,7,0.99,sampling_plus_direction_rss,1,0.0356809514170847,0.07317815911288515,0.5946825236180784,1.2196359852147525,1,0.0,5.2815700329346444e-05,3.699620513758912e-05,6.052839166174e-05,4.3688736996722906e-05
ellipse,8,0.8,sampling_only,1,0.028312926516367957,0.038530246786861365,0.47188210860613267,0.6421707797810228,1,0.0,5.09342596480337e-05,3.825669009057428e-05,5.7859660337318005e-05,4.460356769937614e-05
ellipse,8,0.8,sampling_plus_direction_additive,1,0.038405362618274326,0.23960674087017925,0.6400893769712388,3.9934456811696544,0,0.0,5.09342596480337e-05,3.825669009057428e-05,5.7859660337318005e-05,4.460356769937614e-05
ellipse,8,0.8,sampling_plus_direction_rss,1,0.03026134167240902,0.205660693974432,0.5043556945401504,3.4276782329072004,0,0.0,5.09342596480337e-05,3.825669009057428e-05,5.7859660337318005e-05,4.460356769937614e-05
ellipse,8,0.9,sampling_only,1,0.029459755885439743,0.040090933866920406,0.4909959314239957,0.6681822311153401,1,0.0,5.09342596480337e-05,3.825669009057428e-05,5.7859660337318005e-05,4.460356769937614e-05
ellipse,8,0.9,sampling_plus_direction_additive,1,0.03996099120209544,0.2493121327624175,0.666016520034924,4.155202212706959,0,0.0,5.09342596480337e-05,3.825669009057428e-05,5.7859660337318005e-05,4.460356769937614e-05
ellipse,8,0.9,sampling_plus_direction_rss,1,0.0314870925801215,0.21399108411538803,0.5247848763353584,3.566518068589801,0,0.0,5.09342596480337e-05,3.825669009057428e-05,5.7859660337318005e-05,4.460356769937614e-05
ellipse,8,0.95,sampling_only,1,0.030567411362795803,0.041598310325255614,0.5094568560465967,0.6933051720875936,1,0.0,5.09342596480337e-05,3.825669009057428e-05,5.7859660337318005e-05,4.460356769937614e-05
ellipse,8,0.95,sampling_plus_direction_additive,1,0.04146348195448674,0.2586860036967011,0.691058032574779,4.311433394945018,0,0.0,5.09342596480337e-05,3.825669009057428e-05,5.7859660337318005e-05,4.460356769937614e-05
ellipse,8,0.95,sampling_plus_direction_rss,1,0.032670973760196946,0.2220369212006478,0.5445162293366158,3.7006153533441304,0,0.0,5.09342596480337e-05,3.825669009057428e-05,5.7859660337318005e-05,4.460356769937614e-05
ellipse,8,0.99,sampling_only,1,0.033007661771542206,0.044919176870661374,0.5501276961923701,0.7486529478443563,1,0.0,5.09342596480337e-05,3.825669009057428e-05,5.7859660337318005e-05,4.460356769937614e-05
ellipse,8,0.99,sampling_plus_direction_additive,1,0.04477358491304589,0.2793373640217747,0.7462264152174315,4.655622733696245,0,0.0,5.09342596480337e-05,3.825669009057428e-05,5.7859660337318005e-05,4.460356769937614e-05
ellipse,8,0.99,sampling_plus_direction_rss,1,0.03527915526847797,0.2397625205746314,0.5879859211412996,3.9960420095771902,0,0.0,5.09342596480337e-05,3.825669009057428e-05,5.7859660337318005e-05,4.460356769937614e-05
ellipse,9,0.8,sampling_only,1,0.02843872300023889,0.041987391825970534,0.4739787166706482,0.6997898637661756,1,0.0,5.142788814619946e-05,3.801117797017592e-05,5.910055179515135e-05,4.448593087889792e-05
ellipse,9,0.8,sampling_plus_direction_additive,1,0.03930579125717184,0.21096338715776097,0.655096520952864,3.51605645262935,0,0.0,5.142788814619946e-05,3.801117797017592e-05,5.910055179515135e-05,4.448593087889792e-05
ellipse,9,0.8,sampling_plus_direction_rss,1,0.030738417968369954,0.18123242886603474,0.5123069661394992,3.0205404811005794,0,0.0,5.142788814619946e-05,3.801117797017592e-05,5.910055179515135e-05,4.448593087889792e-05
ellipse,9,0.9,sampling_only,1,0.029590647819339334,0.04368811230955991,0.49317746365565557,0.7281352051593318,1,0.0,5.142788814619946e-05,3.801117797017592e-05,5.910055179515135e-05,4.448593087889792e-05
ellipse,9,0.9,sampling_plus_direction_additive,1,0.040897892157171364,0.21950856556068996,0.6816315359528561,3.658476092678166,0,0.0,5.142788814619946e-05,3.801117797017592e-05,5.910055179515135e-05,4.448593087889792e-05
ellipse,9,0.9,sampling_plus_direction_rss,1,0.03198349309207896,0.18857333980760155,0.5330582182013159,3.142888996793359,0,0.0,5.142788814619946e-05,3.801117797017592e-05,5.910055179515135e-05,4.448593087889792e-05
ellipse,9,0.95,sampling_only,1,0.030703224694146526,0.045330738850092374,0.5117204115691087,0.7555123141682063,1,0.0,5.142788814619946e-05,3.801117797017592e-05,5.910055179515135e-05,4.448593087889792e-05
ellipse,9,0.95,sampling_plus_direction_additive,1,0.04243560938865046,0.22776185407792576,0.7072601564775076,3.7960309012987627,0,0.0,5.142788814619946e-05,3.801117797017592e-05,5.910055179515135e-05,4.448593087889792e-05
ellipse,9,0.95,sampling_plus_direction_rss,1,0.033186038403254806,0.19566349675029537,0.5531006400542468,3.2610582791715896,0,0.0,5.142788814619946e-05,3.801117797017592e-05,5.910055179515135e-05,4.448593087889792e-05
ellipse,9,0.99,sampling_only,1,0.03315431732088149,0.048949571753370204,0.5525719553480248,0.8158261958895034,1,0.0,5.142788814619946e-05,3.801117797017592e-05,5.910055179515135e-05,4.448593087889792e-05
ellipse,9,0.99,sampling_plus_direction_additive,1,0.045823318996343766,0.24594448494953974,0.7637219832723962,4.099074749158996,0,0.0,5.142788814619946e-05,3.801117797017592e-05,5.910055179515135e-05,4.448593087889792e-05
ellipse,9,0.99,sampling_plus_direction_rss,1,0.035835338431217965,0.21128365909426122,0.5972556405202994,3.5213943182376872,0,0.0,5.142788814619946e-05,3.801117797017592e-05,5.910055179515135e-05,4.448593087889792e-05
ellipse,10,0.8,sampling_only,1,0.028099695588925815,0.04030127691787824,0.46832825981543025,0.6716879486313041,1,0.0,5.0172347752990026e-05,3.895043252717483e-05,5.791640736073759e-05,4.510618385252626e-05
ellipse,10,0.8,sampling_plus_direction_additive,1,0.03831201481614457,0.09245729777988862,0.6385335802690761,1.5409549629981438,1,0.0,5.0172347752990026e-05,3.895043252717483e-05,5.791640736073759e-05,4.510618385252626e-05
ellipse,10,0.8,sampling_plus_direction_rss,1,0.030047282671541827,0.0673231840605726,0.5007880445256971,1.12205306767621,1,0.0,5.0172347752990026e-05,3.895043252717483e-05,5.791640736073759e-05,4.510618385252626e-05
ellipse,10,0.9,sampling_only,1,0.029237887931731755,0.04193370046666958,0.48729813219552925,0.6988950077778264,1,0.0,5.0172347752990026e-05,3.895043252717483e-05,5.791640736073759e-05,4.510618385252626e-05
ellipse,10,0.9,sampling_plus_direction_additive,1,0.03986386230015748,0.09620232726024606,0.6643977050026247,1.6033721210041012,1,0.0,5.0172347752990026e-05,3.895043252717483e-05,5.791640736073759e-05,4.510618385252626e-05
ellipse,10,0.9,sampling_plus_direction_rss,1,0.0312643630114567,0.07005014358753833,0.5210727168576117,1.167502393125639,1,0.0,5.0172347752990026e-05,3.895043252717483e-05,5.791640736073759e-05,4.510618385252626e-05
ellipse,10,0.95,sampling_only,1,0.030337201410086532,0.0435103629885295,0.5056200235014422,0.7251727164754916,1,0.0,5.0172347752990026e-05,3.895043252717483e-05,5.791640736073759e-05,4.510618385252626e-05
ellipse,10,0.95,sampling_plus_direction_additive,1,0.04136270110917696,0.09981943241001677,0.689378351819616,1.6636572068336128,1,0.0,5.0172347752990026e-05,3.895043252717483e-05,5.791640736073759e-05,4.510618385252626e-05
ellipse,10,0.95,sampling_plus_direction_rss,1,0.0324398697967252,0.0726839544560345,0.5406644966120867,1.2113992409339083,1,0.0,5.0172347752990026e-05,3.895043252717483e-05,5.791640736073759e-05,4.510618385252626e-05
ellipse,10,0.99,sampling_only,1,0.03275907375192602,0.046983872073328624,0.5459845625321004,0.7830645345554771,1,0.0,5.0172347752990026e-05,3.895043252717483e-05,5.791640736073759e-05,4.510618385252626e-05
ellipse,10,0.99,sampling_plus_direction_additive,1,0.04466475855494989,0.1077881939072971,0.7444126425824982,1.7964698984549519,0,0.0,5.0172347752990026e-05,3.895043252717483e-05,5.791640736073759e-05,4.510618385252626e-05
ellipse,10,0.99,sampling_plus_direction_rss,1,0.03502960186764199,0.07848644284687414,0.5838266977940333,1.3081073807812358,1,0.0,5.0172347752990026e-05,3.895043252717483e-05,5.791640736073759e-05,4.510618385252626e-05
ellipse,11,0.8,sampling_only,1,0.028351634492788023,0.039474370027497534,0.4725272415464671,0.657906167124959,1,0.0,5.104337410697515e-05,3.8318420022813854e-05,5.982936233197255e-05,4.472883248511507e-05
ellipse,11,0.8,sampling_plus_direction_additive,1,0.0385975394319488,0.10851921630914144,0.6432923238658134,1.8086536051523574,0,0.0,5.104337410697515e-05,3.8318420022813854e-05,5.982936233197255e-05,4.472883248511507e-05
ellipse,11,0.8,sampling_plus_direction_rss,1,0.030332384433262912,0.07956297240129541,0.5055397405543819,1.3260495400215901,1,0.0,5.104337410697515e-05,3.8318420022813854e-05,5.982936233197255e-05,4.472883248511507e-05
ellipse,11,0.9,sampling_only,1,0.029500031747968312,0.04107329929561717,0.4916671957994719,0.6845549882602862,1,0.0,5.104337410697515e-05,3.8318420022813854e-05,5.982936233197255e-05,4.472883248511507e-05
ellipse,11,0.9,sampling_plus_direction_additive,1,0.0401609522345383,0.11291484190086648,0.6693492039089717,1.881914031681108,0,0.0,5.104337410697515e-05,3.8318420022813854e-05,5.982936233197255e-05,4.472883248511507e-05
ellipse,11,0.9,sampling_plus_direction_rss,1,0.031561012963836454,0.08278571072852924,0.5260168827306076,1.3797618454754874,1,0.0,5.104337410697515e-05,3.8318420022813854e-05,5.982936233197255e-05,4.472883248511507e-05
ellipse,11,0.95,sampling_only,1,0.030609201554903626,0.042617611648876036,0.5101533592483938,0.7102935274812673,1,0.0,5.104337410697515e-05,3.8318420022813854e-05,5.982936233197255e-05,4.472883248511507e-05
ellipse,11,0.95,sampling_plus_direction_additive,1,0.04167096130899935,0.11716031981971453,0.694516021816656,1.9526719969952422,0,0.0,5.104337410697515e-05,3.8318420022813854e-05,5.982936233197255e-05,4.472883248511507e-05
ellipse,11,0.95,sampling_plus_direction_rss,1,0.03274767347169141,0.08589836537142093,0.5457945578615235,1.4316394228570155,1,0.0,5.104337410697515e-05,3.8318420022813854e-05,5.982936233197255e-05,4.472883248511507e-05
ellipse,11,0.99,sampling_only,1,0.03305278814845685,0.0460198508182858,0.5508798024742808,0.7669975136380968,1,0.0,5.104337410697515e-05,3.8318420022813854e-05,5.982936233197255e-05,4.472883248511507e-05
ellipse,11,0.99,sampling_plus_direction_additive,1,0.044997627710685786,0.12651343497021406,0.7499604618447632,2.108557249503568,0,0.0,5.104337410697515e-05,3.8318420022813854e-05,5.982936233197255e-05,4.472883248511507e-05
ellipse,11,0.99,sampling_plus_direction_rss,1,0.035361978053336546,0.09275578351260451,0.5893663008889425,1.5459297252100752,1,0.0,5.104337410697515e-05,3.8318420022813854e-05,5.982936233197255e-05,4.472883248511507e-05
ellipse,12,0.8,sampling_only,1,0.028551691347787445,0.04004883748431245,0.47586152246312413,0.6674806247385409,1,0.0,5.1819019370564546e-05,3.7819303893508073e-05,6.190229674208902e-05,4.440940167005161e-05
ellipse,12,0.8,sampling_plus_direction_additive,1,0.03919462382058102,0.11960476006630115,0.653243730343017,1.993412667771686,0,0.0,5.1819019370564546e-05,3.7819303893508073e-05,6.190229674208902e-05,4.440940167005161e-05
ellipse,12,0.8,sampling_plus_direction_rss,1,0.03067568270811996,0.0932170703128858,0.511261378468666,1.5536178385480968,1,0.0,5.1819019370564546e-05,3.7819303893508073e-05,6.190229674208902e-05,4.440940167005161e-05
ellipse,12,0.9,sampling_only,1,0.02970819200678453,0.041671035846521334,0.49513653344640884,0.694517264108689,1,0.0,5.1819019370564546e-05,3.7819303893508073e-05,6.190229674208902e-05,4.440940167005161e-05
ellipse,12,0.9,sampling_plus_direction_additive,1,0.0407822218274906,0.12444941119925704,0.6797036971248434,2.0741568533209507,0,0.0,5.1819019370564546e-05,3.7819303893508073e-05,6.190229674208902e-05,4.440940167005161e-05
ellipse,12,0.9,sampling_plus_direction_rss,1,0.03191821670847001,0.09699287476290779,0.5319702784745002,1.6165479127151299,1,0.0,5.1819019370564546e-05,3.7819303893508073e-05,6.190229674208902e-05,4.440940167005161e-05
ellipse,12,0.95,sampling_only,1,0.030825188417977604,0.04323782245812774,0.5137531402996267,0.7206303743021291,1,0.0,5.1819019370564546e-05,3.7819303893508073e-05,6.190229674208902e-05,4.440940167005161e-05
ellipse,12,0.95,sampling_plus_direction_additive,1,0.042315589977642044,0.12912857665142982,0.7052598329607007,2.152142944190497,0,0.0,5.1819019370564546e-05,3.7819303893508073e-05,6.190229674208902e-05,4.440940167005161e-05
ellipse,12,0.95,sampling_plus_direction_rss,1,0.03311830769707349,0.10063970365766939,0.5519717949512248,1.6773283942944899,1,0.0,5.1819019370564546e-05,3.7819303893508073e-05,6.190229674208902e-05,4.440940167005161e-05
ellipse,12,0.99,sampling_only,1,0.03328601762408459,0.04668957415127798,0.5547669604014098,0.7781595691879664,1,0.0,5.1819019370564546e-05,3.7819303893508073e-05,6.190229674208902e-05,4.440940167005161e-05
ellipse,12,0.99,sampling_plus_direction_additive,1,0.04569371822388819,0.13943713887197864,0.7615619703981364,2.3239523145329777,0,0.0,5.1819019370564546e-05,3.7819303893508073e-05,6.190229674208902e-05,4.440940167005161e-05
ellipse,12,0.99,sampling_plus_direction_rss,1,0.03576220066319938,0.10867394885664793,0.5960366777199897,1.8112324809441323,1,0.0,5.1819019370564546e-05,3.7819303893508073e-05,6.190229674208902e-05,4.440940167005161e-05
ellipse,13,0.8,sampling_only,1,0.028909729914964176,0.04081115921803103,0.4818288319160696,0.6801859869671839,1,0.0,5.328331538872111e-05,3.707016556625899e-05,6.185497121513945e-05,4.374927213949989e-05
ellipse,13,0.8,sampling_plus_direction_additive,1,0.03904141647362692,0.1397120063510767,0.6506902745604487,2.3285334391846115,0,0.0,5.328331538872111e-05,3.707016556625899e-05,6.185497121513945e-05,4.374927213949989e-05
ellipse,13,0.8,sampling_plus_direction_rss,1,0.03080446248851976,0.1092392184950231,0.513407708141996,1.8206536415837185,1,0.0,5.328331538872111e-05,3.707016556625899e-05,6.185497121513945e-05,4.374927213949989e-05
ellipse,13,0.9,sampling_only,1,0.030080733106712904,0.04246423580656543,0.5013455517785484,0.7077372634427571,1,0.0,5.328331538872111e-05,3.707016556625899e-05,6.185497121513945e-05,4.374927213949989e-05
ellipse,13,0.9,sampling_plus_direction_additive,1,0.04062280873967311,0.14537111163652752,0.6770468123278852,2.4228518606087923,0,0.0,5.328331538872111e-05,3.707016556625899e-05,6.185497121513945e-05,4.374927213949989e-05
ellipse,13,0.9,sampling_plus_direction_rss,1,0.03205221277882909,0.11366400813844332,0.5342035463138182,1.894400135640722,1,0.0,5.328331538872111e-05,3.707016556625899e-05,6.185497121513945e-05,4.374927213949989e-05
ellipse,13,0.95,sampling_only,1,0.031211736666895293,0.04406084589273823,0.5201956111149215,0.7343474315456372,1,0.0,5.328331538872111e-05,3.707016556625899e-05,6.185497121513945e-05,4.374927213949989e-05
ellipse,13,0.95,sampling_plus_direction_additive,1,0.04215018312733141,0.15083691076533573,0.7025030521221902,2.5139485127555954,0,0.0,5.328331538872111e-05,3.707016556625899e-05,6.185497121513945e-05,4.374927213949989e-05
ellipse,13,0.95,sampling_plus_direction_rss,1,0.0332573418771119,0.11793765391074301,0.5542890312851984,1.9656275651790502,1,0.0,5.328331538872111e-05,3.707016556625899e-05,6.185497121513945e-05,4.374927213949989e-05
ellipse,13,0.99,sampling_only,1,0.033703424702074394,0.04757830099952985,0.5617237450345732,0.7929716833254976,1,0.0,5.328331538872111e-05,3.707016556625899e-05,6.185497121513945e-05,4.374927213949989e-05
ellipse,13,0.99,sampling_plus_direction_additive,1,0.04551510665272995,0.16287848761921192,0.7585851108788326,2.7146414603201987,0,0.0,5.328331538872111e-05,3.707016556625899e-05,6.185497121513945e-05,4.374927213949989e-05
ellipse,13,0.99,sampling_plus_direction_rss,1,0.035912334187262765,0.12735282501393186,0.5985389031210461,2.122547083565531,1,0.0,5.328331538872111e-05,3.707016556625899e-05,6.185497121513945e-05,4.374927213949989e-05
ellipse,14,0.8,sampling_only,0,0.028393522873126537,0.04055344619684338,0.47322538121877566,0.6758907699473897,1,0.0033745900749615892,5.121079602557079e-05,3.894003169061976e-05,5.8467108420337827e-05,4.515443828992107e-05
ellipse,14,0.8,sampling_plus_direction_additive,1,0.039232483265158484,0.170586922825996,0.6538747210859748,2.8431153804332667,0,0.0,5.121079602557079e-05,3.894003169061976e-05,5.8467108420337827e-05,4.515443828992107e-05
ellipse,14,0.8,sampling_plus_direction_rss,0,0.030792359588383854,0.1428206722614625,0.5132059931397309,2.380344537691042,0,0.0013489442423615591,5.121079602557079e-05,3.894003169061976e-05,5.8467108420337827e-05,4.515443828992107e-05
ellipse,14,0.9,sampling_only,0,0.029543616838280176,0.04219608398946881,0.4923936139713363,0.7032680664911468,1,0.002263934820463276,5.121079602557079e-05,3.894003169061976e-05,5.8467108420337827e-05,4.515443828992107e-05
ellipse,14,0.9,sampling_plus_direction_additive,1,0.04082161478796629,0.17749663217601097,0.6803602464661048,2.9582772029335165,0,0.0,5.121079602557079e-05,3.894003169061976e-05,5.8467108420337827e-05,4.515443828992107e-05
ellipse,14,0.9,sampling_plus_direction_rss,0,0.03203961964461869,0.14860569562756817,0.5339936607436448,2.476761593792803,0,0.00015623918171478804,5.121079602557079e-05,3.894003169061976e-05,5.8467108420337827e-05,4.515443828992107e-05
ellipse,14,0.95,sampling_only,0,0.030654425398238525,0.04378261185262099,0.510907089970642,0.7297101975436832,1,0.0011912178066889809,5.121079602557079e-05,3.894003169061976e-05,5.8467108420337827e-05,4.515443828992107e-05
ellipse,14,0.95,sampling_plus_direction_additive,1,0.042356464071519176,0.18417031669690623,0.705941067858653,3.0695052782817704,0,0.0,5.121079602557079e-05,3.894003169061976e-05,5.8467108420337827e-05,4.515443828992107e-05
ellipse,14,0.95,sampling_plus_direction_rss,1,0.03324427525445376,0.15419311167297872,0.554071254240896,2.5698851945496455,0,0.0,5.121079602557079e-05,3.894003169061976e-05,5.8467108420337827e-05,4.515443828992107e-05
ellipse,14,0.99,sampling_only,1,0.03310162229103735,0.047277855044832576,0.5516937048506225,0.7879642507472097,1,0.0,5.121079602557079e-05,3.894003169061976e-05,5.8467108420337827e-05,4.515443828992107e-05
ellipse,14,0.99,sampling_plus_direction_additive,1,0.045737855368833236,0.19887295818867412,0.7622975894805539,3.314549303144569,0,0.0,5.121079602557079e-05,3.894003169061976e-05,5.8467108420337827e-05,4.515443828992107e-05
ellipse,14,0.99,sampling_plus_direction_rss,1,0.03589822443305174,0.16650261996990406,0.5983037405508623,2.7750436661650677,0,0.0,5.121079602557079e-05,3.894003169061976e-05,5.8467108420337827e-05,4.515443828992107e-05
ellipse,15,0.8,sampling_only,1,0.028701792323100085,0.040114064908287554,0.47836320538500143,0.6685677484714593,1,0.0,5.2362261575089074e-05,3.7722621999316e-05,6.1545411021823e-05,4.433875930904109e-05
ellipse,15,0.8,sampling_plus_direction_additive,1,0.0410080286091999,0.5612291670714016,0.683467143486665,9.353819451190027,0,0.0,5.2362261575089074e-05,3.7722621999316e-05,6.1545411021823e-05,4.433875930904109e-05
ellipse,15,0.8,sampling_plus_direction_rss,1,0.03255774023393696,0.5292190232788168,0.5426290038989494,8.820317054646946,0,0.0,5.2362261575089074e-05,3.7722621999316e-05,6.1545411021823e-05,4.433875930904109e-05
ellipse,15,0.9,sampling_only,1,0.029864372897810413,0.04173890534020408,0.49773954829684025,0.6956484223367347,1,0.0,5.2362261575089074e-05,3.7722621999316e-05,6.1545411021823e-05,4.433875930904109e-05
ellipse,15,0.9,sampling_plus_direction_additive,1,0.04266907949172095,0.5839620375574351,0.7111513248620158,9.732700625957253,0,0.0,5.2362261575089074e-05,3.7722621999316e-05,6.1545411021823e-05,4.433875930904109e-05
ellipse,15,0.9,sampling_plus_direction_rss,1,0.03387650792364588,0.5506553067451961,0.564608465394098,9.177588445753269,0,0.0,5.2362261575089074e-05,3.7722621999316e-05,6.1545411021823e-05,4.433875930904109e-05
ellipse,15,0.95,sampling_only,1,0.03098724154433619,0.043308243772562684,0.5164540257389365,0.7218040628760447,1,0.0,5.2362261575089074e-05,3.7722621999316e-05,6.1545411021823e-05,4.433875930904109e-05
ellipse,15,0.95,sampling_plus_direction_additive,1,0.044273391482510555,0.6059183888586416,0.7378898580418426,10.098639814310694,0,0.0,5.2362261575089074e-05,3.7722621999316e-05,6.1545411021823e-05,4.433875930904109e-05
ellipse,15,0.95,sampling_plus_direction_rss,1,0.0351502285784008,0.5713593604048177,0.5858371429733467,9.522656006746962,0,0.0,5.2362261575089074e-05,3.7722621999316e-05,6.1545411021823e-05,4.433875930904109e-05
ellipse,15,0.99,sampling_only,1,0.033461007737587485,0.04676561732355672,0.5576834622931248,0.779426955392612,1,0.0,5.2362261575089074e-05,3.7722621999316e-05,6.1545411021823e-05,4.433875930904109e-05
ellipse,15,0.99,sampling_plus_direction_additive,1,0.047807814478933515,0.6542899234491985,0.7967969079822252,10.904832057486642,0,0.0,5.2362261575089074e-05,3.7722621999316e-05,6.1545411021823e-05,4.433875930904109e-05
ellipse,15,0.99,sampling_plus_direction_rss,1,0.03795633337536672,0.6169719867479799,0.632605556256112,10.282866445799666,0,0.0,5.2362261575089074e-05,3.7722621999316e-05,6.1545411021823e-05,4.433875930904109e-05
ellipse,16,0.8,sampling_only,1,0.028925557724818154,0.043081671356175744,0.48209262874696923,0.7180278559362624,1,0.0,5.3367414208131274e-05,3.779534807448536e-05,6.254942787626013e-05,4.4406947866673986e-05
ellipse,16,0.8,sampling_plus_direction_additive,1,0.03944718205732234,0.07014590568949959,0.6574530342887057,1.1690984281583265,1,0.0,5.3367414208131274e-05,3.779534807448536e-05,6.254942787626013e-05,4.4406947866673986e-05
ellipse,16,0.8,sampling_plus_direction_rss,1,0.03094479414989773,0.050877334707024484,0.5157465691649622,0.8479555784504081,1,0.0,5.3367414208131274e-05,3.779534807448536e-05,6.254942787626013e-05,4.4406947866673986e-05
ellipse,16,0.9,sampling_only,1,0.030097202029988283,0.04482671618407082,0.501620033833138,0.7471119364011803,1,0.0,5.3367414208131274e-05,3.779534807448536e-05,6.254942787626013e-05,4.4406947866673986e-05
ellipse,16,0.9,sampling_plus_direction_additive,1,0.04104501006299692,0.07298720097977457,0.6840835010499486,1.2164533496629095,1,0.0,5.3367414208131274e-05,3.779534807448536e-05,6.254942787626013e-05,4.4406947866673986e-05
ellipse,16,0.9,sampling_plus_direction_rss,1,0.03219822864493191,0.0529381468109368,0.5366371440821985,0.8823024468489468,1,0.0,5.3367414208131274e-05,3.779534807448536e-05,6.254942787626013e-05,4.4406947866673986e-05
ellipse,16,0.95,sampling_only,1,0.031228824804163585,0.046512153018858436,0.5204804134027264,0.7752025503143073,1,0.0,5.3367414208131274e-05,3.779534807448536e-05,6.254942787626013e-05,4.4406947866673986e-05
ellipse,16,0.95,sampling_plus_direction_additive,1,0.04258825877120781,0.07573144208131377,0.7098043128534636,1.2621907013552296,1,0.0,5.3367414208131274e-05,3.779534807448536e-05,6.254942787626013e-05,4.4406947866673986e-05
ellipse,16,0.95,sampling_plus_direction_rss,1,0.03340884778442548,0.054928564807074864,0.5568141297404247,0.9154760801179145,1,0.0,5.3367414208131274e-05,3.779534807448536e-05,6.254942787626013e-05,4.4406947866673986e-05
ellipse,16,0.99,sampling_only,1,0.03372187701550594,0.050225300300740766,0.5620312835917657,0.8370883383456794,1,0.0,5.3367414208131274e-05,3.779534807448536e-05,6.254942787626013e-05,4.4406947866673986e-05
ellipse,16,0.99,sampling_plus_direction_additive,1,0.04598815464857764,0.08177721678890998,0.7664692441429607,1.3629536131484996,1,0.0,5.3367414208131274e-05,3.779534807448536e-05,6.254942787626013e-05,4.4406947866673986e-05
ellipse,16,0.99,sampling_plus_direction_rss,1,0.036075935078605625,0.05931360909922776,0.6012655846434272,0.9885601516537961,1,0.0,5.3367414208131274e-05,3.779534807448536e-05,6.254942787626013e-05,4.4406947866673986e-05
ellipse,17,0.8,sampling_only,1,0.028297725240289586,0.04202560966300068,0.47162875400482646,0.7004268277166781,1,0.0,5.089576692079763e-05,3.8417910573160433e-05,5.9470330634837974e-05,4.476269090304078e-05
ellipse,17,0.8,sampling_plus_direction_additive,1,0.038642743380101735,0.10626264455389857,0.6440457230016956,1.7710440758983095,1,0.0,5.089576692079763e-05,3.8417910573160433e-05,5.9470330634837974e-05,4.476269090304078e-05
ellipse,17,0.8,sampling_plus_direction_rss,1,0.030287648877555844,0.08216412899705693,0.5047941479592641,1.3694021499509488,1,0.0,5.089576692079763e-05,3.8417910573160433e-05,5.9470330634837974e-05,4.476269090304078e-05
ellipse,17,0.9,sampling_only,1,0.029443938874006568,0.04372787817935535,0.49073231456677613,0.7287979696559225,1,0.0,5.089576692079763e-05,3.8417910573160433e-05,5.9470330634837974e-05,4.476269090304078e-05
ellipse,17,0.9,sampling_plus_direction_additive,1,0.04020798719141122,0.11056686656850366,0.6701331198568538,1.842781109475061,1,0.0,5.089576692079763e-05,3.8417910573160433e-05,5.9470330634837974e-05,4.476269090304078e-05
ellipse,17,0.9,sampling_plus_direction_rss,1,0.03151446537188166,0.08549222848417824,0.5252410895313611,1.4248704747363041,1,0.0,5.089576692079763e-05,3.8417910573160433e-05,5.9470330634837974e-05,4.476269090304078e-05
ellipse,17,0.95,sampling_only,1,0.030550999648561374,0.045371999874282906,0.5091833274760229,0.7561999979047151,1,0.0,5.089576692079763e-05,3.8417910573160433e-05,5.9470330634837974e-05,4.476269090304078e-05
ellipse,17,0.95,sampling_plus_direction_additive,1,0.041719764730207484,0.11472406311300148,0.6953294121701248,1.9120677185500248,0,0.0,5.089576692079763e-05,3.8417910573160433e-05,5.9470330634837974e-05,4.476269090304078e-05
ellipse,17,0.95,sampling_plus_direction_rss,1,0.0326993757398038,0.08870664531506171,0.5449895956633967,1.478444088584362,1,0.0,5.089576692079763e-05,3.8417910573160433e-05,5.9470330634837974e-05,4.476269090304078e-05
ellipse,17,0.99,sampling_only,1,0.032989939881189374,0.04899412671795861,0.5498323313531562,0.8165687786326435,1,0.0,5.089576692079763e-05,3.8417910573160433e-05,5.9470330634837974e-05,4.476269090304078e-05
ellipse,17,0.99,sampling_plus_direction_additive,1,0.045050327195160056,0.1238826875899596,0.750838786586001,2.06471145983266,0,0.0,5.089576692079763e-05,3.8417910573160433e-05,5.9470330634837974e-05,4.476269090304078e-05
ellipse,17,0.99,sampling_plus_direction_rss,1,0.03530982462825393,0.09578825340151115,0.5884970771375655,1.5964708900251858,1,0.0,5.089576692079763e-05,3.8417910573160433e-05,5.9470330634837974e-05,4.476269090304078e-05
ellipse,18,0.8,sampling_only,1,0.028142270497467203,0.04148970665677839,0.4690378416244534,0.6914951109463066,1,0.0,5.0434201223269545e-05,3.796215155080194e-05,5.712076085781552e-05,4.426324504524626e-05
ellipse,18,0.8,sampling_plus_direction_additive,1,0.03843271907000052,0.08319216551087177,0.6405453178333421,1.3865360918478629,1,0.0,5.0434201223269545e-05,3.796215155080194e-05,5.712076085781552e-05,4.426324504524626e-05
ellipse,18,0.8,sampling_plus_direction_rss,1,0.030179650428045733,0.058869202764394175,0.5029941738007623,0.9811533794065697,1,0.0,5.0434201223269545e-05,3.796215155080194e-05,5.712076085781552e-05,4.426324504524626e-05
ellipse,18,0.9,sampling_only,1,0.02928218735841762,0.04317026815156627,0.488036455973627,0.7195044691927712,1,0.0,5.0434201223269545e-05,3.796215155080194e-05,5.712076085781552e-05,4.426324504524626e-05
ellipse,18,0.9,sampling_plus_direction_additive,1,0.0399894557406969,0.08656190613550813,0.666490929011615,1.4426984355918022,1,0.0,5.0434201223269545e-05,3.796215155080194e-05,5.712076085781552e-05,4.426324504524626e-05
ellipse,18,0.9,sampling_plus_direction_rss,1,0.03140209239070169,0.061253729514923465,0.5233682065116949,1.0208954919153912,1,0.0,5.0434201223269545e-05,3.796215155080194e-05,5.712076085781552e-05,4.426324504524626e-05
ellipse,18,0.95,sampling_only,1,0.030383166448083063,0.0447934243027225,0.5063861074680511,0.7465570717120417,1,0.0,5.0434201223269545e-05,3.796215155080194e-05,5.712076085781552e-05,4.426324504524626e-05
ellipse,18,0.95,sampling_plus_direction_additive,1,0.041493016729454546,0.08981654170798974,0.6915502788242425,1.496942361799829,1,0.0,5.0434201223269545e-05,3.796215155080194e-05,5.712076085781552e-05,4.426324504524626e-05
ellipse,18,0.95,sampling_plus_direction_rss,1,0.032582777654091566,0.06355680457330251,0.5430462942348595,1.0592800762217085,1,0.0,5.0434201223269545e-05,3.796215155080194e-05,5.712076085781552e-05,4.426324504524626e-05
ellipse,18,0.99,sampling_only,1,0.03280870826004641,0.04836936243717994,0.5468118043341068,0.8061560406196656,1,0.0,5.0434201223269545e-05,3.796215155080194e-05,5.712076085781552e-05,4.426324504524626e-05
ellipse,18,0.99,sampling_plus_direction_additive,1,0.04480547750123616,0.09698675478275051,0.746757958353936,1.616445913045842,1,0.0,5.0434201223269545e-05,3.796215155080194e-05,5.712076085781552e-05,4.426324504524626e-05
ellipse,18,0.99,sampling_plus_direction_rss,1,0.035183918311532496,0.06863065647714363,0.5863986385255416,1.1438442746190605,1,0.0,5.0434201223269545e-05,3.796215155080194e-05,5.712076085781552e-05,4.426324504524626e-05
ellipse,19,0.8,sampling_only,1,0.02830809322700511,0.0391219855395611,0.4718015537834185,0.6520330923260184,1,0.0,5.0884505952863525e-05,3.842063960455729e-05,5.9150343370847524e-05,4.4762680005327684e-05
ellipse,19,0.8,sampling_plus_direction_additive,1,0.0384552016420893,0.11788063457833786,0.640920027368155,1.9646772429722978,1,0.0,5.0884505952863525e-05,3.842063960455729e-05,5.9150343370847524e-05,4.4762680005327684e-05
ellipse,19,0.8,sampling_plus_direction_rss,1,0.030249209313001325,0.08966496493028668,0.5041534885500221,1.4944160821714447,1,0.0,5.0884505952863525e-05,3.842063960455729e-05,5.9150343370847524e-05,4.4762680005327684e-05
ellipse,19,0.9,sampling_only,1,0.029454726821253434,0.04070664129626053,0.49091211368755727,0.6784440216043423,1,0.0,5.0884505952863525e-05,3.842063960455729e-05,5.9150343370847524e-05,4.4762680005327684e-05
ellipse,19,0.9,sampling_plus_direction_additive,1,0.040012848980707935,0.12265544913878619,0.6668808163451323,2.0442574856464364,1,0.0,5.0884505952863525e-05,3.842063960455729e-05,5.9150343370847524e-05,4.4762680005327684e-05
ellipse,19,0.9,sampling_plus_direction_rss,1,0.03147446879337665,0.09329688956016899,0.5245744798896108,1.5549481593361498,1,0.0,5.0884505952863525e-05,3.842063960455729e-05,5.9150343370847524e-05,4.4762680005327684e-05
ellipse,19,0.95,sampling_only,1,0.0305621932111468,0.04223716769885222,0.5093698868524467,0.7039527949808704,1,0.0,5.0884505952863525e-05,3.842063960455729e-05,5.9150343370847524e-05,4.4762680005327684e-05
ellipse,19,0.95,sampling_plus_direction_additive,1,0.041517289530400577,0.12726716352618517,0.6919548255066763,2.121119392103086,1,0.0,5.0884505952863525e-05,3.842063960455729e-05,5.9150343370847524e-05,4.4762680005327684e-05
ellipse,19,0.95,sampling_plus_direction_rss,1,0.03265787533250167,0.09680475334367984,0.5442979222083612,1.6134125557279975,1,0.0,5.0884505952863525e-05,3.842063960455729e-05,5.9150343370847524e-05,4.4762680005327684e-05
ellipse,19,0.99,sampling_only,1,0.03300202704563563,0.045609035356146285,0.5500337840939272,0.7601505892691048,1,0.0,5.0884505952863525e-05,3.842063960455729e-05,5.9150343370847524e-05,4.4762680005327684e-05
ellipse,19,0.99,sampling_plus_direction_additive,1,0.044831688042729696,0.13742712585105385,0.7471948007121616,2.2904520975175644,0,0.0,5.0884505952863525e-05,3.842063960455729e-05,5.9150343370847524e-05,4.4762680005327684e-05
ellipse,19,0.99,sampling_plus_direction_rss,1,0.03526501117017755,0.10453284768937986,0.5877501861696259,1.742214128156331,1,0.0,5.0884505952863525e-05,3.842063960455729e-05,5.9150343370847524e-05,4.4762680005327684e-05
ellipse,20,0.8,sampling_only,1,0.0285108112305885,0.04346427802863437,0.47518018717647503,0.7244046338105729,1,0.0,5.1671626273093105e-05,3.803069766407383e-05,6.0637946360100354e-05,4.441680801074026e-05
ellipse,20,0.8,sampling_plus_direction_additive,1,0.03979884976821747,0.1721094489403483,0.6633141628036245,2.8684908156724718,0,0.0,5.1671626273093105e-05,3.803069766407383e-05,6.0637946360100354e-05,4.441680801074026e-05
ellipse,20,0.8,sampling_plus_direction_rss,1,0.031198533232338208,0.13578926122287624,0.5199755538723035,2.263154353714604,0,0.0,5.1671626273093105e-05,3.803069766407383e-05,6.0637946360100354e-05,4.441680801074026e-05
ellipse,20,0.9,sampling_only,1,0.029665656019819256,0.045224820532777245,0.49442760033032096,0.7537470088796208,1,0.0,5.1671626273093105e-05,3.803069766407383e-05,6.0637946360100354e-05,4.441680801074026e-05
ellipse,20,0.9,sampling_plus_direction_additive,1,0.041410922251896666,0.17908082897855968,0.6901820375316111,2.9846804829759948,0,0.0,5.1671626273093105e-05,3.803069766407383e-05,6.0637946360100354e-05,4.441680801074026e-05
ellipse,20,0.9,sampling_plus_direction_rss,1,0.03246224555688803,0.14128947373834785,0.5410374259481339,2.3548245623057977,0,0.0,5.1671626273093105e-05,3.803069766407383e-05,6.0637946360100354e-05,4.441680801074026e-05
ellipse,20,0.95,sampling_only,1,0.03078105312315894,0.04692522566751001,0.513017552052649,0.7820870944585001,1,0.0,5.1671626273093105e-05,3.803069766407383e-05,6.0637946360100354e-05,4.441680801074026e-05
ellipse,20,0.95,sampling_plus_direction_additive,1,0.04296792886909507,0.18581407761371227,0.7161321478182512,3.096901293561871,0,0.0,5.1671626273093105e-05,3.803069766407383e-05,6.0637946360100354e-05,4.441680801074026e-05
ellipse,20,0.95,sampling_plus_direction_rss,1,0.0336827914513683,0.1466018076248749,0.5613798575228051,2.4433634604145817,0,0.0,5.1671626273093105e-05,3.803069766407383e-05,6.0637946360100354e-05,4.441680801074026e-05
ellipse,20,0.99,sampling_only,1,0.03323835893076996,0.050671349268117866,0.5539726488461659,0.8445224878019645,1,0.0,5.1671626273093105e-05,3.803069766407383e-05,6.0637946360100354e-05,4.441680801074026e-05
ellipse,20,0.99,sampling_plus_direction_additive,1,0.046398134480598485,0.2006479434411463,0.7733022413433082,3.344132390685772,0,0.0,5.1671626273093105e-05,3.803069766407383e-05,6.0637946360100354e-05,4.441680801074026e-05
ellipse,20,0.99,sampling_plus_direction_rss,1,0.03637174815206431,0.15830528871895866,0.6061958025344052,2.638421478649311,0,0.0,5.1671626273093105e-05,3.803069766407383e-05,6.0637946360100354e-05,4.441680801074026e-05
ellipse,21,0.8,sampling_only,1,0.02864699137408284,0.0401817079589556,0.47744985623471403,0.6696951326492601,1,0.0,5.229981611447646e-05,3.72392827832467e-05,6.142116900025045e-05,4.383674818276423e-05
ellipse,21,0.8,sampling_plus_direction_additive,1,0.03924614929935325,0.15033030591910454,0.6541024883225542,2.5055050986517426,0,0.0,5.229981611447646e-05,3.72392827832467e-05,6.142116900025045e-05,4.383674818276423e-05
ellipse,21,0.8,sampling_plus_direction_rss,1,0.030852056174122476,0.1249521378994942,0.5142009362353747,2.082535631658237,1,0.0,5.229981611447646e-05,3.72392827832467e-05,6.142116900025045e-05,4.383674818276423e-05
ellipse,21,0.9,sampling_only,1,0.029807352208712626,0.04180928830675736,0.4967892034785438,0.6968214717792894,1,0.0,5.229981611447646e-05,3.72392827832467e-05,6.142116900025045e-05,4.383674818276423e-05
ellipse,21,0.9,sampling_plus_direction_additive,1,0.04083583437176901,0.15641951078423594,0.6805972395294836,2.6069918464039326,0,0.0,5.229981611447646e-05,3.72392827832467e-05,6.142116900025045e-05,4.383674818276423e-05
ellipse,21,0.9,sampling_plus_direction_rss,1,0.03210173427067253,0.1300133872687039,0.5350289045112089,2.1668897878117317,0,0.0,5.229981611447646e-05,3.72392827832467e-05,6.142116900025045e-05,4.383674818276423e-05
ellipse,21,0.95,sampling_only,1,0.03092807693799593,0.043381273063773866,0.5154679489665989,0.7230212177295645,1,0.0,5.229981611447646e-05,3.72392827832467e-05,6.142116900025045e-05,4.383674818276423e-05
ellipse,21,0.95,sampling_plus_direction_additive,1,0.04237121829654385,0.16230071796596776,0.7061869716090642,2.705011966099463,0,0.0,5.229981611447646e-05,3.72392827832467e-05,6.142116900025045e-05,4.383674818276423e-05
ellipse,21,0.95,sampling_plus_direction_rss,1,0.033308725324359884,0.1349017523012523,0.5551454220726647,2.248362538354205,0,0.0,5.229981611447646e-05,3.72392827832467e-05,6.142116900025045e-05,4.383674818276423e-05
ellipse,21,0.99,sampling_only,1,0.03339711991628173,0.04684447667200151,0.5566186652713622,0.7807412778666919,1,0.0,5.229981611447646e-05,3.72392827832467e-05,6.142116900025045e-05,4.383674818276423e-05
ellipse,21,0.99,sampling_plus_direction_additive,1,0.04575378744968678,0.1752574707853554,0.7625631241614463,2.92095784642259,0,0.0,5.229981611447646e-05,3.72392827832467e-05,6.142116900025045e-05,4.383674818276423e-05
ellipse,21,0.99,sampling_plus_direction_rss,1,0.035967819665810086,0.14567119732512512,0.5994636610968348,2.4278532887520856,0,0.0,5.229981611447646e-05,3.72392827832467e-05,6.142116900025045e-05,4.383674818276423e-05
ellipse,22,0.8,sampling_only,1,0.027999182734798466,0.04378240087473742,0.46665304557997445,0.7297066812456237,1,0.0,4.986166436080146e-05,3.914565884027776e-05,5.7060101933309035e-05,4.519044321955897e-05
ellipse,22,0.8,sampling_plus_direction_additive,1,0.03857940450320233,0.10814793913496858,0.6429900750533722,1.8024656522494764,0,0.0,4.986166436080146e-05,3.914565884027776e-05,5.7060101933309035e-05,4.519044321955897e-05
ellipse,22,0.8,sampling_plus_direction_rss,1,0.030144166375886346,0.08181037728018321,0.5024027729314391,1.3635062880030535,1,0.0,4.986166436080146e-05,3.914565884027776e-05,5.7060101933309035e-05,4.519044321955897e-05
ellipse,22,0.9,sampling_only,1,0.029133303753751113,0.04555582910521709,0.48555506256251857,0.7592638184202849,1,0.0,4.986166436080146e-05,3.914565884027776e-05,5.7060101933309035e-05,4.519044321955897e-05
ellipse,22,0.9,sampling_plus_direction_additive,1,0.04014208274135602,0.11252852595748829,0.6690347123559337,1.8754754326248049,0,0.0,4.986166436080146e-05,3.914565884027776e-05,5.7060101933309035e-05,4.519044321955897e-05
ellipse,22,0.9,sampling_plus_direction_rss,1,0.03136517103911208,0.08512414787558661,0.522752850651868,1.4187357979264437,1,0.0,4.986166436080146e-05,3.914565884027776e-05,5.7060101933309035e-05,4.519044321955897e-05
ellipse,22,0.95,sampling_only,1,0.030228684978286964,0.047268679810094444,0.5038114163047828,0.7878113301682408,1,0.0,4.986166436080146e-05,3.914565884027776e-05,5.7060101933309035e-05,4.519044321955897e-05
ellipse,22,0.95,sampling_plus_direction_additive,1,0.041651382342949766,0.11675947880788917,0.6941897057158295,1.9459913134648197,0,0.0,4.986166436080146e-05,3.914565884027776e-05,5.7060101933309035e-05,4.519044321955897e-05
ellipse,22,0.95,sampling_plus_direction_rss,1,0.03254446809896495,0.08832472526720926,0.5424078016494158,1.4720787544534877,1,0.0,4.986166436080146e-05,3.914565884027776e-05,5.7060101933309035e-05,4.519044321955897e-05
ellipse,22,0.99,sampling_only,1,0.03264189426181538,0.051042221961193214,0.5440315710302563,0.8507036993532202,1,0.0,4.986166436080146e-05,3.914565884027776e-05,5.7060101933309035e-05,4.519044321955897e-05
ellipse,22,0.99,sampling_plus_direction_additive,1,0.04497648572121435,0.1260805941128231,0.7496080953535725,2.1013432352137182,0,0.0,4.986166436080146e-05,3.914565884027776e-05,5.7060101933309035e-05,4.519044321955897e-05
ellipse,22,0.99,sampling_plus_direction_rss,1,0.035142550436993505,0.09537584400204763,0.5857091739498917,1.589597400034127,1,0.0,4.986166436080146e-05,3.914565884027776e-05,5.7060101933309035e-05,4.519044321955897e-05
ellipse,23,0.8,sampling_only,1,0.02846388154331012,0.04510922614898858,0.4743980257218353,0.7518204358164764,1,0.0,5.170574754815928e-05,3.7626300124035184e-05,5.817397831483271e-05,4.418654702081329e-05
ellipse,23,0.8,sampling_plus_direction_additive,1,0.038686604678900526,0.15461617554224982,0.6447767446483421,2.576936259037497,0,0.0,5.170574754815928e-05,3.7626300124035184e-05,5.817397831483271e-05,4.418654702081329e-05
ellipse,23,0.8,sampling_plus_direction_rss,1,0.030446376757632804,0.12749226831900962,0.5074396126272134,2.1248711386501604,0,0.0,5.170574754815928e-05,3.7626300124035184e-05,5.817397831483271e-05,4.418654702081329e-05
ellipse,23,0.9,sampling_only,1,0.02961682542188717,0.04693639810642838,0.4936137570314529,0.7822733017738063,1,0.0,5.170574754815928e-05,3.7626300124035184e-05,5.817397831483271e-05,4.418654702081329e-05
ellipse,23,0.9,sampling_plus_direction_additive,1,0.040253625114240695,0.1608789817181816,0.6708937519040116,2.6813163619696936,0,0.0,5.170574754815928e-05,3.7626300124035184e-05,5.817397831483271e-05,4.418654702081329e-05
ellipse,23,0.9,sampling_plus_direction_rss,1,0.03167962260480061,0.13265640695205747,0.5279937100800102,2.2109401158676243,0,0.0,5.170574754815928e-05,3.7626300124035184e-05,5.817397831483271e-05,4.418654702081329e-05
ellipse,23,0.95,sampling_only,1,0.030730386546698303,0.048701156736884146,0.5121731091116384,0.8116859456147358,1,0.0,5.170574754815928e-05,3.7626300124035184e-05,5.817397831483271e-05,4.418654702081329e-05
ellipse,23,0.95,sampling_plus_direction_additive,1,0.04176711859037852,0.16692786026234097,0.6961186431729754,2.7821310043723497,0,0.0,5.170574754815928e-05,3.7626300124035184e-05,5.817397831483271e-05,4.418654702081329e-05
ellipse,23,0.95,sampling_plus_direction_rss,1,0.03287074270896018,0.13764414671263858,0.547845711816003,2.29406911187731,0,0.0,5.170574754815928e-05,3.7626300124035184e-05,5.817397831483271e-05,4.418654702081329e-05
ellipse,23,0.99,sampling_only,1,0.033183647552070414,0.05258905604975334,0.5530607925345069,0.876484267495889,1,0.0,5.170574754815928e-05,3.7626300124035184e-05,5.817397831483271e-05,4.418654702081329e-05
ellipse,23,0.99,sampling_plus_direction_additive,1,0.04510146139758077,0.18025400601939148,0.7516910232930128,3.0042334336565246,0,0.0,5.170574754815928e-05,3.7626300124035184e-05,5.817397831483271e-05,4.418654702081329e-05
ellipse,23,0.99,sampling_plus_direction_rss,1,0.03549487212506658,0.14863252192343182,0.591581202084443,2.4772086987238637,0,0.0,5.170574754815928e-05,3.7626300124035184e-05,5.817397831483271e-05,4.418654702081329e-05
ellipse,24,0.8,sampling_only,1,0.028213577281955334,0.043712373235722295,0.4702262880325889,0.728539553928705,1,0.0,5.066031953417476e-05,3.83506258139256e-05,5.8802949832112584e-05,4.469873850980714e-05
ellipse,24,0.8,sampling_plus_direction_additive,1,0.04042879785932831,0.2733604275439021,0.6738132976554719,4.556007125731702,0,0.0,5.066031953417476e-05,3.83506258139256e-05,5.8802949832112584e-05,4.469873850980714e-05
ellipse,24,0.8,sampling_plus_direction_rss,1,0.03160738131862891,0.24391114531938554,0.5267896886438153,4.065185755323093,0,0.0,5.066031953417476e-05,3.83506258139256e-05,5.8802949832112584e-05,4.469873850980714e-05
ellipse,24,0.9,sampling_only,1,0.029356382460177285,0.04548296496136298,0.48927304100295477,0.7580494160227164,1,0.0,5.066031953417476e-05,3.83506258139256e-05,5.8802949832112584e-05,4.469873850980714e-05
ellipse,24,0.9,sampling_plus_direction_additive,1,0.04206638670817234,0.2844330295396065,0.7011064451362057,4.740550492326775,0,0.0,5.066031953417476e-05,3.83506258139256e-05,5.8802949832112584e-05,4.469873850980714e-05
ellipse,24,0.9,sampling_plus_direction_rss,1,0.03288765424112949,0.2537908892849024,0.5481275706854914,4.229848154748374,0,0.0,5.066031953417476e-05,3.83506258139256e-05,5.8802949832112584e-05,4.469873850980714e-05
ellipse,24,0.95,sampling_only,1,0.030460151206728434,0.0471930760519558,0.5076691867788072,0.7865512675325967,1,0.0,5.066031953417476e-05,3.83506258139256e-05,5.8802949832112584e-05,4.469873850980714e-05
ellipse,24,0.95,sampling_plus_direction_additive,1,0.04364803809154019,0.295127408825561,0.7274673015256699,4.918790147092683,0,0.0,5.066031953417476e-05,3.83506258139256e-05,5.8802949832112584e-05,4.469873850980714e-05
ellipse,24,0.95,sampling_plus_direction_rss,1,0.034124195049520356,0.2633331566992235,0.5687365841586727,4.3888859449870585,0,0.0,5.066031953417476e-05,3.83506258139256e-05,5.8802949832112584e-05,4.469873850980714e-05
ellipse,24,0.99,sampling_only,1,0.032891838847873126,0.05096058262158151,0.5481973141312187,0.8493430436930253,1,0.0,5.066031953417476e-05,3.83506258139256e-05,5.8802949832112584e-05,4.469873850980714e-05
ellipse,24,0.99,sampling_plus_direction_additive,1,0.047132538022846025,0.3186879508508956,0.7855423003807671,5.311465847514927,0,0.0,5.066031953417476e-05,3.83506258139256e-05,5.8802949832112584e-05,4.469873850980714e-05
ellipse,24,0.99,sampling_plus_direction_rss,1,0.03684838977865222,0.2843555074519562,0.6141398296442037,4.739258457532603,0,0.0,5.066031953417476e-05,3.83506258139256e-05,5.8802949832112584e-05,4.469873850980714e-05
ellipse,25,0.8,sampling_only,1,0.028267755704150577,0.04136938080119304,0.47112926173584296,0.689489680019884,1,0.0,5.0871749638700834e-05,3.759544655755431e-05,5.9391876991187103e-05,4.4109769958861175e-05
ellipse,25,0.8,sampling_plus_direction_additive,1,0.03867945853789443,0.1236213210853045,0.6446576422982405,2.060355351421742,1,0.0,5.0871749638700834e-05,3.759544655755431e-05,5.9391876991187103e-05,4.4109769958861175e-05
ellipse,25,0.8,sampling_plus_direction_rss,1,0.030458141228154025,0.09627084505284768,0.5076356871359005,1.6045140842141281,1,0.0,5.0871749638700834e-05,3.759544655755431e-05,5.9391876991187103e-05,4.4109769958861175e-05
ellipse,25,0.9,sampling_only,1,0.029412755406690166,0.04304506843651026,0.4902125901115028,0.717417807275171,1,0.0,5.0871749638700834e-05,3.759544655755431e-05,5.9391876991187103e-05,4.4109769958861175e-05
ellipse,25,0.9,sampling_plus_direction_additive,1,0.04024618951518877,0.1286286650482156,0.6707698252531462,2.1438110841369267,0,0.0,5.0871749638700834e-05,3.759544655755431e-05,5.9391876991187103e-05,4.4109769958861175e-05
ellipse,25,0.9,sampling_plus_direction_rss,1,0.03169186360113408,0.10017034418898038,0.5281977266855681,1.6695057364830064,1,0.0,5.0871749638700834e-05,3.759544655755431e-05,5.9391876991187103e-05,4.4109769958861175e-05
ellipse,25,0.95,sampling_only,1,0.03051864371605177,0.04466351721158759,0.5086440619341962,0.7443919535264598,1,0.0,5.0871749638700834e-05,3.759544655755431e-05,5.9391876991187103e-05,4.4109769958861175e-05
ellipse,25,0.95,sampling_plus_direction_additive,1,0.041759403420713416,0.1334649659985596,0.6959900570118903,2.224416099975993,0,0.0,5.0871749638700834e-05,3.759544655755431e-05,5.9391876991187103e-05,4.4109769958861175e-05
ellipse,25,0.95,sampling_plus_direction_rss,1,0.032883443953731877,0.103936642553469,0.5480573992288647,1.73227737589115,1,0.0,5.0871749638700834e-05,3.759544655755431e-05,5.9391876991187103e-05,4.4109769958861175e-05
ellipse,25,0.99,sampling_only,1,0.03295500091747065,0.04822908463363898,0.5492500152911776,0.8038180772273164,1,0.0,5.0871749638700834e-05,3.759544655755431e-05,5.9391876991187103e-05,4.4109769958861175e-05
ellipse,25,0.99,sampling_plus_direction_additive,1,0.045093130312301964,0.14411970983557648,0.7515521718716994,2.4019951639262747,0,0.0,5.0871749638700834e-05,3.759544655755431e-05,5.9391876991187103e-05,4.4109769958861175e-05
ellipse,25,0.99,sampling_plus_direction_rss,1,0.0355085873326295,0.11223408820447793,0.5918097888771584,1.870568136741299,1,0.0,5.0871749638700834e-05,3.759544655755431e-05,5.9391876991187103e-05,4.4109769958861175e-05
ellipse,26,0.8,sampling_only,1,0.02836836545955065,0.04355165757773716,0.47280609099251086,0.7258609596289527,1,0.0,5.1254130924214694e-05,3.787728408331059e-05,5.920056754710829e-05,4.4336587426317763e-05
ellipse,26,0.8,sampling_plus_direction_additive,1,0.038814347209380734,0.13032240836373893,0.6469057868230123,2.1720401393956488,0,0.0,5.1254130924214694e-05,3.787728408331059e-05,5.920056754710829e-05,4.4336587426317763e-05
ellipse,26,0.8,sampling_plus_direction_rss,1,0.030367426052009202,0.10322806236576912,0.5061237675334868,1.720467706096152,1,0.0,5.1254130924214694e-05,3.787728408331059e-05,5.920056754710829e-05,4.4336587426317763e-05
ellipse,26,0.9,sampling_only,1,0.02951744041097845,0.0453157394345891,0.4919573401829742,0.7552623239098184,1,0.0,5.1254130924214694e-05,3.787728408331059e-05,5.920056754710829e-05,4.4336587426317763e-05
ellipse,26,0.9,sampling_plus_direction_additive,1,0.040386541920349024,0.1356011832467698,0.6731090320058171,2.2600197207794968,0,0.0,5.1254130924214694e-05,3.787728408331059e-05,5.920056754710829e-05,4.4336587426317763e-05
ellipse,26,0.9,sampling_plus_direction_rss,1,0.03159747396102442,0.10740936709825585,0.5266245660170737,1.7901561183042642,1,0.0,5.1254130924214694e-05,3.787728408331059e-05,5.920056754710829e-05,4.4336587426317763e-05
ellipse,26,0.95,sampling_only,1,0.030627264765120864,0.047019563023296115,0.5104544127520144,0.7836593837216019,1,0.0,5.1254130924214694e-05,3.787728408331059e-05,5.920056754710829e-05,4.4336587426317763e-05
ellipse,26,0.95,sampling_plus_direction_additive,1,0.041905032926978655,0.14069964346291447,0.6984172154496443,2.3449940577152413,0,0.0,5.1254130924214694e-05,3.787728408331059e-05,5.920056754710829e-05,4.4336587426317763e-05
ellipse,26,0.95,sampling_plus_direction_rss,1,0.032785505363580686,0.11144784502211849,0.5464250893930115,1.857464083701975,1,0.0,5.1254130924214694e-05,3.787728408331059e-05,5.920056754710829e-05,4.4336587426317763e-05
ellipse,26,0.99,sampling_only,1,0.03307229337663213,0.050773217741547035,0.5512048896105355,0.8462202956924506,1,0.0,5.1254130924214694e-05,3.787728408331059e-05,5.920056754710829e-05,4.4336587426317763e-05
ellipse,26,0.99,sampling_plus_direction_additive,1,0.04525038567912736,0.151931944373051,0.7541730946521228,2.5321990728841834,0,0.0,5.1254130924214694e-05,3.787728408331059e-05,5.920056754710829e-05,4.4336587426317763e-05
ellipse,26,0.99,sampling_plus_direction_rss,1,0.03540283013193874,0.12034492322548046,0.5900471688656457,2.0057487204246742,0,0.0,5.1254130924214694e-05,3.787728408331059e-05,5.920056754710829e-05,4.4336587426317763e-05
ellipse,27,0.8,sampling_only,1,0.02809183156160515,0.04136226949395901,0.46819719269341914,0.6893711582326503,1,0.0,5.026065143815506e-05,3.8106571821723656e-05,5.735254634817607e-05,4.430218588740821e-05
ellipse,27,0.8,sampling_plus_direction_additive,1,0.03799726313814304,0.141768111720674,0.6332877189690507,2.362801862011233,0,0.0,5.026065143815506e-05,3.8106571821723656e-05,5.735254634817607e-05,4.430218588740821e-05
ellipse,27,0.8,sampling_plus_direction_rss,1,0.029908710367094603,0.11042671628382666,0.4984785061182434,1.8404452713971111,1,0.0,5.026065143815506e-05,3.8106571821723656e-05,5.735254634817607e-05,4.430218588740821e-05
ellipse,27,0.9,sampling_only,1,0.02922970536801799,0.0430376690821899,0.48716175613363316,0.717294484703165,1,0.0,5.026065143815506e-05,3.8106571821723656e-05,5.735254634817607e-05,4.430218588740821e-05
ellipse,27,0.9,sampling_plus_direction_additive,1,0.03953636144668347,0.14751050059118262,0.6589393574447244,2.4585083431863772,0,0.0,5.026065143815506e-05,3.8106571821723656e-05,5.735254634817607e-05,4.430218588740821e-05
ellipse,27,0.9,sampling_plus_direction_rss,1,0.031120177765924486,0.1148996061241347,0.5186696294320747,1.914993435402245,1,0.0,5.026065143815506e-05,3.8106571821723656e-05,5.735254634817607e-05,4.430218588740821e-05
ellipse,27,0.95,sampling_only,1,0.03032871119068303,0.044655839649417384,0.5054785198447171,0.7442639941569564,1,0.0,5.026065143815506e-05,3.8106571821723656e-05,5.735254634817607e-05,4.430218588740821e-05
ellipse,27,0.95,sampling_plus_direction_additive,1,0.04102288657205941,0.15305673846846632,0.6837147762009902,2.5509456411411056,0,0.0,5.026065143815506e-05,3.8106571821723656e-05,5.735254634817607e-05,4.430218588740821e-05
ellipse,27,0.95,sampling_plus_direction_rss,1,0.03229026333936799,0.11921970906607231,0.5381710556561332,1.9869951511012052,1,0.0,5.026065143815506e-05,3.8106571821723656e-05,5.735254634817607e-05,4.430218588740821e-05
ellipse,27,0.99,sampling_only,1,0.032749905743320026,0.04822079415812778,0.5458317623886672,0.803679902635463,1,0.0,5.026065143815506e-05,3.8106571821723656e-05,5.735254634817607e-05,4.430218588740821e-05
ellipse,27,0.99,sampling_plus_direction_additive,1,0.044297816023470736,0.1652755280864729,0.7382969337245123,2.754592134774548,0,0.0,5.026065143815506e-05,3.8106571821723656e-05,5.735254634817607e-05,4.430218588740821e-05
ellipse,27,0.99,sampling_plus_direction_rss,1,0.03486805206269856,0.12873722889548125,0.581134201044976,2.1456204815913544,0,0.0,5.026065143815506e-05,3.8106571821723656e-05,5.735254634817607e-05,4.430218588740821e-05
ellipse,28,0.8,sampling_only,1,0.02845140626033672,0.04168509817833967,0.4741901043389453,0.6947516363056613,1,0.0,5.1709375348871825e-05,3.770844317221432e-05,6.084174785911815e-05,4.423085831867138e-05
ellipse,28,0.8,sampling_plus_direction_additive,1,0.038649953134697955,0.1445012115294529,0.6441658855782992,2.4083535254908814,0,0.0,5.1709375348871825e-05,3.770844317221432e-05,6.084174785911815e-05,4.423085831867138e-05
ellipse,28,0.8,sampling_plus_direction_rss,1,0.030415054670806994,0.11204604533903663,0.5069175778467833,1.8674340889839438,0,0.0,5.1709375348871825e-05,3.770844317221432e-05,6.084174785911815e-05,4.423085831867138e-05
ellipse,28,0.9,sampling_only,1,0.02960384482128463,0.043373574105260326,0.4933974136880772,0.7228929017543388,1,0.0,5.1709375348871825e-05,3.770844317221432e-05,6.084174785911815e-05,4.423085831867138e-05
ellipse,28,0.9,sampling_plus_direction_additive,1,0.04021548898075383,0.15035430598624203,0.6702581496792306,2.5059050997707004,0,0.0,5.1709375348871825e-05,3.770844317221432e-05,6.084174785911815e-05,4.423085831867138e-05
ellipse,28,0.9,sampling_plus_direction_rss,1,0.03164703180104963,0.11658452691948613,0.5274505300174939,1.9430754486581023,0,0.0,5.1709375348871825e-05,3.770844317221432e-05,6.084174785911815e-05,4.423085831867138e-05
ellipse,28,0.95,sampling_only,1,0.030716917889323913,0.045004374343966494,0.5119486314887319,0.750072905732775,1,0.0,5.1709375348871825e-05,3.770844317221432e-05,6.084174785911815e-05,4.423085831867138e-05
ellipse,28,0.95,sampling_plus_direction_additive,1,0.04172754857884779,0.1560074679206911,0.6954591429807966,2.6001244653448516,0,0.0,5.1709375348871825e-05,3.770844317221432e-05,6.084174785911815e-05,4.423085831867138e-05
ellipse,28,0.95,sampling_plus_direction_rss,1,0.0328369265256634,0.12096798109064436,0.5472821087610567,2.016133018177406,0,0.0,5.1709375348871825e-05,3.770844317221432e-05,6.084174785911815e-05,4.423085831867138e-05
ellipse,28,0.99,sampling_only,1,0.03316910366800205,0.04859715299259968,0.5528183944667008,0.8099525498766613,1,0.0,5.1709375348871825e-05,3.770844317221432e-05,6.084174785911815e-05,4.423085831867138e-05
ellipse,28,0.99,sampling_plus_direction_additive,1,0.04505873244217789,0.16846181947969524,0.7509788740362981,2.807696991328254,0,0.0,5.1709375348871825e-05,3.770844317221432e-05,6.084174785911815e-05,4.423085831867138e-05
ellipse,28,0.99,sampling_plus_direction_rss,1,0.03545835633616262,0.13062506856194248,0.5909726056027104,2.1770844760323746,0,0.0,5.1709375348871825e-05,3.770844317221432e-05,6.084174785911815e-05,4.423085831867138e-05
ellipse,29,0.8,sampling_only,1,0.028741151898456385,0.04095637674674557,0.4790191983076064,0.6826062791124262,1,0.0,5.26155680753121e-05,3.712023269862579e-05,6.0298439099783536e-05,4.377948986221331e-05
ellipse,29,0.8,sampling_plus_direction_additive,1,0.03881929976135717,0.08756490892054378,0.646988329355953,1.4594151486757296,1,0.0,5.26155680753121e-05,3.712023269862579e-05,6.0298439099783536e-05,4.377948986221331e-05
ellipse,29,0.8,sampling_plus_direction_rss,1,0.03059986534672544,0.06395269348169229,0.5099977557787574,1.0658782246948715,1,0.0,5.26155680753121e-05,3.712023269862579e-05,6.0298439099783536e-05,4.377948986221331e-05
ellipse,29,0.9,sampling_only,1,0.029905326752618783,0.04261533544452564,0.4984221125436464,0.7102555907420941,1,0.0,5.26155680753121e-05,3.712023269862579e-05,6.0298439099783536e-05,4.377948986221331e-05
ellipse,29,0.9,sampling_plus_direction_additive,1,0.04039169507794125,0.09111176972252132,0.6731949179656875,1.5185294953753554,1,0.0,5.26155680753121e-05,3.712023269862579e-05,6.0298439099783536e-05,4.377948986221331e-05
ellipse,29,0.9,sampling_plus_direction_rss,1,0.0318393283266113,0.06654312958774619,0.5306554721101884,1.1090521597957699,1,0.0,5.26155680753121e-05,3.712023269862579e-05,6.0298439099783536e-05,4.377948986221331e-05
ellipse,29,0.95,sampling_only,1,0.03102973522051218,0.04421762671632211,0.5171622536752031,0.7369604452720352,1,0.0,5.26155680753121e-05,3.712023269862579e-05,6.0298439099783536e-05,4.377948986221331e-05
ellipse,29,0.95,sampling_plus_direction_additive,1,0.0419103798378136,0.09453747532501186,0.6985063306302267,1.5756245887501978,1,0.0,5.26155680753121e-05,3.712023269862579e-05,6.0298439099783536e-05,4.377948986221331e-05
ellipse,29,0.95,sampling_plus_direction_rss,1,0.0330364531959908,0.06904508046116502,0.5506075532665133,1.150751341019417,1,0.0,5.26155680753121e-05,3.712023269862579e-05,6.0298439099783536e-05,4.377948986221331e-05
ellipse,29,0.99,sampling_only,1,0.033506893758945305,0.047747597913020516,0.5584482293157551,0.795793298550342,1,0.0,5.26155680753121e-05,3.712023269862579e-05,6.0298439099783536e-05,4.377948986221331e-05
ellipse,29,0.99,sampling_plus_direction_additive,1,0.045256159443293004,0.10208456886412967,0.7542693240548834,1.7014094810688278,1,0.0,5.26155680753121e-05,3.712023269862579e-05,6.0298439099783536e-05,4.377948986221331e-05
ellipse,29,0.99,sampling_plus_direction_rss,1,0.03567381157280018,0.07455707111740864,0.5945635262133364,1.2426178519568107,1,0.0,5.26155680753121e-05,3.712023269862579e-05,6.0298439099783536e-05,4.377948986221331e-05
ellipse,30,0.8,sampling_only,1,0.028470600540266133,0.041373450332317506,0.4745100090044356,0.6895575055386252,1,0.0,5.160242185660951e-05,3.782869672170488e-05,6.089312527036502e-05,4.4354244374107216e-05
ellipse,30,0.8,sampling_plus_direction_additive,1,0.03902682311267269,0.087549942848536,0.6504470518778782,1.4591657141422667,1,0.0,5.160242185660951e-05,3.782869672170488e-05,6.089312527036502e-05,4.4354244374107216e-05
ellipse,30,0.8,sampling_plus_direction_rss,1,0.030650646359318533,0.06642672455180161,0.5108441059886423,1.1071120758633601,1,0.0,5.160242185660951e-05,3.782869672170488e-05,6.089312527036502e-05,4.4354244374107216e-05
ellipse,30,0.9,sampling_only,1,0.029623816575203833,0.04304930280604552,0.4937302762533972,0.7174883801007587,1,0.0,5.160242185660951e-05,3.782869672170488e-05,6.089312527036502e-05,4.4354244374107216e-05
ellipse,30,0.9,sampling_plus_direction_additive,1,0.04060762426727281,0.09109619744221824,0.6767937377878802,1.518269957370304,1,0.0,5.160242185660951e-05,3.782869672170488e-05,6.089312527036502e-05,4.4354244374107216e-05
ellipse,30,0.9,sampling_plus_direction_rss,1,0.0318921662497325,0.06911737253420666,0.5315361041622083,1.1519562089034443,1,0.0,5.160242185660951e-05,3.782869672170488e-05,6.089312527036502e-05,4.4354244374107216e-05
ellipse,30,0.95,sampling_only,1,0.030737640559941378,0.044667910788912184,0.5122940093323564,0.7444651798152031,1,0.0,5.160242185660951e-05,3.782869672170488e-05,6.089312527036502e-05,4.4354244374107216e-05
ellipse,30,0.95,sampling_plus_direction_additive,1,0.0421344277349245,0.09452131754353764,0.7022404622487417,1.575355292392294,1,0.0,5.160242185660951e-05,3.782869672170488e-05,6.089312527036502e-05,4.4354244374107216e-05
ellipse,30,0.95,sampling_plus_direction_rss,1,0.03309127776880404,0.07171611220352658,0.551521296146734,1.1952685367254432,1,0.0,5.160242185660951e-05,3.782869672170488e-05,6.089312527036502e-05,4.4354244374107216e-05
ellipse,30,0.99,sampling_only,1,0.033191480665995955,0.048233828957997237,0.5531913444332659,0.8038971492999539,1,0.0,5.160242185660951e-05,3.782869672170488e-05,6.089312527036502e-05,4.4354244374107216e-05
ellipse,30,0.99,sampling_plus_direction_additive,1,0.0454980934795347,0.10206712117843755,0.7583015579922451,1.7011186863072927,1,0.0,5.160242185660951e-05,3.782869672170488e-05,6.089312527036502e-05,4.4354244374107216e-05
ellipse,30,0.99,sampling_plus_direction_rss,1,0.03573301288804113,0.07744133603884816,0.5955502148006855,1.2906889339808028,1,0.0,5.160242185660951e-05,3.782869672170488e-05,6.089312527036502e-05,4.4354244374107216e-05
ellipse,31,0.8,sampling_only,1,0.028669427832495434,0.04463958037261975,0.47782379720825724,0.7439930062103293,1,0.0,5.247876326848475e-05,3.723486757286677e-05,6.156038500865034e-05,4.37734365944646e-05
ellipse,31,0.8,sampling_plus_direction_additive,1,0.039674737877672464,0.3693672171346606,0.6612456312945411,6.156120285577677,0,0.0,5.247876326848475e-05,3.723486757286677e-05,6.156038500865034e-05,4.37734365944646e-05
ellipse,31,0.8,sampling_plus_direction_rss,1,0.03133229451413689,0.33718845366187716,0.5222049085689482,5.619807561031286,0,0.0,5.247876326848475e-05,3.723486757286677e-05,6.156038500865034e-05,4.37734365944646e-05
ellipse,31,0.9,sampling_only,1,0.029830697467189766,0.046447729091006924,0.4971782911198295,0.7741288181834488,1,0.0,5.247876326848475e-05,3.723486757286677e-05,6.156038500865034e-05,4.37734365944646e-05
ellipse,31,0.9,sampling_plus_direction_additive,1,0.04128178314662533,0.384328622566821,0.6880297191104222,6.40547704278035,0,0.0,5.247876326848475e-05,3.723486757286677e-05,6.156038500865034e-05,4.37734365944646e-05
ellipse,31,0.9,sampling_plus_direction_rss,1,0.032601424906872734,0.35084644204918813,0.5433570817812122,5.847440700819803,0,0.0,5.247876326848475e-05,3.723486757286677e-05,6.156038500865034e-05,4.37734365944646e-05
ellipse,31,0.95,sampling_only,1,0.03095229995335344,0.04819411428640605,0.5158716658892241,0.8032352381067674,1,0.0,5.247876326848475e-05,3.723486757286677e-05,6.156038500865034e-05,4.37734365944646e-05
ellipse,31,0.95,sampling_plus_direction_additive,1,0.0428339342708641,0.39877896986590533,0.7138989045144016,6.646316164431756,0,0.0,5.247876326848475e-05,3.723486757286677e-05,6.156038500865034e-05,4.37734365944646e-05
ellipse,31,0.95,sampling_plus_direction_rss,1,0.033827203796831476,0.36403789498443595,0.5637867299471913,6.0672982497406,0,0.0,5.247876326848475e-05,3.723486757286677e-05,6.156038500865034e-05,4.37734365944646e-05
ellipse,31,0.99,sampling_only,1,0.03342327669771533,0.05204153550538808,0.5570546116285889,0.8673589250898014,1,0.0,5.247876326848475e-05,3.723486757286677e-05,6.156038500865034e-05,4.37734365944646e-05
ellipse,31,0.99,sampling_plus_direction_additive,1,0.04625344285705444,0.430614198981811,0.7708907142842407,7.176903316363517,0,0.0,5.247876326848475e-05,3.723486757286677e-05,6.156038500865034e-05,4.37734365944646e-05
ellipse,31,0.99,sampling_plus_direction_rss,1,0.03652768918999222,0.3930996827652674,0.6087948198332037,6.551661379421124,0,0.0,5.247876326848475e-05,3.723486757286677e-05,6.156038500865034e-05,4.37734365944646e-05
ellipse,32,0.8,sampling_only,1,0.02884914990647167,0.04156897209692598,0.48081916510786116,0.692816201615433,1,0.0,5.298477029432424e-05,3.751974261482558e-05,6.144350992979974e-05,4.401205550213919e-05
ellipse,32,0.8,sampling_plus_direction_additive,1,0.04011282963446233,0.28671715851443913,0.6685471605743722,4.778619308573986,0,0.0,5.298477029432424e-05,3.751974261482558e-05,6.144350992979974e-05,4.401205550213919e-05
ellipse,32,0.8,sampling_plus_direction_rss,1,0.03171245599386564,0.2544550923759485,0.5285409332310941,4.240918206265809,0,0.0,5.298477029432424e-05,3.751974261482558e-05,6.144350992979974e-05,4.401205550213919e-05
ellipse,32,0.9,sampling_only,1,0.030017699274420957,0.043252744278347084,0.500294987907016,0.7208790713057848,1,0.0,5.298477029432424e-05,3.751974261482558e-05,6.144350992979974e-05,4.401205550213919e-05
ellipse,32,0.9,sampling_plus_direction_additive,1,0.04173762003098952,0.2983307816349978,0.6956270005164921,4.9721796939166305,0,0.0,5.298477029432424e-05,3.751974261482558e-05,6.144350992979974e-05,4.401205550213919e-05
ellipse,32,0.9,sampling_plus_direction_rss,1,0.03299698501908445,0.2647619242351669,0.5499497503180741,4.412698737252782,0,0.0,5.298477029432424e-05,3.751974261482558e-05,6.144350992979974e-05,4.401205550213919e-05
ellipse,32,0.95,sampling_only,1,0.031146332829574505,0.04487900144411915,0.5191055471595751,0.747983357401986,1,0.0,5.298477029432424e-05,3.751974261482558e-05,6.144350992979974e-05,4.401205550213919e-05
ellipse,32,0.95,sampling_plus_direction_additive,1,0.04330691013708918,0.3095477016131176,0.721781835618153,5.159128360218627,0,0.0,5.298477029432424e-05,3.751974261482558e-05,6.144350992979974e-05,4.401205550213919e-05
ellipse,32,0.95,sampling_plus_direction_rss,1,0.034237636548403096,0.27471669089090006,0.5706272758067182,4.578611514848334,0,0.0,5.298477029432424e-05,3.751974261482558e-05,6.144350992979974e-05,4.401205550213919e-05
ellipse,32,0.99,sampling_only,1,0.03363279956096503,0.04846177135284083,0.5605466593494172,0.8076961892140138,1,0.0,5.298477029432424e-05,3.751974261482558e-05,6.144350992979974e-05,4.401205550213919e-05
ellipse,32,0.99,sampling_plus_direction_additive,1,0.046764177221609124,0.3342594410673554,0.7794029536934854,5.570990684455923,0,0.0,5.298477029432424e-05,3.751974261482558e-05,6.144350992979974e-05,4.401205550213919e-05
ellipse,32,0.99,sampling_plus_direction_rss,1,0.03697088751264535,0.29664780927313594,0.6161814585440892,4.944130154552266,0,0.0,5.298477029432424e-05,3.751974261482558e-05,6.144350992979974e-05,4.401205550213919e-05
ellipse,33,0.8,sampling_only,1,0.028329681906566186,0.039280895084793085,0.47216136510943646,0.6546815847465515,1,0.0,5.0981117794317817e-05,3.862177188796936e-05,5.8508414015032574e-05,4.493328224039774e-05
ellipse,33,0.8,sampling_plus_direction_additive,1,0.03964455067078789,0.2884848554098948,0.6607425111797982,4.808080923498247,0,0.0,5.0981117794317817e-05,3.862177188796936e-05,5.8508414015032574e-05,4.493328224039774e-05
ellipse,33,0.8,sampling_plus_direction_rss,1,0.031051293669837547,0.2577660925988366,0.5175215611639591,4.296101543313943,0,0.0,5.0981117794317817e-05,3.862177188796936e-05,5.8508414015032574e-05,4.493328224039774e-05
ellipse,33,0.9,sampling_only,1,0.029477189961169065,0.04087198755277323,0.49128649935281776,0.6811997925462205,1,0.0,5.0981117794317817e-05,3.862177188796936e-05,5.8508414015032574e-05,4.493328224039774e-05
ellipse,33,0.9,sampling_plus_direction_additive,1,0.04125037319170003,0.30017007998479817,0.6875062198616672,5.002834666413303,0,0.0,5.0981117794317817e-05,3.862177188796936e-05,5.8508414015032574e-05,4.493328224039774e-05
ellipse,33,0.9,sampling_plus_direction_rss,1,0.03230904198164331,0.2682070381920916,0.5384840330273886,4.470117303201526,0,0.0,5.0981117794317817e-05,3.862177188796936e-05,5.8508414015032574e-05,4.493328224039774e-05
ellipse,33,0.95,sampling_only,1,0.03058550094122343,0.04240873079868836,0.5097583490203905,0.7068121799781393,1,0.0,5.0981117794317817e-05,3.862177188796936e-05,5.8508414015032574e-05,4.493328224039774e-05
ellipse,33,0.95,sampling_plus_direction_additive,1,0.042801343335052464,0.31145615562393464,0.7133557222508744,5.190935927065578,0,0.0,5.0981117794317817e-05,3.862177188796936e-05,5.8508414015032574e-05,4.493328224039774e-05
ellipse,33,0.95,sampling_plus_direction_rss,1,0.033523827584696526,0.27829133746714924,0.5587304597449422,4.638188957785821,0,0.0,5.0981117794317817e-05,3.862177188796936e-05,5.8508414015032574e-05,4.493328224039774e-05
ellipse,33,0.99,sampling_only,1,0.03302719547294864,0.045794294641097084,0.5504532578824773,0.7632382440182848,1,0.0,5.0981117794317817e-05,3.862177188796936e-05,5.8508414015032574e-05,4.493328224039774e-05
ellipse,33,0.99,sampling_plus_direction_additive,1,0.04621825012930524,0.33632025033078755,0.7703041688217541,5.605337505513126,0,0.0,5.0981117794317817e-05,3.862177188796936e-05,5.8508414015032574e-05,4.493328224039774e-05
ellipse,33,0.99,sampling_plus_direction_rss,1,0.036200093919302394,0.3005078261957741,0.6033348986550399,5.008463769929569,0,0.0,5.0981117794317817e-05,3.862177188796936e-05,5.8508414015032574e-05,4.493328224039774e-05
ellipse,34,0.8,sampling_only,1,0.028667085156919483,0.04115519693806533,0.4777847526153247,0.6859199489677555,1,0.0,5.228434174869634e-05,3.7784746556409245e-05,6.139576551157458e-05,4.443276627833831e-05
ellipse,34,0.8,sampling_plus_direction_additive,1,0.039985004881351385,0.2335247682834215,0.6664167480225232,3.8920794713903586,0,0.0,5.228434174869634e-05,3.7784746556409245e-05,6.139576551157458e-05,4.443276627833831e-05
ellipse,34,0.8,sampling_plus_direction_rss,1,0.031473111512825884,0.20847969311858564,0.5245518585470981,3.4746615519764275,0,0.0,5.228434174869634e-05,3.7784746556409245e-05,6.139576551157458e-05,4.443276627833831e-05
ellipse,34,0.9,sampling_only,1,0.029828259900358006,0.04282220894797611,0.4971376650059668,0.7137034824662685,1,0.0,5.228434174869634e-05,3.7784746556409245e-05,6.139576551157458e-05,4.443276627833831e-05
ellipse,34,0.9,sampling_plus_direction_additive,1,0.04160461767178133,0.24298380680839654,0.6934102945296888,4.0497301134732755,0,0.0,5.228434174869634e-05,3.7784746556409245e-05,6.139576551157458e-05,4.443276627833831e-05
ellipse,34,0.9,sampling_plus_direction_rss,1,0.03274794576911916,0.21692426824172759,0.545799096151986,3.61540447069546,0,0.0,5.228434174869634e-05,3.7784746556409245e-05,6.139576551157458e-05,4.443276627833831e-05
ellipse,34,0.95,sampling_only,1,0.030949770736602274,0.044432278443397644,0.5158295122767046,0.7405379740566275,1,0.0,5.228434174869634e-05,3.7784746556409245e-05,6.139576551157458e-05,4.443276627833831e-05
ellipse,34,0.95,sampling_plus_direction_additive,1,0.04316890703068364,0.2521197394198806,0.7194817838447274,4.20199565699801,0,0.0,5.228434174869634e-05,3.7784746556409245e-05,6.139576551157458e-05,4.443276627833831e-05
ellipse,34,0.95,sampling_plus_direction_rss,1,0.03397923368760635,0.22508038992935367,0.5663205614601059,3.7513398321558946,0,0.0,5.228434174869634e-05,3.7784746556409245e-05,6.139576551157458e-05,4.443276627833831e-05
ellipse,34,0.99,sampling_only,1,0.03342054556912617,0.047979385666386175,0.5570090928187695,0.799656427773103,1,0.0,5.228434174869634e-05,3.7784746556409245e-05,6.139576551157458e-05,4.443276627833831e-05
ellipse,34,0.99,sampling_plus_direction_additive,1,0.04661515708360686,0.27224690327652346,0.7769192847267811,4.5374483879420575,0,0.0,5.228434174869634e-05,3.7784746556409245e-05,6.139576551157458e-05,4.443276627833831e-05
ellipse,34,0.99,sampling_plus_direction_rss,1,0.03669185589532106,0.24304895478448593,0.6115309315886844,4.050815913074766,0,0.0,5.228434174869634e-05,3.7784746556409245e-05,6.139576551157458e-05,4.443276627833831e-05
ellipse,35,0.8,sampling_only,1,0.028528011977719862,0.04149673107492084,0.4754668662953311,0.691612184582014,1,0.0,5.168447217334738e-05,3.8185146658415956e-05,6.019395848819025e-05,4.459619065945373e-05
ellipse,35,0.8,sampling_plus_direction_additive,1,0.0390401755754549,0.1259749327812216,0.6506695929242484,2.09958221302036,0,0.0,5.168447217334738e-05,3.8185146658415956e-05,6.019395848819025e-05,4.459619065945373e-05
ellipse,35,0.8,sampling_plus_direction_rss,1,0.030632844852453416,0.09987598723671672,0.510547414207557,1.664599787278612,1,0.0,5.168447217334738e-05,3.8185146658415956e-05,6.019395848819025e-05,4.459619065945373e-05
ellipse,35,0.9,sampling_only,1,0.029683553491888906,0.04317757709730857,0.4947258915314818,0.7196262849551429,1,0.0,5.168447217334738e-05,3.8185146658415956e-05,6.019395848819025e-05,4.459619065945373e-05
ellipse,35,0.9,sampling_plus_direction_additive,1,0.040621517578294755,0.13107761097299486,0.6770252929715793,2.1846268495499146,0,0.0,5.168447217334738e-05,3.8185146658415956e-05,6.019395848819025e-05,4.459619065945373e-05
ellipse,35,0.9,sampling_plus_direction_rss,1,0.03187364368385305,0.10392151447537532,0.5312273947308842,1.7320252412562553,1,0.0,5.168447217334738e-05,3.8185146658415956e-05,6.019395848819025e-05,4.459619065945373e-05
ellipse,35,0.95,sampling_only,1,0.030799623521136254,0.0448010080570483,0.5133270586856042,0.7466834676174717,1,0.0,5.168447217334738e-05,3.8185146658415956e-05,6.019395848819025e-05,4.459619065945373e-05
ellipse,35,0.95,sampling_plus_direction_additive,1,0.042148843419658966,0.13600598968453548,0.7024807236609828,2.266766494742258,0,0.0,5.168447217334738e-05,3.8185146658415956e-05,6.019395848819025e-05,4.459619065945373e-05
ellipse,35,0.95,sampling_plus_direction_rss,1,0.033072058774154756,0.10782885285154557,0.551200979569246,1.7971475475257597,0,0.0,5.168447217334738e-05,3.8185146658415956e-05,6.019395848819025e-05,4.459619065945373e-05
ellipse,35,0.99,sampling_only,1,0.03325841183639952,0.04837755161600092,0.5543068639399921,0.8062925269333487,1,0.0,5.168447217334738e-05,3.8185146658415956e-05,6.019395848819025e-05,4.459619065945373e-05
ellipse,35,0.99,sampling_plus_direction_additive,1,0.045513659993829066,0.14686358792799006,0.7585609998971511,2.447726465466501,0,0.0,5.168447217334738e-05,3.8185146658415956e-05,6.019395848819025e-05,4.459619065945373e-05
ellipse,35,0.99,sampling_plus_direction_rss,1,0.03571225960712233,0.11643702052144186,0.5952043267853722,1.9406170086906978,0,0.0,5.168447217334738e-05,3.8185146658415956e-05,6.019395848819025e-05,4.459619065945373e-05
ellipse,36,0.8,sampling_only,1,0.028045301696561352,0.04101404013719003,0.4674216949426892,0.6835673356198338,1,0.0,5.0087795351376864e-05,3.855185845350924e-05,5.845549833976049e-05,4.4765172424501424e-05
ellipse,36,0.8,sampling_plus_direction_additive,1,0.0387032692122885,0.16686679275377958,0.645054486871475,2.781113212562993,0,0.0,5.0087795351376864e-05,3.855185845350924e-05,5.845549833976049e-05,4.4765172424501424e-05
ellipse,36,0.8,sampling_plus_direction_rss,1,0.03032730756907419,0.13787613216626335,0.5054551261512364,2.297935536104389,0,0.0,5.0087795351376864e-05,3.855185845350924e-05,5.845549833976049e-05,4.4765172424501424e-05
ellipse,36,0.9,sampling_only,1,0.029181290787321772,0.04267533451968443,0.48635484645536287,0.7112555753280738,1,0.0,5.0087795351376864e-05,3.855185845350924e-05,5.845549833976049e-05,4.4765172424501424e-05
ellipse,36,0.9,sampling_plus_direction_additive,1,0.04027096465295884,0.17362581635885335,0.6711827442159807,2.8937636059808893,0,0.0,5.0087795351376864e-05,3.855185845350924e-05,5.845549833976049e-05,4.4765172424501424e-05
ellipse,36,0.9,sampling_plus_direction_rss,1,0.031555730458703087,0.1434608744418767,0.5259288409783848,2.3910145740312783,0,0.0,5.0087795351376864e-05,3.855185845350924e-05,5.845549833976049e-05,4.4765172424501424e-05
ellipse,36,0.95,sampling_only,1,0.030278476273263702,0.04427988169287038,0.5046412712210617,0.7379980282145063,1,0.0,5.0087795351376864e-05,3.855185845350924e-05,5.845549833976049e-05,4.4765172424501424e-05
ellipse,36,0.95,sampling_plus_direction_additive,1,0.041785110077303934,0.18015396232340808,0.6964185012883989,3.0025660387234683,0,0.0,5.0087795351376864e-05,3.855185845350924e-05,5.845549833976049e-05,4.4765172424501424e-05
ellipse,36,0.95,sampling_plus_direction_rss,1,0.03274219234998539,0.14885485068457777,0.5457032058330898,2.480914178076296,0,0.0,5.0087795351376864e-05,3.855185845350924e-05,5.845549833976049e-05,4.4765172424501424e-05
ellipse,36,0.99,sampling_only,1,0.032695660483765064,0.04781482281424331,0.5449276747294177,0.7969137135707219,1,0.0,5.0087795351376864e-05,3.855185845350924e-05,5.845549833976049e-05,4.4765172424501424e-05
ellipse,36,0.99,sampling_plus_direction_additive,1,0.04512088917666723,0.19453597115560023,0.7520148196111205,3.242266185926671,0,0.0,5.0087795351376864e-05,3.855185845350924e-05,5.845549833976049e-05,4.4765172424501424e-05
ellipse,36,0.99,sampling_plus_direction_rss,1,0.03535605936400909,0.16073819618334104,0.5892676560668182,2.6789699363890174,0,0.0,5.0087795351376864e-05,3.855185845350924e-05,5.845549833976049e-05,4.4765172424501424e-05
ellipse,37,0.8,sampling_only,0,0.028382006568597604,0.041360101378148544,0.47303344280996007,0.6893350229691424,1,0.002711929125389964,5.116519789306565e-05,3.863041556753435e-05,6.005190502739453e-05,4.4927614567666755e-05
ellipse,37,0.8,sampling_plus_direction_additive,1,0.03918094575220749,0.10716468859106433,0.6530157625367916,1.7860781431844055,1,0.0,5.116519789306565e-05,3.863041556753435e-05,6.005190502739453e-05,4.4927614567666755e-05
ellipse,37,0.8,sampling_plus_direction_rss,1,0.030625347914835455,0.07984218265250356,0.5104224652472577,1.3307030442083927,1,0.0,5.116519789306565e-05,3.863041556753435e-05,6.005190502739453e-05,4.4927614567666755e-05
ellipse,37,0.9,sampling_only,0,0.02953163406002768,0.04303541314575497,0.49219390100046134,0.7172568857625828,1,0.0016684026360210304,5.116519789306565e-05,3.863041556753435e-05,6.005190502739453e-05,4.4927614567666755e-05
ellipse,37,0.9,sampling_plus_direction_additive,1,0.04076798972205863,0.11150544835436946,0.6794664953676439,1.8584241392394911,1,0.0,5.116519789306565e-05,3.863041556753435e-05,6.005190502739453e-05,4.4927614567666755e-05
ellipse,37,0.9,sampling_plus_direction_rss,1,0.03186584307899556,0.08307623053179115,0.531097384649926,1.3846038421965192,1,0.0,5.116519789306565e-05,3.863041556753435e-05,6.005190502739453e-05,4.4927614567666755e-05
ellipse,37,0.95,sampling_only,0,0.030641992080272903,0.04465349889217272,0.5106998680045484,0.744224981536212,1,0.0006605213740934861,5.116519789306565e-05,3.863041556753435e-05,6.005190502739453e-05,4.4927614567666755e-05
ellipse,37,0.95,sampling_plus_direction_additive,1,0.0423008227601882,0.11569793457540445,0.7050137126698034,1.9282989095900742,0,0.0,5.116519789306565e-05,3.863041556753435e-05,6.005190502739453e-05,4.4927614567666755e-05
ellipse,37,0.95,sampling_plus_direction_rss,1,0.03306396487485413,0.08619980841018468,0.5510660812475688,1.436663473503078,1,0.0,5.116519789306565e-05,3.863041556753435e-05,6.005190502739453e-05,4.4927614567666755e-05
ellipse,37,0.99,sampling_only,1,0.03308819639935041,0.04821826653410021,0.5514699399891735,0.8036377755683369,1,0.0,5.116519789306565e-05,3.863041556753435e-05,6.005190502739453e-05,4.4927614567666755e-05
ellipse,37,0.99,sampling_plus_direction_additive,1,0.045677772113396915,0.12493430493034974,0.7612962018899486,2.082238415505829,0,0.0,5.116519789306565e-05,3.863041556753435e-05,6.005190502739453e-05,4.4927614567666755e-05
ellipse,37,0.99,sampling_plus_direction_rss,1,0.03570351955755263,0.09308129128128034,0.5950586592925439,1.5513548546880058,1,0.0,5.116519789306565e-05,3.863041556753435e-05,6.005190502739453e-05,4.4927614567666755e-05
ellipse,38,0.8,sampling_only,1,0.028685315947196165,0.043778452983473194,0.4780885991199361,0.7296408830578865,1,0.0,5.233885193520915e-05,3.7767398908661657e-05,6.053565560465753e-05,4.423311857256662e-05
ellipse,38,0.8,sampling_plus_direction_additive,1,0.03954834002056204,0.16464889085226772,0.6591390003427007,2.7441481808711288,0,0.0,5.233885193520915e-05,3.7767398908661657e-05,6.053565560465753e-05,4.423311857256662e-05
ellipse,38,0.8,sampling_plus_direction_rss,1,0.031052821890633166,0.13496621136410447,0.5175470315105528,2.249436856068408,0,0.0,5.233885193520915e-05,3.7767398908661657e-05,6.053565560465753e-05,4.423311857256662e-05
ellipse,38,0.9,sampling_only,1,0.029847229137990122,0.045551721302625955,0.49745381896650204,0.759195355043766,1,0.0,5.233885193520915e-05,3.7767398908661657e-05,6.053565560465753e-05,4.423311857256662e-05
ellipse,38,0.9,sampling_plus_direction_additive,1,0.04115026548055987,0.17131807722215128,0.6858377580093311,2.855301287035855,0,0.0,5.233885193520915e-05,3.7767398908661657e-05,6.053565560465753e-05,4.423311857256662e-05
ellipse,38,0.9,sampling_plus_direction_rss,1,0.03231063210379307,0.14043308582991512,0.5385105350632179,2.3405514304985853,0,0.0,5.233885193520915e-05,3.7767398908661657e-05,6.053565560465753e-05,4.423311857256662e-05
ellipse,38,0.95,sampling_only,1,0.030969453197386893,0.04726441755849642,0.5161575532897815,0.787740292641607,1,0.0,5.233885193520915e-05,3.7767398908661657e-05,6.053565560465753e-05,4.423311857256662e-05
ellipse,38,0.95,sampling_plus_direction_additive,1,0.04269747168048381,0.17775945465050302,0.7116245280080635,2.962657577508384,0,0.0,5.233885193520915e-05,3.7767398908661657e-05,6.053565560465753e-05,4.423311857256662e-05
ellipse,38,0.95,sampling_plus_direction_rss,1,0.03352547749374728,0.1457132204422457,0.5587579582291213,2.428553674037428,0,0.0,5.233885193520915e-05,3.7767398908661657e-05,6.053565560465753e-05,4.423311857256662e-05
ellipse,38,0.99,sampling_only,1,0.03344179931550004,0.05103761944652611,0.5573633219250006,0.8506269907754351,1,0.0,5.233885193520915e-05,3.7767398908661657e-05,6.053565560465753e-05,4.423311857256662e-05
ellipse,38,0.99,sampling_plus_direction_additive,1,0.04610608621719115,0.19195030570822086,0.7684347702865192,3.1991717618036812,0,0.0,5.233885193520915e-05,3.7767398908661657e-05,6.053565560465753e-05,4.423311857256662e-05
ellipse,38,0.99,sampling_plus_direction_rss,1,0.03620187554350521,0.15734576405294617,0.6033645923917534,2.6224294008824365,0,0.0,5.233885193520915e-05,3.7767398908661657e-05,6.053565560465753e-05,4.423311857256662e-05
ellipse,39,0.8,sampling_only,1,0.02845256357226311,0.03950927280934376,0.47420939287105185,0.6584878801557293,1,0.0,5.142456180976812e-05,3.814029087454662e-05,5.989099234369398e-05,4.4610781424416434e-05
ellipse,39,0.8,sampling_plus_direction_additive,1,0.03927829378287587,0.08496683194969873,0.6546382297145978,1.4161138658283121,1,0.0,5.142456180976812e-05,3.814029087454662e-05,5.989099234369398e-05,4.4610781424416434e-05
ellipse,39,0.8,sampling_plus_direction_rss,1,0.030808682317591474,0.06462187029718572,0.5134780386265246,1.077031171619762,1,0.0,5.142456180976812e-05,3.814029087454662e-05,5.989099234369398e-05,4.4610781424416434e-05
ellipse,39,0.9,sampling_only,1,0.029605049010714323,0.041109615832246406,0.4934174835119054,0.6851602638707734,1,0.0,5.142456180976812e-05,3.814029087454662e-05,5.989099234369398e-05,4.4610781424416434e-05
ellipse,39,0.9,sampling_plus_direction_additive,1,0.040869280883809804,0.08840845633354931,0.6811546813968301,1.4734742722258218,1,0.0,5.142456180976812e-05,3.814029087454662e-05,5.989099234369398e-05,4.4610781424416434e-05
ellipse,39,0.9,sampling_plus_direction_rss,1,0.03205660353420575,0.06723941174767183,0.5342767255700959,1.1206568624611972,1,0.0,5.142456180976812e-05,3.814029087454662e-05,5.989099234369398e-05,4.4610781424416434e-05
ellipse,39,0.95,sampling_only,1,0.03071816735499496,0.04265529364864327,0.5119694559165827,0.7109215608107211,1,0.0,5.142456180976812e-05,3.814029087454662e-05,5.989099234369398e-05,4.4610781424416434e-05
ellipse,39,0.95,sampling_plus_direction_additive,1,0.042405922361851686,0.09173252022882582,0.7067653726975281,1.5288753371470971,1,0.0,5.142456180976812e-05,3.814029087454662e-05,5.989099234369398e-05,4.4610781424416434e-05
ellipse,39,0.95,sampling_plus_direction_rss,1,0.03326189772021916,0.06976754208948903,0.5543649620036527,1.1627923681581505,1,0.0,5.142456180976812e-05,3.814029087454662e-05,5.989099234369398e-05,4.4610781424416434e-05
ellipse,39,0.99,sampling_only,1,0.033170452880723254,0.046060541038613255,0.5528408813453876,0.7676756839768876,1,0.0,5.142456180976812e-05,3.814029087454662e-05,5.989099234369398e-05,4.4610781424416434e-05
ellipse,39,0.99,sampling_plus_direction_additive,1,0.04579126200179011,0.09905568925111935,0.7631877000298352,1.6509281541853225,1,0.0,5.142456180976812e-05,3.814029087454662e-05,5.989099234369398e-05,4.4610781424416434e-05
ellipse,39,0.99,sampling_plus_direction_rss,1,0.03591725373136756,0.07533720813285971,0.5986208955227927,1.255620135547662,1,0.0,5.142456180976812e-05,3.814029087454662e-05,5.989099234369398e-05,4.4610781424416434e-05
ellipse,40,0.8,sampling_only,0,0.028445081801824187,0.04169247509718122,0.4740846966970698,0.6948745849530203,1,0.00024098553315594212,5.152572659631273e-05,3.7313360113272874e-05,5.872341430066698e-05,4.392869428719559e-05
ellipse,40,0.8,sampling_plus_direction_additive,1,0.03838100173994595,0.08238579416669814,0.6396833623324325,1.373096569444969,1,0.0,5.152572659631273e-05,3.7313360113272874e-05,5.872341430066698e-05,4.392869428719559e-05
ellipse,40,0.8,sampling_plus_direction_rss,1,0.030302403383085364,0.05909218056845886,0.5050400563847561,0.984869676140981,1,0.0,5.152572659631273e-05,3.7313360113272874e-05,5.872341430066698e-05,4.392869428719559e-05
ellipse,40,0.9,sampling_only,1,0.029597264187390115,0.04338124982992034,0.4932877364565019,0.7230208304986723,1,0.0,5.152572659631273e-05,3.7313360113272874e-05,5.872341430066698e-05,4.392869428719559e-05
ellipse,40,0.9,sampling_plus_direction_additive,1,0.03993564357410319,0.08572287231331967,0.6655940595683865,1.428714538555328,1,0.0,5.152572659631273e-05,3.7313360113272874e-05,5.872341430066698e-05,4.392869428719559e-05
ellipse,40,0.9,sampling_plus_direction_rss,1,0.03152981751609956,0.061485739147407736,0.5254969586016593,1.0247623191234623,1,0.0,5.152572659631273e-05,3.7313360113272874e-05,5.872341430066698e-05,4.392869428719559e-05
ellipse,40,0.95,sampling_only,1,0.030710089830596473,0.045012338667707076,0.5118348305099413,0.7502056444617846,1,0.0,5.152572659631273e-05,3.7313360113272874e-05,5.872341430066698e-05,4.392869428719559e-05
ellipse,40,0.95,sampling_plus_direction_additive,1,0.04143718128265078,0.08894596110678356,0.6906196880441797,1.4824326851130594,1,0.0,5.152572659631273e-05,3.7313360113272874e-05,5.872341430066698e-05,4.392869428719559e-05
ellipse,40,0.95,sampling_plus_direction_rss,1,0.03271530510831026,0.06379753752111975,0.5452550851385043,1.0632922920186625,1,0.0,5.152572659631273e-05,3.7313360113272874e-05,5.872341430066698e-05,4.392869428719559e-05
ellipse,40,0.99,sampling_only,1,0.03316173051329305,0.04860575312236363,0.5526955085548841,0.8100958853727271,1,0.0,5.152572659631273e-05,3.7313360113272874e-05,5.872341430066698e-05,4.392869428719559e-05
ellipse,40,0.99,sampling_plus_direction_additive,1,0.04474518461214955,0.0960466741953425,0.7457530768691591,1.6007779032557086,0,0.0,5.152572659631273e-05,3.7313360113272874e-05,5.872341430066698e-05,4.392869428719559e-05
ellipse,40,0.99,sampling_plus_direction_rss,1,0.03532702566636785,0.06889060756114314,0.5887837611061308,1.148176792685719,1,0.0,5.152572659631273e-05,3.7313360113272874e-05,5.872341430066698e-05,4.392869428719559e-05
ellipse,41,0.8,sampling_only,1,0.02847930907918623,0.04218494929871084,0.4746551513197705,0.7030824883118474,1,0.0,5.162611284777115e-05,3.80508105154595e-05,5.983799700453824e-05,4.450526306709531e-05
ellipse,41,0.8,sampling_plus_direction_additive,1,0.039380969820829684,0.15611210291221275,0.656349497013828,2.601868381870213,0,0.0,5.162611284777115e-05,3.80508105154595e-05,5.983799700453824e-05,4.450526306709531e-05
ellipse,41,0.8,sampling_plus_direction_rss,1,0.03088122037211698,0.12992649505860113,0.5146870062019497,2.165441584310019,0,0.0,5.162611284777115e-05,3.80508105154595e-05,5.983799700453824e-05,4.450526306709531e-05
ellipse,41,0.9,sampling_only,1,0.02963287785788531,0.04389367194737796,0.49388129763142186,0.731561199122966,1,0.0,5.162611284777115e-05,3.80508105154595e-05,5.983799700453824e-05,4.450526306709531e-05
ellipse,41,0.9,sampling_plus_direction_additive,1,0.04097611586646887,0.1624355023807835,0.6829352644411478,2.7072583730130586,0,0.0,5.162611284777115e-05,3.80508105154595e-05,5.983799700453824e-05,4.450526306709531e-05
ellipse,41,0.9,sampling_plus_direction_rss,1,0.0321320797792167,0.13518923327351592,0.535534662986945,2.253153887891932,0,0.0,5.162611284777115e-05,3.80508105154595e-05,5.983799700453824e-05,4.450526306709531e-05
ellipse,41,0.95,sampling_only,1,0.030747042537210854,0.04554402731158561,0.5124507089535143,0.7590671218597602,1,0.0,5.162611284777115e-05,3.80508105154595e-05,5.983799700453824e-05,4.450526306709531e-05
ellipse,41,0.95,sampling_plus_direction_additive,1,0.04251677422619082,0.16854290444578443,0.7086129037698471,2.809048407429741,0,0.0,5.162611284777115e-05,3.80508105154595e-05,5.983799700453824e-05,4.450526306709531e-05
ellipse,41,0.95,sampling_plus_direction_rss,1,0.03334021179173897,0.1402722046089636,0.5556701965289829,2.3378700768160603,0,0.0,5.162611284777115e-05,3.80508105154595e-05,5.983799700453824e-05,4.450526306709531e-05
ellipse,41,0.99,sampling_only,1,0.033201633219707864,0.049179887409255614,0.5533605536617977,0.8196647901542603,1,0.0,5.162611284777115e-05,3.80508105154595e-05,5.983799700453824e-05,4.450526306709531e-05
ellipse,41,0.99,sampling_plus_direction_additive,1,0.045910963366142615,0.18199798203098405,0.7651827227690436,3.033299700516401,0,0.0,5.162611284777115e-05,3.80508105154595e-05,5.983799700453824e-05,4.450526306709531e-05
ellipse,41,0.99,sampling_plus_direction_rss,1,0.03600181975346207,0.15147038232084536,0.6000303292243678,2.5245063720140895,0,0.0,5.162611284777115e-05,3.80508105154595e-05,5.983799700453824e-05,4.450526306709531e-05
ellipse,42,0.8,sampling_only,0,0.028721605350224014,0.04690052530333797,0.4786934225037336,0.7816754217222995,1,0.0009802707148174016,5.279580185979948e-05,3.696338778047307e-05,6.18812723993639e-05,4.374219349695091e-05
ellipse,42,0.8,sampling_plus_direction_additive,1,0.03899155486742674,0.16209256064508953,0.6498592477904457,2.701542677418159,0,0.0,5.279580185979948e-05,3.696338778047307e-05,6.18812723993639e-05,4.374219349695091e-05
ellipse,42,0.8,sampling_plus_direction_rss,1,0.030754691186226826,0.12556597771570446,0.5125781864371138,2.092766295261741,0,0.0,5.279580185979948e-05,3.696338778047307e-05,6.18812723993639e-05,4.374219349695091e-05
ellipse,42,0.9,sampling_only,1,0.02988498846159134,0.048800254736523475,0.49808314102652235,0.8133375789420579,1,0.0,5.279580185979948e-05,3.696338778047307e-05,6.18812723993639e-05,4.374219349695091e-05
ellipse,42,0.9,sampling_plus_direction_additive,1,0.04057092746396451,0.1686582015705648,0.6761821243994086,2.81097002617608,0,0.0,5.279580185979948e-05,3.696338778047307e-05,6.18812723993639e-05,4.374219349695091e-05
ellipse,42,0.9,sampling_plus_direction_rss,1,0.03200042546483303,0.13065209097627942,0.5333404244138839,2.177534849604657,0,0.0,5.279580185979948e-05,3.696338778047307e-05,6.18812723993639e-05,4.374219349695091e-05
ellipse,42,0.95,sampling_only,1,0.031008632231381186,0.05063509239320606,0.5168105371896865,0.8439182065534343,1,0.0,5.279580185979948e-05,3.696338778047307e-05,6.18812723993639e-05,4.374219349695091e-05
ellipse,42,0.95,sampling_plus_direction_additive,1,0.04209635117085565,0.17499957050441228,0.7016058528475942,2.9166595084068714,0,0.0,5.279580185979948e-05,3.696338778047307e-05,6.18812723993639e-05,4.374219349695091e-05
ellipse,42,0.95,sampling_plus_direction_rss,1,0.03320360741520911,0.13556447058867885,0.553393456920152,2.2594078431446474,0,0.0,5.279580185979948e-05,3.696338778047307e-05,6.18812723993639e-05,4.374219349695091e-05
ellipse,42,0.99,sampling_only,1,0.03348410608093957,0.054677381203432976,0.5580684346823261,0.911289686723883,1,0.0,5.279580185979948e-05,3.696338778047307e-05,6.18812723993639e-05,4.374219349695091e-05
ellipse,42,0.99,sampling_plus_direction_additive,1,0.04545697719614092,0.18897009513881421,0.7576162866023487,3.1495015856469037,0,0.0,5.279580185979948e-05,3.696338778047307e-05,6.18812723993639e-05,4.374219349695091e-05
ellipse,42,0.99,sampling_plus_direction_rss,1,0.035854310008410585,0.14638682158331195,0.5975718334735097,2.439780359721866,0,0.0,5.279580185979948e-05,3.696338778047307e-05,6.18812723993639e-05,4.374219349695091e-05
ellipse,43,0.8,sampling_only,1,0.028889853561895763,0.04003343514221489,0.4814975593649294,0.6672239190369149,1,0.0,5.314997322147297e-05,3.728496199807517e-05,6.31226940522352e-05,4.393843075861127e-05
ellipse,43,0.8,sampling_plus_direction_additive,1,0.04029286761569589,0.13278590326246706,0.6715477935949316,2.2130983877077846,1,0.0,5.314997322147297e-05,3.728496199807517e-05,6.31226940522352e-05,4.393843075861127e-05
ellipse,43,0.8,sampling_plus_direction_rss,1,0.031550159687732525,0.10983470800511762,0.5258359947955421,1.8305784667519605,1,0.0,5.314997322147297e-05,3.728496199807517e-05,6.31226940522352e-05,4.393843075861127e-05
ellipse,43,0.9,sampling_only,1,0.03006005165193818,0.04165500962478845,0.5010008608656363,0.6942501604131408,1,0.0,5.314997322147297e-05,3.728496199807517e-05,6.31226940522352e-05,4.393843075861127e-05
ellipse,43,0.9,sampling_plus_direction_additive,1,0.04192495054146084,0.13816446324891304,0.698749175691014,2.3027410541485507,0,0.0,5.314997322147297e-05,3.728496199807517e-05,6.31226940522352e-05,4.393843075861127e-05
ellipse,43,0.9,sampling_plus_direction_rss,1,0.0328281148192121,0.11428361825149833,0.5471352469868683,1.9047269708583054,1,0.0,5.314997322147297e-05,3.728496199807517e-05,6.31226940522352e-05,4.393843075861127e-05
ellipse,43,0.95,sampling_only,1,0.031190277611425236,0.04322119366750893,0.5198379601904206,0.7203532277918155,1,0.0,5.314997322147297e-05,3.728496199807517e-05,6.31226940522352e-05,4.393843075861127e-05
ellipse,43,0.95,sampling_plus_direction_additive,1,0.04350128407544245,0.14335930006591657,0.7250214012573742,2.389321667765276,0,0.0,5.314997322147297e-05,3.728496199807517e-05,6.31226940522352e-05,4.393843075861127e-05
ellipse,43,0.95,sampling_plus_direction_rss,1,0.0340624170086863,0.11858056070480988,0.5677069501447717,1.976342678413498,1,0.0,5.314997322147297e-05,3.728496199807517e-05,6.31226940522352e-05,4.393843075861127e-05
ellipse,43,0.99,sampling_only,1,0.03368025253232519,0.046671617854949804,0.5613375422054199,0.7778602975824968,1,0.0,5.314997322147297e-05,3.728496199807517e-05,6.31226940522352e-05,4.393843075861127e-05
ellipse,43,0.99,sampling_plus_direction_additive,1,0.04697406837458313,0.15480392605767584,0.7829011395763855,2.5800654342945974,0,0.0,5.314997322147297e-05,3.728496199807517e-05,6.31226940522352e-05,4.393843075861127e-05
ellipse,43,0.99,sampling_plus_direction_rss,1,0.036781679887763624,0.1280470561922715,0.6130279981293938,2.134117603204525,1,0.0,5.314997322147297e-05,3.728496199807517e-05,6.31226940522352e-05,4.393843075861127e-05
ellipse,44,0.8,sampling_only,1,0.028133183158072037,0.038427856100390616,0.4688863859678673,0.6404642683398436,1,0.0,5.0238313888335594e-05,3.8973390728828796e-05,5.852014458063261e-05,4.51330919219788e-05
ellipse,44,0.8,sampling_plus_direction_additive,1,0.0391475883167529,0.13609236525827714,0.652459805279215,2.2682060876379526,0,0.0,5.0238313888335594e-05,3.8973390728828796e-05,5.852014458063261e-05,4.51330919219788e-05
ellipse,44,0.8,sampling_plus_direction_rss,1,0.030499744593818094,0.1050300744299467,0.5083290765636349,1.7505012404991118,1,0.0,5.0238313888335594e-05,3.8973390728828796e-05,5.852014458063261e-05,4.51330919219788e-05
ellipse,44,0.9,sampling_only,1,0.029272731931756762,0.03998439579405015,0.4878788655292794,0.6664065965675026,1,0.0,5.0238313888335594e-05,3.8973390728828796e-05,5.852014458063261e-05,4.51330919219788e-05
ellipse,44,0.9,sampling_plus_direction_additive,1,0.040733281126856064,0.14160485515558285,0.6788880187809344,2.3600809192597145,0,0.0,5.0238313888335594e-05,3.8973390728828796e-05,5.852014458063261e-05,4.51330919219788e-05
ellipse,44,0.9,sampling_plus_direction_rss,1,0.03173515213210835,0.10928437056999513,0.5289192022018058,1.8214061761665854,0,0.0,5.0238313888335594e-05,3.8973390728828796e-05,5.852014458063261e-05,4.51330919219788e-05
ellipse,44,0.95,sampling_only,1,0.030373355507439935,0.04148776653419745,0.5062225917906656,0.6914627755699576,1,0.0,5.0238313888335594e-05,3.8973390728828796e-05,5.852014458063261e-05,4.51330919219788e-05
ellipse,44,0.95,sampling_plus_direction_additive,1,0.042264809158734484,0.14692904704784543,0.7044134859789081,2.448817450797424,0,0.0,5.0238313888335594e-05,3.8973390728828796e-05,5.852014458063261e-05,4.51330919219788e-05
ellipse,44,0.95,sampling_plus_direction_rss,1,0.03292836008741361,0.11339334662947062,0.5488060014568935,1.889889110491177,0,0.0,5.0238313888335594e-05,3.8973390728828796e-05,5.852014458063261e-05,4.51330919219788e-05
ellipse,44,0.99,sampling_only,1,0.0327981140946928,0.04479980817362369,0.5466352349115466,0.7466634695603949,1,0.0,5.0238313888335594e-05,3.8973390728828796e-05,5.852014458063261e-05,4.51330919219788e-05
ellipse,44,0.99,sampling_plus_direction_additive,1,0.04563888348256552,0.15865865224273001,0.7606480580427587,2.644310870712167,0,0.0,5.0238313888335594e-05,3.8973390728828796e-05,5.852014458063261e-05,4.51330919219788e-05
ellipse,44,0.99,sampling_plus_direction_rss,1,0.03555708920055204,0.12244573766047806,0.592618153342534,2.040762294341301,0,0.0,5.0238313888335594e-05,3.8973390728828796e-05,5.852014458063261e-05,4.51330919219788e-05
ellipse,45,0.8,sampling_only,1,0.028394666845331252,0.0421976758457289,0.4732444474221876,0.7032945974288151,1,0.0,5.135884922931616e-05,3.787208830329918e-05,5.916119700732736e-05,4.426493543269874e-05
ellipse,45,0.8,sampling_plus_direction_additive,1,0.03912463556587127,0.26875135527070043,0.6520772594311879,4.479189254511674,0,0.0,5.135884922931616e-05,3.787208830329918e-05,5.916119700732736e-05,4.426493543269874e-05
ellipse,45,0.8,sampling_plus_direction_rss,1,0.030781179330726275,0.23664529893466807,0.5130196555121046,3.9440883155778015,0,0.0,5.135884922931616e-05,3.787208830329918e-05,5.916119700732736e-05,4.426493543269874e-05
ellipse,45,0.9,sampling_only,1,0.02954480714765604,0.04390691398960203,0.492413452460934,0.7317818998267005,1,0.0,5.135884922931616e-05,3.787208830329918e-05,5.916119700732736e-05,4.426493543269874e-05
ellipse,45,0.9,sampling_plus_direction_additive,1,0.04070939866322302,0.27963726446924636,0.6784899777203837,4.660621074487439,0,0.0,5.135884922931616e-05,3.787208830329918e-05,5.916119700732736e-05,4.426493543269874e-05
ellipse,45,0.9,sampling_plus_direction_rss,1,0.03202798652498557,0.24623073612761087,0.5337997754164262,4.103845602126848,0,0.0,5.135884922931616e-05,3.787208830329918e-05,5.916119700732736e-05,4.426493543269874e-05
ellipse,45,0.95,sampling_only,1,0.030655660461980483,0.04555776724050833,0.5109276743663415,0.7592961206751389,1,0.0,5.135884922931616e-05,3.787208830329918e-05,5.916119700732736e-05,4.426493543269874e-05
ellipse,45,0.95,sampling_plus_direction_additive,1,0.04224002873987878,0.2901513280910469,0.7040004789979797,4.835855468184115,0,0.0,5.135884922931616e-05,3.787208830329918e-05,5.916119700732736e-05,4.426493543269874e-05
ellipse,45,0.95,sampling_plus_direction_rss,1,0.033232204741899585,0.2554887498269016,0.5538700790316597,4.258145830448361,0,0.0,5.135884922931616e-05,3.787208830329918e-05,5.916119700732736e-05,4.426493543269874e-05
ellipse,45,0.99,sampling_only,1,0.03310295595209805,0.04919472422095887,0.5517159325349675,0.8199120703493146,1,0.0,5.135884922931616e-05,3.787208830329918e-05,5.916119700732736e-05,4.426493543269874e-05
ellipse,45,0.99,sampling_plus_direction_additive,1,0.045612124799128496,0.31331462080723216,0.760202079985475,5.221910346787203,0,0.0,5.135884922931616e-05,3.787208830329918e-05,5.916119700732736e-05,4.426493543269874e-05
ellipse,45,0.99,sampling_plus_direction_rss,1,0.035885190310172684,0.2758848677315412,0.5980865051695448,4.59808112885902,0,0.0,5.135884922931616e-05,3.787208830329918e-05,5.916119700732736e-05,4.426493543269874e-05
ellipse,46,0.8,sampling_only,1,0.028587414434918548,0.04208249403936005,0.4764569072486425,0.7013749006560008,1,0.0,5.2099502857074466e-05,3.721303785534785e-05,6.125080645857159e-05,4.385449887277852e-05
ellipse,46,0.8,sampling_plus_direction_additive,1,0.039195604867111884,0.13990718786877454,0.6532600811185314,2.331786464479576,0,0.0,5.2099502857074466e-05,3.721303785534785e-05,6.125080645857159e-05,4.385449887277852e-05
ellipse,46,0.8,sampling_plus_direction_rss,1,0.03082809028032174,0.11055984205793692,0.513801504672029,1.8426640342989489,1,0.0,5.2099502857074466e-05,3.721303785534785e-05,6.125080645857159e-05,4.385449887277852e-05
ellipse,46,0.9,sampling_only,1,0.029745362075577955,0.043787066686070596,0.4957560345929659,0.7297844447678433,1,0.0,5.2099502857074466e-05,3.721303785534785e-05,6.125080645857159e-05,4.385449887277852e-05
ellipse,46,0.9,sampling_plus_direction_additive,1,0.04078324261180601,0.14557419908004576,0.6797207101967669,2.4262366513340963,0,0.0,5.2099502857074466e-05,3.721303785534785e-05,6.125080645857159e-05,4.385449887277852e-05
ellipse,46,0.9,sampling_plus_direction_rss,1,0.032076797626255434,0.11503812422487153,0.5346132937709239,1.9173020704145256,0,0.0,5.2099502857074466e-05,3.721303785534785e-05,6.125080645857159e-05,4.385449887277852e-05
ellipse,46,0.95,sampling_only,1,0.03086375604181028,0.04543341380587658,0.5143959340301714,0.7572235634312764,1,0.0,5.2099502857074466e-05,3.721303785534785e-05,6.125080645857159e-05,4.385449887277852e-05
ellipse,46,0.95,sampling_plus_direction_additive,1,0.04231664914236164,0.15104763408065378,0.7052774857060273,2.5174605680108963,0,0.0,5.2099502857074466e-05,3.721303785534785e-05,6.125080645857159e-05,4.385449887277852e-05
ellipse,46,0.95,sampling_plus_direction_rss,1,0.03328285108864424,0.11936343530001942,0.5547141848107373,1.989390588333657,0,0.0,5.2099502857074466e-05,3.721303785534785e-05,6.125080645857159e-05,4.385449887277852e-05
ellipse,46,0.99,sampling_only,1,0.03332766416941001,0.049060443432123416,0.5554610694901668,0.817674057202057,1,0.0,5.2099502857074466e-05,3.721303785534785e-05,6.125080645857159e-05,4.385449887277852e-05
ellipse,46,0.99,sampling_plus_direction_additive,1,0.04569486194359706,0.1631060333487748,0.7615810323932843,2.718433889146247,0,0.0,5.2099502857074466e-05,3.721303785534785e-05,6.125080645857159e-05,4.385449887277852e-05
ellipse,46,0.99,sampling_plus_direction_rss,1,0.03593987984418231,0.1288924290483996,0.5989979974030385,2.14820715080666,0,0.0,5.2099502857074466e-05,3.721303785534785e-05,6.125080645857159e-05,4.385449887277852e-05
ellipse,47,0.8,sampling_only,0,0.028587047780603628,0.0402844336154196,0.4764507963433938,0.67140722692366,1,0.0008912554340514307,5.1924767713108904e-05,3.741500492682539e-05,5.997992788569187e-05,4.400890797538823e-05
ellipse,47,0.8,sampling_plus_direction_additive,1,0.038824891963848106,0.0886637153701526,0.6470815327308018,1.4777285895025434,1,0.0,5.1924767713108904e-05,3.741500492682539e-05,5.997992788569187e-05,4.400890797538823e-05
ellipse,47,0.8,sampling_plus_direction_rss,1,0.030587482473074554,0.06427560089671921,0.5097913745512426,1.0712600149453202,1,0.0,5.1924767713108904e-05,3.741500492682539e-05,5.997992788569187e-05,4.400890797538823e-05
ellipse,47,0.9,sampling_only,1,0.02974498056974507,0.04191617491774939,0.4957496761624179,0.6986029152958232,1,0.0,5.1924767713108904e-05,3.741500492682539e-05,5.997992788569187e-05,4.400890797538823e-05
ellipse,47,0.9,sampling_plus_direction_additive,1,0.04039751379541467,0.09225508388158957,0.6732918965902445,1.537584731359826,1,0.0,5.1924767713108904e-05,3.741500492682539e-05,5.997992788569187e-05,4.400890797538823e-05
ellipse,47,0.9,sampling_plus_direction_rss,1,0.03182644387841749,0.06687911653048742,0.5304407313069581,1.1146519421747905,1,0.0,5.1924767713108904e-05,3.741500492682539e-05,5.997992788569187e-05,4.400890797538823e-05
ellipse,47,0.95,sampling_only,1,0.030863360191763993,0.04349217849761635,0.5143893365293999,0.7248696416269392,1,0.0,5.1924767713108904e-05,3.741500492682539e-05,5.997992788569187e-05,4.400890797538823e-05
ellipse,47,0.95,sampling_plus_direction_additive,1,0.041916417332873164,0.09572377688002309,0.6986069555478861,1.5953962813337184,1,0.0,5.1924767713108904e-05,3.741500492682539e-05,5.997992788569187e-05,4.400890797538823e-05
ellipse,47,0.95,sampling_plus_direction_rss,1,0.033023084306253406,0.0693937001554774,0.5503847384375568,1.1565616692579566,1,0.0,5.1924767713108904e-05,3.741500492682539e-05,5.997992788569187e-05,4.400890797538823e-05
ellipse,47,0.99,sampling_only,1,0.03332723671795573,0.04696423588240539,0.5554539452992623,0.7827372647067565,1,0.0,5.1924767713108904e-05,3.741500492682539e-05,5.997992788569187e-05,4.400890797538823e-05
ellipse,47,0.99,sampling_plus_direction_additive,1,0.04526267892224095,0.10336557496641689,0.7543779820373492,1.7227595827736149,1,0.0,5.1924767713108904e-05,3.741500492682539e-05,5.997992788569187e-05,4.400890797538823e-05
ellipse,47,0.99,sampling_plus_direction_rss,1,0.03565937542099539,0.07493352173732495,0.5943229236832566,1.248892028955416,1,0.0,5.1924767713108904e-05,3.741500492682539e-05,5.997992788569187e-05,4.400890797538823e-05
ellipse,48,0.8,sampling_only,1,0.02842839823037144,0.04111929705689156,0.47380663717285737,0.6853216176148593,1,0.0,5.149345312999812e-05,3.805713408462954e-05,6.042478589901782e-05,4.445085144209267e-05
ellipse,48,0.8,sampling_plus_direction_additive,1,0.038894888156006585,0.14467182783581198,0.6482481359334431,2.4111971305968662,0,0.0,5.149345312999812e-05,3.805713408462954e-05,6.042478589901782e-05,4.445085144209267e-05
ellipse,48,0.8,sampling_plus_direction_rss,1,0.030522224132800004,0.11877360838376676,0.5087037355466667,1.979560139729446,0,0.0,5.149345312999812e-05,3.805713408462954e-05,6.042478589901782e-05,4.445085144209267e-05
ellipse,48,0.9,sampling_only,1,0.029579904839460772,0.042784854924008145,0.4929984139910129,0.7130809154001357,1,0.0,5.149345312999812e-05,3.805713408462954e-05,6.042478589901782e-05,4.445085144209267e-05
ellipse,48,0.9,sampling_plus_direction_additive,1,0.04047034521864134,0.15053183319214594,0.6745057536440223,2.508863886535766,0,0.0,5.149345312999812e-05,3.805713408462954e-05,6.042478589901782e-05,4.445085144209267e-05
ellipse,48,0.9,sampling_plus_direction_rss,1,0.031758542216155004,0.12358459329860376,0.5293090369359168,2.059743221643396,0,0.0,5.149345312999812e-05,3.805713408462954e-05,6.042478589901782e-05,4.445085144209267e-05
ellipse,48,0.95,sampling_only,1,0.030692077789654614,0.04439351994787158,0.5115346298275769,0.739891999131193,1,0.0,5.149345312999812e-05,3.805713408462954e-05,6.042478589901782e-05,4.445085144209267e-05
ellipse,48,0.95,sampling_plus_direction_additive,1,0.041991987140123595,0.15619166996065556,0.6998664523353932,2.6031944993442595,0,0.0,5.149345312999812e-05,3.805713408462954e-05,6.042478589901782e-05,4.445085144209267e-05
ellipse,48,0.95,sampling_plus_direction_rss,1,0.03295262961373435,0.12823124251784174,0.5492104935622393,2.1371873752973625,0,0.0,5.149345312999812e-05,3.805713408462954e-05,6.042478589901782e-05,4.445085144209267e-05
ellipse,48,0.99,sampling_only,1,0.03314228053932673,0.04793753301174316,0.5523713423221123,0.7989588835290526,1,0.0,5.149345312999812e-05,3.805713408462954e-05,6.042478589901782e-05,4.445085144209267e-05
ellipse,48,0.99,sampling_plus_direction_additive,1,0.045344281600605114,0.16866072669367593,0.7557380266767519,2.811012111561266,0,0.0,5.149345312999812e-05,3.805713408462954e-05,6.042478589901782e-05,4.445085144209267e-05
ellipse,48,0.99,sampling_plus_direction_rss,1,0.03558329620600117,0.13846816897047154,0.5930549367666862,2.307802816174526,0,0.0,5.149345312999812e-05,3.805713408462954e-05,6.042478589901782e-05,4.445085144209267e-05
ellipse,49,0.8,sampling_only,1,0.02816680679711151,0.039657443187925946,0.4694467799518585,0.6609573864654325,1,0.0,5.048946134633071e-05,3.839192986217798e-05,5.823846909632653e-05,4.474570545659784e-05
ellipse,49,0.8,sampling_plus_direction_additive,1,0.0385208781470059,0.09139253249225918,0.6420146357834318,1.5232088748709864,1,0.0,5.048946134633071e-05,3.839192986217798e-05,5.823846909632653e-05,4.474570545659784e-05
ellipse,49,0.8,sampling_plus_direction_rss,1,0.030166942712425333,0.06610048324348866,0.5027823785404222,1.101674720724811,1,0.0,5.048946134633071e-05,3.839192986217798e-05,5.823846909632653e-05,4.474570545659784e-05
ellipse,49,0.9,sampling_only,1,0.02930771751325468,0.04126378792674752,0.4884619585542447,0.6877297987791254,1,0.0,5.048946134633071e-05,3.839192986217798e-05,5.823846909632653e-05,4.474570545659784e-05
ellipse,49,0.9,sampling_plus_direction_additive,1,0.04008118574558222,0.0950944331175929,0.6680197624263704,1.5849072186265485,1,0.0,5.048946134633071e-05,3.839192986217798e-05,5.823846909632653e-05,4.474570545659784e-05
ellipse,49,0.9,sampling_plus_direction_rss,1,0.03138886994265055,0.0687779166571503,0.5231478323775092,1.146298610952505,1,0.0,5.048946134633071e-05,3.839192986217798e-05,5.823846909632653e-05,4.474570545659784e-05
ellipse,49,0.95,sampling_only,1,0.03040965650957899,0.04281526244986503,0.5068276084929831,0.7135877074977505,1,0.0,5.048946134633071e-05,3.839192986217798e-05,5.823846909632653e-05,4.474570545659784e-05
ellipse,49,0.95,sampling_plus_direction_additive,1,0.04158819568492671,0.09866988262635244,0.6931365947487784,1.6444980437725407,1,0.0,5.048946134633071e-05,3.839192986217798e-05,5.823846909632653e-05,4.474570545659784e-05
ellipse,49,0.95,sampling_plus_direction_rss,1,0.03256905805606182,0.07136389314665963,0.542817634267697,1.1893982191109937,1,0.0,5.048946134633071e-05,3.839192986217798e-05,5.823846909632653e-05,4.474570545659784e-05
ellipse,49,0.99,sampling_only,1,0.03283731306991359,0.04623328043162425,0.5472885511652265,0.7705546738604042,1,0.0,5.048946134633071e-05,3.839192986217798e-05,5.823846909632653e-05,4.474570545659784e-05
ellipse,49,0.99,sampling_plus_direction_additive,1,0.044908254760739966,0.10654687353514011,0.7484709126789995,1.7757812255856686,0,0.0,5.048946134633071e-05,3.839192986217798e-05,5.823846909632653e-05,4.474570545659784e-05
ellipse,49,0.99,sampling_plus_direction_rss,1,0.035169103453773276,0.07706099871291071,0.5861517242295546,1.284349978548512,1,0.0,5.048946134633071e-05,3.839192986217798e-05,5.823846909632653e-05,4.474570545659784e-05
ellipse,50,0.8,sampling_only,1,0.028643689227099724,0.041528645560381806,0.4773948204516621,0.6921440926730301,1,0.0,5.219499327025842e-05,3.8347784941158015e-05,6.0954414256845786e-05,4.474727786249894e-05
ellipse,50,0.8,sampling_plus_direction_additive,1,0.03953064245369992,0.11240014740988262,0.6588440408949987,1.8733357901647103,1,0.0,5.219499327025842e-05,3.8347784941158015e-05,6.0954414256845786e-05,4.474727786249894e-05
ellipse,50,0.8,sampling_plus_direction_rss,1,0.030961773286201633,0.08727276881582463,0.5160295547700272,1.4545461469304106,1,0.0,5.219499327025842e-05,3.8347784941158015e-05,6.0954414256845786e-05,4.474727786249894e-05
ellipse,50,0.9,sampling_only,1,0.029803916306600408,0.043210784295100224,0.4967319384433401,0.7201797382516705,1,0.0,5.219499327025842e-05,3.8347784941158015e-05,6.0954414256845786e-05,4.474727786249894e-05
ellipse,50,0.9,sampling_plus_direction_additive,1,0.04113185106482568,0.1169529720733144,0.685530851080428,1.9492162012219068,1,0.0,5.219499327025842e-05,3.8347784941158015e-05,6.0954414256845786e-05,4.474727786249894e-05
ellipse,50,0.9,sampling_plus_direction_rss,1,0.03221589552971577,0.09080779633551034,0.5369315921619295,1.5134632722585057,1,0.0,5.219499327025842e-05,3.8347784941158015e-05,6.0954414256845786e-05,4.474727786249894e-05
ellipse,50,0.95,sampling_only,1,0.030924511849619953,0.04483546381014585,0.5154085308269992,0.7472577301690976,1,0.0,5.219499327025842e-05,3.8347784941158015e-05,6.0954414256845786e-05,4.474727786249894e-05
ellipse,50,0.95,sampling_plus_direction_additive,1,0.042678364902310174,0.12135027939024647,0.7113060817051696,2.022504656504108,0,0.0,5.219499327025842e-05,3.8347784941158015e-05,6.0954414256845786e-05,4.474727786249894e-05
ellipse,50,0.95,sampling_plus_direction_rss,1,0.03342717892528039,0.09422207286206413,0.5571196487546731,1.5703678810344022,1,0.0,5.219499327025842e-05,3.8347784941158015e-05,6.0954414256845786e-05,4.474727786249894e-05
ellipse,50,0.99,sampling_only,1,0.03339327022060736,0.04841475803269188,0.5565545036767894,0.806912633878198,1,0.0,5.219499327025842e-05,3.8347784941158015e-05,6.0954414256845786e-05,4.474727786249894e-05
ellipse,50,0.99,sampling_plus_direction_additive,1,0.04608545411118733,0.13103788640966055,0.7680909018531221,2.1839647734943424,0,0.0,5.219499327025842e-05,3.8347784941158015e-05,6.0954414256845786e-05,4.474727786249894e-05
ellipse,50,0.99,sampling_plus_direction_rss,1,0.036095729626794346,0.10174398726579514,0.6015954937799057,1.6957331210965858,1,0.0,5.219499327025842e-05,3.8347784941158015e-05,6.0954414256845786e-05,4.474727786249894e-05
ellipse,51,0.8,sampling_only,1,0.028684807820829807,0.04488258025592313,0.47808013034716346,0.7480430042653855,1,0.0,5.2587725021994565e-05,3.700707062259778e-05,5.970634197939621e-05,4.360694751904983e-05
ellipse,51,0.8,sampling_plus_direction_additive,1,0.03897400668388586,0.08744259280985348,0.6495667780647644,1.4573765468308912,1,0.0,5.2587725021994565e-05,3.700707062259778e-05,5.970634197939621e-05,4.360694751904983e-05
ellipse,51,0.8,sampling_plus_direction_rss,1,0.030671574878073146,0.06300084420043556,0.5111929146345524,1.0500140700072593,1,0.0,5.2587725021994565e-05,3.700707062259778e-05,5.970634197939621e-05,4.360694751904983e-05
ellipse,51,0.9,sampling_only,1,0.02984670042970901,0.04670057180714823,0.49744500716181683,0.7783428634524706,1,0.0,5.2587725021994565e-05,3.700707062259778e-05,5.970634197939621e-05,4.360694751904983e-05
ellipse,51,0.9,sampling_plus_direction_additive,1,0.04055266848239832,0.09098449913607347,0.6758778080399721,1.5164083189345579,1,0.0,5.2587725021994565e-05,3.700707062259778e-05,5.970634197939621e-05,4.360694751904983e-05
ellipse,51,0.9,sampling_plus_direction_rss,1,0.031913942488695224,0.06555272517125665,0.5318990414782537,1.0925454195209443,1,0.0,5.2587725021994565e-05,3.700707062259778e-05,5.970634197939621e-05,4.360694751904983e-05
ellipse,51,0.95,sampling_only,1,0.03096890461023693,0.0484564636196603,0.5161484101706155,0.8076077269943384,1,0.0,5.2587725021994565e-05,3.700707062259778e-05,5.970634197939621e-05,4.360694751904983e-05
ellipse,51,0.95,sampling_plus_direction_additive,1,0.04207740567100937,0.0944054194999241,0.7012900945168229,1.5734236583320684,1,0.0,5.2587725021994565e-05,3.700707062259778e-05,5.970634197939621e-05,4.360694751904983e-05
ellipse,51,0.95,sampling_plus_direction_rss,1,0.033113872771182766,0.06801743789236395,0.5518978795197128,1.1336239648727324,1,0.0,5.2587725021994565e-05,3.700707062259778e-05,5.970634197939621e-05,4.360694751904983e-05
ellipse,51,0.99,sampling_only,1,0.03344120693366949,0.052324828649032734,0.5573534488944916,0.872080477483879,1,0.0,5.2587725021994565e-05,3.700707062259778e-05,5.970634197939621e-05,4.360694751904983e-05
ellipse,51,0.99,sampling_plus_direction_additive,1,0.04543651924359803,0.10194197078941132,0.757275320726634,1.6990328464901887,1,0.0,5.2587725021994565e-05,3.700707062259778e-05,5.970634197939621e-05,4.360694751904983e-05
ellipse,51,0.99,sampling_plus_direction_rss,1,0.03575741168934597,0.07344739002827627,0.5959568614890995,1.224123167137938,1,0.0,5.2587725021994565e-05,3.700707062259778e-05,5.970634197939621e-05,4.360694751904983e-05
ellipse,52,0.8,sampling_only,1,0.028358892165524844,0.038875503162664575,0.4726482027587474,0.6479250527110763,1,0.0,5.109753757546422e-05,3.819948095733465e-05,5.849573218165133e-05,4.462983253349399e-05
ellipse,52,0.8,sampling_plus_direction_additive,1,0.03866099948506403,0.11332937141822577,0.6443499914177339,1.8888228569704295,0,0.0,5.109753757546422e-05,3.819948095733465e-05,5.849573218165133e-05,4.462983253349399e-05
ellipse,52,0.8,sampling_plus_direction_rss,1,0.030383899010807642,0.08736216230633949,0.506398316846794,1.4560360384389914,1,0.0,5.109753757546422e-05,3.819948095733465e-05,5.849573218165133e-05,4.462983253349399e-05
ellipse,52,0.9,sampling_only,1,0.02950758339639997,0.040450175026366574,0.49179305660666617,0.6741695837727762,1,0.0,5.109753757546422e-05,3.819948095733465e-05,5.849573218165133e-05,4.462983253349399e-05
ellipse,52,0.9,sampling_plus_direction_additive,1,0.04022698276911306,0.11791983476879922,0.670449712818551,1.9653305794799871,0,0.0,5.109753757546422e-05,3.819948095733465e-05,5.849573218165133e-05,4.462983253349399e-05
ellipse,52,0.9,sampling_plus_direction_rss,1,0.031614614165327654,0.09090081075444698,0.5269102360887943,1.5150135125741164,1,0.0,5.109753757546422e-05,3.819948095733465e-05,5.849573218165133e-05,4.462983253349399e-05
ellipse,52,0.95,sampling_only,1,0.030617037137281686,0.04197105857007953,0.5102839522880281,0.6995176428346589,1,0.0,5.109753757546422e-05,3.819948095733465e-05,5.849573218165133e-05,4.462983253349399e-05
ellipse,52,0.95,sampling_plus_direction_additive,1,0.04173947452142042,0.12235349509438044,0.6956579086903404,2.039224918239674,0,0.0,5.109753757546422e-05,3.819948095733465e-05,5.849573218165133e-05,4.462983253349399e-05
ellipse,52,0.95,sampling_plus_direction_rss,1,0.032803290021329264,0.09431858452418936,0.5467215003554877,1.5719764087364894,1,0.0,5.109753757546422e-05,3.819948095733465e-05,5.849573218165133e-05,4.462983253349399e-05
ellipse,52,0.99,sampling_only,1,0.03306124925920805,0.045321682265869905,0.5510208209868008,0.7553613710978317,1,0.0,5.109753757546422e-05,3.819948095733465e-05,5.849573218165133e-05,4.462983253349399e-05
ellipse,52,0.99,sampling_plus_direction_additive,1,0.04507161045379858,0.1321211905943995,0.7511935075633097,2.2020198432399916,0,0.0,5.109753757546422e-05,3.819948095733465e-05,5.849573218165133e-05,4.462983253349399e-05
ellipse,52,0.99,sampling_plus_direction_rss,1,0.03542203457031007,0.10184820362427671,0.5903672428385012,1.697470060404612,1,0.0,5.109753757546422e-05,3.819948095733465e-05,5.849573218165133e-05,4.462983253349399e-05
ellipse,53,0.8,sampling_only,1,0.028083272840263438,0.04220226524920277,0.468054547337724,0.7033710874867128,1,0.0,5.0253934896409056e-05,3.863380029803589e-05,5.806970670814941e-05,4.4805534678859234e-05
ellipse,53,0.8,sampling_plus_direction_additive,1,0.038295903331209004,0.07476317842820895,0.6382650555201501,1.2460529738034827,1,0.0,5.0253934896409056e-05,3.863380029803589e-05,5.806970670814941e-05,4.4805534678859234e-05
ellipse,53,0.8,sampling_plus_direction_rss,1,0.030015958734802752,0.0529583412308151,0.5002659789133792,0.8826390205135851,1,0.0,5.0253934896409056e-05,3.863380029803589e-05,5.806970670814941e-05,4.4805534678859234e-05
ellipse,53,0.9,sampling_only,1,0.029220799971351463,0.04391168928917843,0.48701333285585774,0.7318614881529738,1,0.0,5.0253934896409056e-05,3.863380029803589e-05,5.806970670814941e-05,4.4805534678859234e-05
ellipse,53,0.9,sampling_plus_direction_additive,1,0.039847098211398264,0.07779149867963393,0.6641183035233045,1.296524977993899,1,0.0,5.0253934896409056e-05,3.863380029803589e-05,5.806970670814941e-05,4.4805534678859234e-05
ellipse,53,0.9,sampling_plus_direction_rss,1,0.031231770282860782,0.05510344555359548,0.5205295047143464,0.9183907592265914,1,0.0,5.0253934896409056e-05,3.863380029803589e-05,5.806970670814941e-05,4.4805534678859234e-05
ellipse,53,0.95,sampling_only,1,0.030319470960576807,0.045562722086268076,0.5053245160096135,0.7593787014378013,1,0.0,5.0253934896409056e-05,3.863380029803589e-05,5.806970670814941e-05,4.4805534678859234e-05
ellipse,53,0.95,sampling_plus_direction_additive,1,0.04134530670851668,0.08071637626311792,0.6890884451419447,1.345272937718632,1,0.0,5.0253934896409056e-05,3.863380029803589e-05,5.806970670814941e-05,4.4805534678859234e-05
ellipse,53,0.95,sampling_plus_direction_rss,1,0.03240605161621137,0.057175276478671065,0.5401008602701896,0.9529212746445178,1,0.0,5.0253934896409056e-05,3.863380029803589e-05,5.806970670814941e-05,4.4805534678859234e-05
ellipse,53,0.99,sampling_only,1,0.03273992784933296,0.04920007462080225,0.5456654641555494,0.8200012436800376,1,0.0,5.0253934896409056e-05,3.863380029803589e-05,5.806970670814941e-05,4.4805534678859234e-05
ellipse,53,0.99,sampling_plus_direction_additive,1,0.04464597552857913,0.0871601070661893,0.7440995921429855,1.4526684511031551,1,0.0,5.0253934896409056e-05,3.863380029803589e-05,5.806970670814941e-05,4.4805534678859234e-05
ellipse,53,0.99,sampling_plus_direction_rss,1,0.03499308392207961,0.061739679729614326,0.5832180653679935,1.0289946621602388,1,0.0,5.0253934896409056e-05,3.863380029803589e-05,5.806970670814941e-05,4.4805534678859234e-05
ellipse,54,0.8,sampling_only,1,0.028831780467781114,0.040587767827109336,0.4805296744630186,0.676462797118489,1,0.0,5.2895229302163514e-05,3.779646706024043e-05,6.273738009889824e-05,4.427650188437004e-05
ellipse,54,0.8,sampling_plus_direction_additive,1,0.03977390112914077,0.10763758230042365,0.6628983521523462,1.793959705007061,1,0.0,5.2895229302163514e-05,3.779646706024043e-05,6.273738009889824e-05,4.427650188437004e-05
ellipse,54,0.8,sampling_plus_direction_rss,1,0.031163517759598004,0.08268086649543636,0.5193919626599668,1.3780144415906062,1,0.0,5.2895229302163514e-05,3.779646706024043e-05,6.273738009889824e-05,4.427650188437004e-05
ellipse,54,0.9,sampling_only,1,0.029999626277855414,0.04223179583467989,0.49999377129759026,0.7038632639113316,1,0.0,5.2895229302163514e-05,3.779646706024043e-05,6.273738009889824e-05,4.427650188437004e-05
ellipse,54,0.9,sampling_plus_direction_additive,1,0.04138496305561052,0.11199749686194539,0.6897493842601754,1.86662494769909,1,0.0,5.2895229302163514e-05,3.779646706024043e-05,6.273738009889824e-05,4.427650188437004e-05
ellipse,54,0.9,sampling_plus_direction_rss,1,0.032425811764763314,0.08602989669556256,0.5404301960793886,1.4338316115927094,1,0.0,5.2895229302163514e-05,3.779646706024043e-05,6.273738009889824e-05,4.427650188437004e-05
ellipse,54,0.95,sampling_only,1,0.03112758030756699,0.043819666425216106,0.5187930051261166,0.7303277737536018,1,0.0,5.2895229302163514e-05,3.779646706024043e-05,6.273738009889824e-05,4.427650188437004e-05
ellipse,54,0.95,sampling_plus_direction_additive,1,0.042940993634648046,0.1162084835833464,0.7156832272441341,1.93680805972244,1,0.0,5.2895229302163514e-05,3.779646706024043e-05,6.273738009889824e-05,4.427650188437004e-05
ellipse,54,0.95,sampling_plus_direction_rss,1,0.03364498778742371,0.08926452927913779,0.5607497964570619,1.4877421546522966,1,0.0,5.2895229302163514e-05,3.779646706024043e-05,6.273738009889824e-05,4.427650188437004e-05
ellipse,54,0.99,sampling_only,1,0.03361254999202245,0.04731786774936919,0.5602091665337074,0.7886311291561532,1,0.0,5.2895229302163514e-05,3.779646706024043e-05,6.273738009889824e-05,4.427650188437004e-05
ellipse,54,0.99,sampling_plus_direction_additive,1,0.046369048958837665,0.12548561196685118,0.7728174826472944,2.0914268661141864,0,0.0,5.2895229302163514e-05,3.779646706024043e-05,6.273738009889824e-05,4.427650188437004e-05
ellipse,54,0.99,sampling_plus_direction_rss,1,0.03633092655489345,0.0963906742272538,0.6055154425815575,1.6065112371208967,1,0.0,5.2895229302163514e-05,3.779646706024043e-05,6.273738009889824e-05,4.427650188437004e-05
ellipse,55,0.8,sampling_only,1,0.028637789145912366,0.04312231787736527,0.4772964857652061,0.7187052979560878,1,0.0,5.220965469678126e-05,3.7447104860389424e-05,6.244623903039155e-05,4.411274894925236e-05
ellipse,55,0.8,sampling_plus_direction_additive,1,0.03862249545041456,0.09213569443164243,0.6437082575069093,1.5355949071940407,1,0.0,5.220965469678126e-05,3.7447104860389424e-05,6.244623903039155e-05,4.411274894925236e-05
ellipse,55,0.8,sampling_plus_direction_rss,1,0.030458256273865572,0.0667151113255158,0.5076376045644262,1.11191852209193,1,0.0,5.220965469678126e-05,3.7447104860389424e-05,6.244623903039155e-05,4.411274894925236e-05
ellipse,55,0.9,sampling_only,1,0.029797777239648666,0.044869009113102494,0.4966296206608111,0.7478168185517082,1,0.0,5.220965469678126e-05,3.7447104860389424e-05,6.244623903039155e-05,4.411274894925236e-05
ellipse,55,0.9,sampling_plus_direction_additive,1,0.04018691910911938,0.09586769720616828,0.6697819851519897,1.597794953436138,1,0.0,5.220965469678126e-05,3.7447104860389424e-05,6.244623903039155e-05,4.411274894925236e-05
ellipse,55,0.9,sampling_plus_direction_rss,1,0.03169198330683019,0.0694174405596472,0.5281997217805032,1.1569573426607866,1,0.0,5.220965469678126e-05,3.7447104860389424e-05,6.244623903039155e-05,4.411274894925236e-05
ellipse,55,0.95,sampling_only,1,0.03091814196028253,0.046556036117023816,0.5153023660047089,0.7759339352837303,1,0.0,5.220965469678126e-05,3.7447104860389424e-05,6.244623903039155e-05,4.411274894925236e-05
ellipse,55,0.95,sampling_plus_direction_additive,1,0.04169790451043703,0.0994722206219379,0.6949650751739505,1.657870343698965,1,0.0,5.220965469678126e-05,3.7447104860389424e-05,6.244623903039155e-05,4.411274894925236e-05
ellipse,55,0.95,sampling_plus_direction_rss,1,0.032883568160234806,0.07202746246746398,0.5480594693372468,1.2004577077910665,1,0.0,5.220965469678126e-05,3.7447104860389424e-05,6.244623903039155e-05,4.411274894925236e-05
ellipse,55,0.99,sampling_only,1,0.03338639181175958,0.050272686664098086,0.5564398635293263,0.8378781110683015,1,0.0,5.220965469678126e-05,3.7447104860389424e-05,6.244623903039155e-05,4.411274894925236e-05
ellipse,55,0.99,sampling_plus_direction_additive,1,0.04502672183545619,0.10741326358925427,0.7504453639242699,1.7902210598209045,0,0.0,5.220965469678126e-05,3.7447104860389424e-05,6.244623903039155e-05,4.411274894925236e-05
ellipse,55,0.99,sampling_plus_direction_rss,1,0.035508721454756816,0.07777754194397216,0.5918120242459469,1.2962923657328693,1,0.0,5.220965469678126e-05,3.7447104860389424e-05,6.244623903039155e-05,4.411274894925236e-05
ellipse,56,0.8,sampling_only,1,0.02823316849801823,0.040864804613402236,0.4705528083003039,0.6810800768900372,1,0.0,5.073006555807463e-05,3.7982983750381554e-05,5.8934946849957186e-05,4.434269601292499e-05
ellipse,56,0.8,sampling_plus_direction_additive,1,0.03866174312426178,0.3489759618908135,0.644362385404363,5.816266031513559,0,0.0,5.073006555807463e-05,3.7982983750381554e-05,5.8934946849957186e-05,4.434269601292499e-05
ellipse,56,0.8,sampling_plus_direction_rss,1,0.030369991160244802,0.31489271557288445,0.5061665193374134,5.248211926214741,0,0.0,5.073006555807463e-05,3.7982983750381554e-05,5.8934946849957186e-05,4.434269601292499e-05
ellipse,56,0.9,sampling_only,1,0.029376767228328268,0.04252005413573391,0.48961278713880446,0.7086675689288986,1,0.0,5.073006555807463e-05,3.7982983750381554e-05,5.8934946849957186e-05,4.434269601292499e-05
ellipse,56,0.9,sampling_plus_direction_additive,1,0.04022775652979159,0.36311140924434276,0.6704626088298599,6.051856820739046,0,0.0,5.073006555807463e-05,3.7982983750381554e-05,5.8934946849957186e-05,4.434269601292499e-05
ellipse,56,0.9,sampling_plus_direction_rss,1,0.031600142970262896,0.32764760384333513,0.5266690495043816,5.460793397388919,0,0.0,5.073006555807463e-05,3.7982983750381554e-05,5.8934946849957186e-05,4.434269601292499e-05
ellipse,56,0.95,sampling_only,1,0.030481302420473366,0.0441187629316951,0.5080217070078895,0.7353127155282517,1,0.0,5.073006555807463e-05,3.7982983750381554e-05,5.8934946849957186e-05,4.434269601292499e-05
ellipse,56,0.95,sampling_plus_direction_additive,1,0.04174027737467722,0.37676401189672115,0.6956712895779537,6.279400198278686,0,0.0,5.073006555807463e-05,3.7982983750381554e-05,5.8934946849957186e-05,4.434269601292499e-05
ellipse,56,0.95,sampling_plus_direction_rss,1,0.03278827472472682,0.3399668051446273,0.5464712454121137,5.666113419077122,0,0.0,5.073006555807463e-05,3.7982983750381554e-05,5.8934946849957186e-05,4.434269601292499e-05
ellipse,56,0.99,sampling_only,1,0.03291467860034885,0.047640841657945715,0.5485779766724809,0.7940140276324286,1,0.0,5.073006555807463e-05,3.7982983750381554e-05,5.8934946849957186e-05,4.434269601292499e-05
ellipse,56,0.99,sampling_plus_direction_additive,1,0.04507247740024811,0.4068417480556595,0.7512079566708019,6.780695800927658,0,0.0,5.073006555807463e-05,3.7982983750381554e-05,5.8934946849957186e-05,4.434269601292499e-05
ellipse,56,0.99,sampling_plus_direction_rss,1,0.03540582057607384,0.36710695533163695,0.5900970096012307,6.118449255527283,0,0.0,5.073006555807463e-05,3.7982983750381554e-05,5.8934946849957186e-05,4.434269601292499e-05
ellipse,57,0.8,sampling_only,1,0.028237999532668225,0.04367605747371776,0.47063332554447046,0.7279342912286293,1,0.0,5.0749668542051435e-05,3.856690452291809e-05,5.953978635719502e-05,4.481139385241196e-05
ellipse,57,0.8,sampling_plus_direction_additive,1,0.039168372695076226,0.14371556614648187,0.6528062115846038,2.395259435774698,0,0.0,5.0749668542051435e-05,3.856690452291809e-05,5.953978635719502e-05,4.481139385241196e-05
ellipse,57,0.8,sampling_plus_direction_rss,1,0.03060423392250686,0.11346922973217304,0.5100705653751144,1.8911538288695506,1,0.0,5.0749668542051435e-05,3.856690452291809e-05,5.953978635719502e-05,4.481139385241196e-05
ellipse,57,0.9,sampling_only,1,0.029381793946473445,0.04544517821110144,0.48969656577455745,0.7574196368516907,1,0.0,5.0749668542051435e-05,3.856690452291809e-05,5.953978635719502e-05,4.481139385241196e-05
ellipse,57,0.9,sampling_plus_direction_additive,1,0.04075490738690664,0.1495368376407685,0.679248456448444,2.4922806273461418,0,0.0,5.0749668542051435e-05,3.856690452291809e-05,5.953978635719502e-05,4.481139385241196e-05
ellipse,57,0.9,sampling_plus_direction_rss,1,0.03184387385375818,0.11806535811429492,0.5307312308959696,1.967755968571582,1,0.0,5.0749668542051435e-05,3.856690452291809e-05,5.953978635719502e-05,4.481139385241196e-05
ellipse,57,0.95,sampling_only,1,0.030486518137872586,0.04715386856008793,0.5081086356312098,0.7858978093347988,1,0.0,5.0749668542051435e-05,3.856690452291809e-05,5.953978635719502e-05,4.481139385241196e-05
ellipse,57,0.95,sampling_plus_direction_additive,1,0.04228724854315353,0.15515926363517957,0.7047874757192255,2.5859877272529928,0,0.0,5.0749668542051435e-05,3.856690452291809e-05,5.953978635719502e-05,4.481139385241196e-05
ellipse,57,0.95,sampling_plus_direction_rss,1,0.03304116963012215,0.12250448996283607,0.5506861605020359,2.0417414993806013,1,0.0,5.0749668542051435e-05,3.856690452291809e-05,5.953978635719502e-05,4.481139385241196e-05
ellipse,57,0.99,sampling_only,1,0.03292031069767519,0.05091824512642612,0.5486718449612532,0.8486374187737687,1,0.0,5.0749668542051435e-05,3.856690452291809e-05,5.953978635719502e-05,4.481139385241196e-05
ellipse,57,0.99,sampling_plus_direction_additive,1,0.045663114242654256,0.16754590154876398,0.7610519040442376,2.7924316924793997,0,0.0,5.0749668542051435e-05,3.856690452291809e-05,5.953978635719502e-05,4.481139385241196e-05
ellipse,57,0.99,sampling_plus_direction_rss,1,0.035678904528194,0.13228423964975028,0.5946484088032333,2.204737327495838,0,0.0,5.0749668542051435e-05,3.856690452291809e-05,5.953978635719502e-05,4.481139385241196e-05
ellipse,58,0.8,sampling_only,1,0.028341020577938057,0.03939883314190123,0.4723503429656343,0.6566472190316872,1,0.0,5.1061039795182846e-05,3.813974201501608e-05,5.970218896549434e-05,4.4602798228866344e-05
ellipse,58,0.8,sampling_plus_direction_additive,1,0.03925409376796165,0.17168447830201836,0.6542348961326941,2.8614079717003063,0,0.0,5.1061039795182846e-05,3.813974201501608e-05,5.970218896549434e-05,4.4602798228866344e-05
ellipse,58,0.8,sampling_plus_direction_rss,1,0.03073494176956831,0.14147080561078507,0.5122490294928052,2.357846760179751,0,0.0,5.1061039795182846e-05,3.813974201501608e-05,5.970218896549434e-05,4.4602798228866344e-05
ellipse,58,0.9,sampling_only,1,0.02948898791114388,0.04099470275037036,0.491483131852398,0.683245045839506,1,0.0,5.1061039795182846e-05,3.813974201501608e-05,5.970218896549434e-05,4.4602798228866344e-05
ellipse,58,0.9,sampling_plus_direction_additive,1,0.040844100635085444,0.1786386446901767,0.6807350105847574,2.9773107448362786,0,0.0,5.1061039795182846e-05,3.813974201501608e-05,5.970218896549434e-05,4.4602798228866344e-05
ellipse,58,0.9,sampling_plus_direction_rss,1,0.03197987608809152,0.1472011519473568,0.5329979348015254,2.4533525324559466,0,0.0,5.1061039795182846e-05,3.813974201501608e-05,5.970218896549434e-05,4.4602798228866344e-05
ellipse,58,0.95,sampling_only,1,0.03059774248156477,0.042536059957151345,0.5099623746927462,0.7089343326191891,1,0.0,5.1061039795182846e-05,3.813974201501608e-05,5.970218896549434e-05,4.4602798228866344e-05
ellipse,58,0.95,sampling_plus_direction_additive,1,0.04237979536256601,0.1853552676665515,0.7063299227094335,3.0892544611091917,0,0.0,5.1061039795182846e-05,3.813974201501608e-05,5.970218896549434e-05,4.4602798228866344e-05
ellipse,58,0.95,sampling_plus_direction_rss,1,0.03318228540376579,0.15273575864476657,0.5530380900627632,2.545595977412776,0,0.0,5.1061039795182846e-05,3.813974201501608e-05,5.970218896549434e-05,4.4602798228866344e-05
ellipse,58,0.99,sampling_only,1,0.03304041427706503,0.045931788711050185,0.5506735712844172,0.7655298118508365,1,0.0,5.1061039795182846e-05,3.813974201501608e-05,5.970218896549434e-05,4.4602798228866344e-05
ellipse,58,0.99,sampling_plus_direction_additive,1,0.045763049238030304,0.20015250588598146,0.7627174873005051,3.335875098099691,0,0.0,5.1061039795182846e-05,3.813974201501608e-05,5.970218896549434e-05,4.4602798228866344e-05
ellipse,58,0.99,sampling_plus_direction_rss,1,0.035831285823154695,0.16492892387683197,0.5971880970525782,2.7488153979471996,0,0.0,5.1061039795182846e-05,3.813974201501608e-05,5.970218896549434e-05,4.4602798228866344e-05
ellipse,59,0.8,sampling_only,1,0.028397204305272282,0.04127271198663163,0.4732867384212047,0.6878785331105272,1,0.0,5.125408295991873e-05,3.787667795689409e-05,5.968003800285956e-05,4.437683198966197e-05
ellipse,59,0.8,sampling_plus_direction_additive,1,0.03882368192564103,0.1264775536495112,0.6470613654273505,2.107959227491853,1,0.0,5.125408295991873e-05,3.787667795689409e-05,5.968003800285956e-05,4.437683198966197e-05
ellipse,59,0.8,sampling_plus_direction_rss,1,0.030518099993128947,0.1004205474394465,0.5086349998854824,1.6736757906574418,1,0.0,5.125408295991873e-05,3.787667795689409e-05,5.968003800285956e-05,4.437683198966197e-05
ellipse,59,0.9,sampling_only,1,0.029547447388691823,0.04294448400285704,0.49245745647819705,0.7157414000476173,1,0.0,5.125408295991873e-05,3.787667795689409e-05,5.968003800285956e-05,4.437683198966197e-05
ellipse,59,0.9,sampling_plus_direction_additive,1,0.04039625474399971,0.13160059075306738,0.6732709123999951,2.1933431792177895,0,0.0,5.125408295991873e-05,3.787667795689409e-05,5.968003800285956e-05,4.437683198966197e-05
ellipse,59,0.9,sampling_plus_direction_rss,1,0.03175425102612642,0.10448813236378296,0.529237517102107,1.741468872729716,1,0.0,5.125408295991873e-05,3.787667795689409e-05,5.968003800285956e-05,4.437683198966197e-05
ellipse,59,0.95,sampling_only,1,0.030658399973270103,0.04455915091024659,0.5109733328878351,0.7426525151707766,1,0.0,5.125408295991873e-05,3.787667795689409e-05,5.968003800285956e-05,4.437683198966197e-05
ellipse,59,0.95,sampling_plus_direction_additive,1,0.04191511094246457,0.1365486329479103,0.6985851823744095,2.2758105491318386,0,0.0,5.125408295991873e-05,3.787667795689409e-05,5.968003800285956e-05,4.437683198966197e-05
ellipse,59,0.95,sampling_plus_direction_rss,1,0.032948177079526346,0.10841677496969984,0.5491362846587724,1.8069462494949975,1,0.0,5.125408295991873e-05,3.787667795689409e-05,5.968003800285956e-05,4.437683198966197e-05
ellipse,59,0.99,sampling_only,1,0.03310591416340989,0.04811638658622751,0.5517652360568315,0.8019397764371252,1,0.0,5.125408295991873e-05,3.787667795689409e-05,5.968003800285956e-05,4.437683198966197e-05
ellipse,59,0.99,sampling_plus_direction_additive,1,0.04526126824037992,0.14744955136099056,0.7543544706729987,2.457492522683176,0,0.0,5.125408295991873e-05,3.787667795689409e-05,5.968003800285956e-05,4.437683198966197e-05
ellipse,59,0.99,sampling_plus_direction_rss,1,0.03557848821812742,0.11707187750012812,0.592974803635457,1.9511979583354688,1,0.0,5.125408295991873e-05,3.787667795689409e-05,5.968003800285956e-05,4.437683198966197e-05
ellipse,60,0.8,sampling_only,1,0.028809171738429725,0.04250746350672591,0.4801528623071621,0.7084577251120985,1,0.0,5.295425268438642e-05,3.6722807452308126e-05,6.20526303313731e-05,4.36093607865721e-05
ellipse,60,0.8,sampling_plus_direction_additive,1,0.0388907278134058,0.0869241113629864,0.6481787968900967,1.4487351893831069,1,0.0,5.295425268438642e-05,3.6722807452308126e-05,6.20526303313731e-05,4.36093607865721e-05
ellipse,60,0.8,sampling_plus_direction_rss,1,0.03066133144343266,0.06554486235601278,0.5110221907238777,1.0924143726002131,1,0.0,5.295425268438642e-05,3.6722807452308126e-05,6.20526303313731e-05,4.36093607865721e-05
ellipse,60,0.9,sampling_only,1,0.029976101770518206,0.04422924975605899,0.4996016961753035,0.7371541626009832,1,0.0,5.295425268438642e-05,3.6722807452308126e-05,6.20526303313731e-05,4.36093607865721e-05
ellipse,60,0.9,sampling_plus_direction_additive,1,0.04046601635926512,0.09044501633668842,0.674433605987752,1.507416938944807,1,0.0,5.295425268438642e-05,3.6722807452308126e-05,6.20526303313731e-05,4.36093607865721e-05
ellipse,60,0.9,sampling_plus_direction_rss,1,0.03190328413856803,0.06819979006538213,0.5317214023094672,1.1366631677563688,1,0.0,5.295425268438642e-05,3.6722807452308126e-05,6.20526303313731e-05,4.36093607865721e-05
ellipse,60,0.95,sampling_only,1,0.031103171303783,0.04589222248883242,0.5183861883963834,0.7648703748138738,1,0.0,5.295425268438642e-05,3.6722807452308126e-05,6.20526303313731e-05,4.36093607865721e-05
ellipse,60,0.95,sampling_plus_direction_additive,1,0.041987495520240545,0.0938456527212691,0.6997915920040091,1.5640942120211518,0,0.0,5.295425268438642e-05,3.6722807452308126e-05,6.20526303313731e-05,4.36093607865721e-05
ellipse,60,0.95,sampling_plus_direction_rss,1,0.03310281367843081,0.07076402961014325,0.5517135613071802,1.1794004935023874,1,0.0,5.295425268438642e-05,3.6722807452308126e-05,6.20526303313731e-05,4.36093607865721e-05
ellipse,60,0.99,sampling_only,1,0.033586192374377946,0.049555879622159626,0.5597698729062991,0.8259313270359938,1,0.0,5.295425268438642e-05,3.6722807452308126e-05,6.20526303313731e-05,4.36093607865721e-05
ellipse,60,0.99,sampling_plus_direction_additive,1,0.04533943140677788,0.10133751684067824,0.7556571901129647,1.688958614011304,0,0.0,5.295425268438642e-05,3.6722807452308126e-05,6.20526303313731e-05,4.36093607865721e-05
ellipse,60,0.99,sampling_plus_direction_rss,1,0.03574546972969738,0.07641324701135468,0.5957578288282896,1.2735541168559115,1,0.0,5.295425268438642e-05,3.6722807452308126e-05,6.20526303313731e-05,4.36093607865721e-05
ellipse,61,0.8,sampling_only,1,0.02858573615128536,0.041432533796516756,0.476428935854756,0.6905422299419459,1,0.0,5.1989980850386236e-05,3.803168225087026e-05,6.062307074904902e-05,4.4487926520539255e-05
ellipse,61,0.8,sampling_plus_direction_additive,1,0.03902175993526594,0.10134197690721802,0.6503626655877657,1.6890329484536337,1,0.0,5.1989980850386236e-05,3.803168225087026e-05,6.062307074904902e-05,4.4487926520539255e-05
ellipse,61,0.8,sampling_plus_direction_rss,1,0.03061402587447065,0.0728433137729954,0.5102337645745109,1.2140552295499234,1,0.0,5.1989980850386236e-05,3.803168225087026e-05,6.062307074904902e-05,4.4487926520539255e-05
ellipse,61,0.9,sampling_only,1,0.02974361581221971,0.043110779475762785,0.4957269302036618,0.7185129912627131,1,0.0,5.1989980850386236e-05,3.803168225087026e-05,6.062307074904902e-05,4.4487926520539255e-05
ellipse,61,0.9,sampling_plus_direction_additive,1,0.04060235600331142,0.10544688479689886,0.6767059333885237,1.7574480799483143,0,0.0,5.1989980850386236e-05,3.803168225087026e-05,6.062307074904902e-05,4.4487926520539255e-05
ellipse,61,0.9,sampling_plus_direction_rss,1,0.03185406243367515,0.07579386893821606,0.5309010405612524,1.2632311489702677,1,0.0,5.1989980850386236e-05,3.803168225087026e-05,6.062307074904902e-05,4.4487926520539255e-05
ellipse,61,0.95,sampling_only,1,0.030861944120807717,0.04473169891600223,0.5143657353467953,0.7455283152667039,1,0.0,5.1989980850386236e-05,3.803168225087026e-05,6.062307074904902e-05,4.4487926520539255e-05
ellipse,61,0.95,sampling_plus_direction_additive,1,0.042128961389843365,0.10941157547422878,0.7021493564973894,1.823526257903813,0,0.0,5.1989980850386236e-05,3.803168225087026e-05,6.062307074904902e-05,4.4487926520539255e-05
ellipse,61,0.95,sampling_plus_direction_rss,1,0.033051741289803774,0.07864363776881644,0.550862354830063,1.3107272961469407,1,0.0,5.1989980850386236e-05,3.803168225087026e-05,6.062307074904902e-05,4.4487926520539255e-05
ellipse,61,0.99,sampling_only,1,0.03332570759955527,0.04830270940387599,0.5554284599925878,0.8050451567312665,1,0.0,5.1989980850386236e-05,3.803168225087026e-05,6.062307074904902e-05,4.4487926520539255e-05
ellipse,61,0.99,sampling_plus_direction_additive,1,0.04549219074647618,0.1181460946850225,0.7582031791079363,1.9691015780837084,0,0.0,5.1989980850386236e-05,3.803168225087026e-05,6.062307074904902e-05,4.4487926520539255e-05
ellipse,61,0.99,sampling_plus_direction_rss,1,0.03569032014212981,0.08492189819895007,0.5948386690354969,1.4153649699825013,1,0.0,5.1989980850386236e-05,3.803168225087026e-05,6.062307074904902e-05,4.4487926520539255e-05
ellipse,62,0.8,sampling_only,1,0.028441556369418843,0.03871095564866056,0.4740259394903141,0.6451825941443428,1,0.0,5.156801120222218e-05,3.792206852288015e-05,5.8864987406061155e-05,4.444163399870608e-05
ellipse,62,0.8,sampling_plus_direction_additive,1,0.0386947722820619,0.09273899999947666,0.6449128713676983,1.5456499999912776,1,0.0,5.156801120222218e-05,3.792206852288015e-05,5.8864987406061155e-05,4.444163399870608e-05
ellipse,62,0.8,sampling_plus_direction_rss,1,0.03040214137526711,0.06727274983607277,0.5067023562544518,1.1212124972678796,1,0.0,5.156801120222218e-05,3.792206852288015e-05,5.8864987406061155e-05,4.444163399870608e-05
ellipse,62,0.9,sampling_only,1,0.029593595955567015,0.040278962432313055,0.4932265992594503,0.671316040538551,1,0.0,5.156801120222218e-05,3.792206852288015e-05,5.8864987406061155e-05,4.444163399870608e-05
ellipse,62,0.9,sampling_plus_direction_additive,1,0.04026212355028771,0.09649543997032402,0.6710353925047952,1.6082573328387337,1,0.0,5.156801120222218e-05,3.792206852288015e-05,5.8864987406061155e-05,4.444163399870608e-05
ellipse,62,0.9,sampling_plus_direction_rss,1,0.031633595445960665,0.06999766649933703,0.5272265907660111,1.1666277749889506,1,0.0,5.156801120222218e-05,3.792206852288015e-05,5.8864987406061155e-05,4.444163399870608e-05
ellipse,62,0.95,sampling_only,1,0.03070628367715968,0.04179340856465257,0.511771394619328,0.6965568094108763,1,0.0,5.156801120222218e-05,3.792206852288015e-05,5.8864987406061155e-05,4.444163399870608e-05
ellipse,62,0.95,sampling_plus_direction_additive,1,0.04177593655857894,0.10012356584613409,0.696265609309649,1.6687260974355682,1,0.0,5.156801120222218e-05,3.792206852288015e-05,5.8864987406061155e-05,4.444163399870608e-05
ellipse,62,0.95,sampling_plus_direction_rss,1,0.0328229849779188,0.07262950428515025,0.54704974963198,1.2104917380858375,1,0.0,5.156801120222218e-05,3.792206852288015e-05,5.8864987406061155e-05,4.444163399870608e-05
ellipse,62,0.99,sampling_only,1,0.033157620507908506,0.04512985014690995,0.5526270084651418,0.7521641691151658,1,0.0,5.156801120222218e-05,3.792206852288015e-05,5.8864987406061155e-05,4.444163399870608e-05
ellipse,62,0.99,sampling_plus_direction_additive,1,0.0451109833197487,0.10811660685249651,0.7518497219958117,1.8019434475416085,1,0.0,5.156801120222218e-05,3.792206852288015e-05,5.8864987406061155e-05,4.444163399870608e-05
ellipse,62,0.99,sampling_plus_direction_rss,1,0.03544330181005101,0.0784276458227291,0.5907216968341835,1.3071274303788183,1,0.0,5.156801120222218e-05,3.792206852288015e-05,5.8864987406061155e-05,4.444163399870608e-05
ellipse,63,0.8,sampling_only,0,0.028262749450337098,0.041618199369767725,0.47104582417228497,0.6936366561627955,1,0.0005597558100887551,5.085354087961701e-05,3.786758163273328e-05,5.86321003067998e-05,4.428157630606657e-05
ellipse,63,0.8,sampling_plus_direction_additive,1,0.038860718653897855,0.1299643185479405,0.6476786442316309,2.1660719757990083,0,0.0,5.085354087961701e-05,3.786758163273328e-05,5.86321003067998e-05,4.428157630606657e-05
ellipse,63,0.8,sampling_plus_direction_rss,1,0.03048298203315434,0.09816429311688106,0.5080497005525724,1.6360715519480178,1,0.0,5.085354087961701e-05,3.786758163273328e-05,5.86321003067998e-05,4.428157630606657e-05
ellipse,63,0.9,sampling_only,1,0.0294075463720409,0.04330396552670463,0.4901257728673484,0.7217327587784106,1,0.0,5.085354087961701e-05,3.786758163273328e-05,5.86321003067998e-05,4.428157630606657e-05
ellipse,63,0.9,sampling_plus_direction_additive,1,0.04043479166361522,0.1352285888223685,0.6739131943935871,2.2538098137061415,0,0.0,5.085354087961701e-05,3.786758163273328e-05,5.86321003067998e-05,4.428157630606657e-05
ellipse,63,0.9,sampling_plus_direction_rss,1,0.03171771059547018,0.10214048732186827,0.528628509924503,1.7023414553644711,0,0.0,5.085354087961701e-05,3.786758163273328e-05,5.86321003067998e-05,4.428157630606657e-05
ellipse,63,0.95,sampling_only,1,0.030513238827241888,0.04493214855691769,0.5085539804540314,0.7488691426152949,1,0.0,5.085354087961701e-05,3.786758163273328e-05,5.86321003067998e-05,4.428157630606657e-05
ellipse,63,0.95,sampling_plus_direction_additive,1,0.04195509680925598,0.14031303988458035,0.6992516134875997,2.338550664743006,0,0.0,5.085354087961701e-05,3.786758163273328e-05,5.86321003067998e-05,4.428157630606657e-05
ellipse,63,0.95,sampling_plus_direction_rss,1,0.032910262767554904,0.10598086097200436,0.5485043794592485,1.7663476828667395,0,0.0,5.085354087961701e-05,3.786758163273328e-05,5.86321003067998e-05,4.428157630606657e-05
ellipse,63,0.99,sampling_only,1,0.032949164546846,0.048519161293472945,0.5491527424474334,0.8086526882245492,1,0.0,5.085354087961701e-05,3.786758163273328e-05,5.86321003067998e-05,4.428157630606657e-05
ellipse,63,0.99,sampling_plus_direction_additive,1,0.04530444624950303,0.1515144775485998,0.7550741041583838,2.5252412924766636,0,0.0,5.085354087961701e-05,3.786758163273328e-05,5.86321003067998e-05,4.428157630606657e-05
ellipse,63,0.99,sampling_plus_direction_rss,1,0.035537547139702405,0.11444150018795708,0.5922924523283735,1.9073583364659514,0,0.0,5.085354087961701e-05,3.786758163273328e-05,5.86321003067998e-05,4.428157630606657e-05
ellipse,64,0.8,sampling_only,1,0.028042127107073024,0.04084593694634205,0.46736878511788377,0.6807656157723676,1,0.0,4.987700758576309e-05,3.909047764500601e-05,5.7852913236592184e-05,4.51986430782008e-05
ellipse,64,0.8,sampling_plus_direction_additive,1,0.03900459365262048,0.14107537921243904,0.650076560877008,2.3512563202073173,0,0.0,4.987700758576309e-05,3.909047764500601e-05,5.7852913236592184e-05,4.51986430782008e-05
ellipse,64,0.8,sampling_plus_direction_rss,1,0.030498932445777893,0.1189266936155101,0.5083155407629649,1.9821115602585018,1,0.0,4.987700758576309e-05,3.909047764500601e-05,5.7852913236592184e-05,4.51986430782008e-05
ellipse,64,0.9,sampling_only,1,0.029177987609485014,0.042500422224302954,0.4862997934914169,0.7083403704050493,1,0.0,4.987700758576309e-05,3.909047764500601e-05,5.7852913236592184e-05,4.51986430782008e-05
ellipse,64,0.9,sampling_plus_direction_additive,1,0.04058449439172905,0.1467897086032999,0.6764082398621508,2.446495143388332,0,0.0,4.987700758576309e-05,3.909047764500601e-05,5.7852913236592184e-05,4.51986430782008e-05
ellipse,64,0.9,sampling_plus_direction_rss,1,0.031734307087602144,0.12374387932487228,0.5289051181267024,2.0623979887478714,0,0.0,4.987700758576309e-05,3.909047764500601e-05,5.7852913236592184e-05,4.51986430782008e-05
ellipse,64,0.95,sampling_only,1,0.030275048899454732,0.04409839288128186,0.5045841483242456,0.734973214688031,1,0.0,4.987700758576309e-05,3.909047764500601e-05,5.7852913236592184e-05,4.51986430782008e-05
ellipse,64,0.95,sampling_plus_direction_additive,1,0.0421104282006695,0.15230884546873147,0.7018404700111583,2.538480757812191,0,0.0,4.987700758576309e-05,3.909047764500601e-05,5.7852913236592184e-05,4.51986430782008e-05
ellipse,64,0.95,sampling_plus_direction_rss,1,0.03292748327013307,0.12839651752922435,0.5487913878355511,2.139941958820406,0,0.0,4.987700758576309e-05,3.909047764500601e-05,5.7852913236592184e-05,4.51986430782008e-05
ellipse,64,0.99,sampling_only,1,0.03269195949665468,0.0476188454304494,0.5448659916109114,0.7936474238408233,1,0.0,4.987700758576309e-05,3.909047764500601e-05,5.7852913236592184e-05,4.51986430782008e-05
ellipse,64,0.99,sampling_plus_direction_additive,1,0.04547217802009453,0.16446792946833808,0.7578696336682422,2.7411321578056347,0,0.0,4.987700758576309e-05,3.909047764500601e-05,5.7852913236592184e-05,4.51986430782008e-05
ellipse,64,0.99,sampling_plus_direction_rss,1,0.03555614238540016,0.1386466381777674,0.5926023730900027,2.3107773029627903,0,0.0,4.987700758576309e-05,3.909047764500601e-05,5.7852913236592184e-05,4.51986430782008e-05
ellipse,65,0.8,sampling_only,1,0.028515409168852538,0.04386548598088389,0.47525681948087567,0.7310914330147316,1,0.0,5.184072805730636e-05,3.770371434222902e-05,6.0227260513250564e-05,4.423094179138079e-05
ellipse,65,0.8,sampling_plus_direction_additive,1,0.03884666719380163,0.16763790460516642,0.6474444532300272,2.793965076752774,0,0.0,5.184072805730636e-05,3.770371434222902e-05,6.0227260513250564e-05,4.423094179138079e-05
ellipse,65,0.8,sampling_plus_direction_rss,1,0.030530834684617793,0.1410731626910457,0.5088472447436299,2.351219378184095,0,0.0,5.184072805730636e-05,3.770371434222902e-05,6.0227260513250564e-05,4.423094179138079e-05
ellipse,65,0.9,sampling_only,1,0.02967044019989179,0.045642279615494635,0.4945073366648632,0.7607046602582439,1,0.0,5.184072805730636e-05,3.770371434222902e-05,6.0227260513250564e-05,4.423094179138079e-05
ellipse,65,0.9,sampling_plus_direction_additive,1,0.040420171042040494,0.17442816248471543,0.6736695173673416,2.907136041411924,0,0.0,5.184072805730636e-05,3.770371434222902e-05,6.0227260513250564e-05,4.423094179138079e-05
ellipse,65,0.9,sampling_plus_direction_rss,1,0.031767501542717166,0.14678740230058954,0.5294583590452862,2.4464567050098256,0,0.0,5.184072805730636e-05,3.770371434222902e-05,6.0227260513250564e-05,4.423094179138079e-05
ellipse,65,0.95,sampling_only,1,0.030786017183312035,0.047358380767578735,0.5131002863885339,0.7893063461263122,1,0.0,5.184072805730636e-05,3.770371434222902e-05,6.0227260513250564e-05,4.423094179138079e-05
ellipse,65,0.95,sampling_plus_direction_additive,1,0.04193992646786576,0.18098647580994018,0.6989987744644294,3.016441263499003,0,0.0,5.184072805730636e-05,3.770371434222902e-05,6.0227260513250564e-05,4.423094179138079e-05
ellipse,65,0.95,sampling_plus_direction_rss,1,0.032961925801442915,0.152306452451493,0.5493654300240486,2.53844087419155,0,0.0,5.184072805730636e-05,3.770371434222902e-05,6.0227260513250564e-05,4.423094179138079e-05
ellipse,65,0.99,sampling_only,1,0.033243719280607965,0.051139083904459655,0.5540619880101327,0.8523180650743276,1,0.0,5.184072805730636e-05,3.770371434222902e-05,6.0227260513250564e-05,4.423094179138079e-05
ellipse,65,0.99,sampling_plus_direction_additive,1,0.045288064832979924,0.19543494566337108,0.7548010805496654,3.2572490943895183,0,0.0,5.184072805730636e-05,3.770371434222902e-05,6.0227260513250564e-05,4.423094179138079e-05
ellipse,65,0.99,sampling_plus_direction_rss,1,0.035593334524784755,0.16446534541230914,0.5932222420797459,2.7410890902051523,0,0.0,5.184072805730636e-05,3.770371434222902e-05,6.0227260513250564e-05,4.423094179138079e-05
ellipse,66,0.8,sampling_only,1,0.02829961835407384,0.04142347366643895,0.47166030590123065,0.6903912277739825,1,0.0,5.0854328691128566e-05,3.862858518198175e-05,5.931412266649698e-05,4.490108055499705e-05
ellipse,66,0.8,sampling_plus_direction_additive,1,0.03927885983533345,0.14267078363788516,0.6546476639222242,2.3778463939647527,0,0.0,5.0854328691128566e-05,3.862858518198175e-05,5.931412266649698e-05,4.490108055499705e-05
ellipse,66,0.8,sampling_plus_direction_rss,1,0.030742050845255477,0.11136999809533103,0.5123675140875913,1.856166634922184,0,0.0,5.0854328691128566e-05,3.862858518198175e-05,5.931412266649698e-05,4.490108055499705e-05
ellipse,66,0.9,sampling_only,1,0.029445908669319513,0.04310135236054641,0.49076514448865854,0.7183558726757735,1,0.0,5.0854328691128566e-05,3.862858518198175e-05,5.931412266649698e-05,4.490108055499705e-05
ellipse,66,0.9,sampling_plus_direction_additive,1,0.040869869864507684,0.14844973568969175,0.6811644977417948,2.4741622614948624,0,0.0,5.0854328691128566e-05,3.862858518198175e-05,5.931412266649698e-05,4.490108055499705e-05
ellipse,66,0.9,sampling_plus_direction_rss,1,0.031987273120475085,0.11588109604118828,0.5331212186745847,1.9313516006864713,0,0.0,5.0854328691128566e-05,3.862858518198175e-05,5.931412266649698e-05,4.490108055499705e-05
ellipse,66,0.95,sampling_only,1,0.030553043506082303,0.04472191735128378,0.5092173917680384,0.745365289188063,1,0.0,5.0854328691128566e-05,3.862858518198175e-05,5.931412266649698e-05,4.490108055499705e-05
ellipse,66,0.95,sampling_plus_direction_additive,1,0.04240653348759716,0.1540312878073729,0.7067755581266194,2.567188130122882,0,0.0,5.0854328691128566e-05,3.862858518198175e-05,5.931412266649698e-05,4.490108055499705e-05
ellipse,66,0.95,sampling_plus_direction_rss,1,0.03318996055669685,0.12023810195974326,0.5531660092782809,2.003968365995721,0,0.0,5.0854328691128566e-05,3.862858518198175e-05,5.931412266649698e-05,4.490108055499705e-05
ellipse,66,0.99,sampling_only,1,0.03299214690346415,0.04829214695957898,0.5498691150577358,0.804869115992983,1,0.0,5.0854328691128566e-05,3.862858518198175e-05,5.931412266649698e-05,4.490108055499705e-05
ellipse,66,0.99,sampling_plus_direction_additive,1,0.04579192191478264,0.16632787741944455,0.7631986985797107,2.772131290324076,0,0.0,5.0854328691128566e-05,3.862858518198175e-05,5.931412266649698e-05,4.490108055499705e-05
ellipse,66,0.99,sampling_plus_direction_rss,1,0.03583957369709293,0.1298369218915897,0.5973262282848822,2.163948698193162,0,0.0,5.0854328691128566e-05,3.862858518198175e-05,5.931412266649698e-05,4.490108055499705e-05
ellipse,67,0.8,sampling_only,1,0.028626463783948168,0.042914291750830905,0.4771077297324695,0.7152381958471817,1,0.0,5.2180117080060983e-05,3.786538117825422e-05,5.941503213663113e-05,4.431071579878459e-05
ellipse,67,0.8,sampling_plus_direction_additive,1,0.03941130731050976,0.19126817839874363,0.6568551218418294,3.187802973312394,0,0.0,5.2180117080060983e-05,3.786538117825422e-05,5.941503213663113e-05,4.431071579878459e-05
ellipse,67,0.8,sampling_plus_direction_rss,1,0.031000964600514283,0.1639235683930469,0.5166827433419048,2.7320594732174484,0,0.0,5.2180117080060983e-05,3.786538117825422e-05,5.941503213663113e-05,4.431071579878459e-05
ellipse,67,0.9,sampling_only,1,0.029785993138185803,0.04465255678338825,0.4964332189697634,0.7442092797231376,1,0.0,5.2180117080060983e-05,3.786538117825422e-05,5.941503213663113e-05,4.431071579878459e-05
ellipse,67,0.9,sampling_plus_direction_additive,1,0.04100768219147013,0.19901559243698275,0.6834613698578355,3.3169265406163793,0,0.0,5.2180117080060983e-05,3.786538117825422e-05,5.941503213663113e-05,4.431071579878459e-05
ellipse,67,0.9,sampling_plus_direction_rss,1,0.03225667430798204,0.17056337521088022,0.5376112384663674,2.842722920181337,0,0.0,5.2180117080060983e-05,3.786538117825422e-05,5.941503213663113e-05,4.431071579878459e-05
ellipse,67,0.95,sampling_only,1,0.03090591478914245,0.04633144541000846,0.5150985798190408,0.7721907568334743,1,0.0,5.2180117080060983e-05,3.786538117825422e-05,5.941503213663113e-05,4.431071579878459e-05
ellipse,67,0.95,sampling_plus_direction_additive,1,0.042549527411426896,0.20649836696842536,0.7091587901904483,3.441639449473756,0,0.0,5.2180117080060983e-05,3.786538117825422e-05,5.941503213663113e-05,4.431071579878459e-05
ellipse,67,0.95,sampling_plus_direction_rss,1,0.033469490942222575,0.17697637664657928,0.557824849037043,2.9496062774429883,0,0.0,5.2180117080060983e-05,3.786538117825422e-05,5.941503213663113e-05,4.431071579878459e-05
ellipse,67,0.99,sampling_only,1,0.03337318852396316,0.05003016648447905,0.5562198087327194,0.8338361080746508,1,0.0,5.2180117080060983e-05,3.786538117825422e-05,5.941503213663113e-05,4.431071579878459e-05
ellipse,67,0.99,sampling_plus_direction_additive,1,0.04594633129597421,0.2229834961283476,0.7657721882662368,3.7163916021391272,0,0.0,5.2180117080060983e-05,3.786538117825422e-05,5.941503213663113e-05,4.431071579878459e-05
ellipse,67,0.99,sampling_plus_direction_rss,1,0.03614141948674106,0.1911047132049018,0.6023569914456843,3.18507855341503,0,0.0,5.2180117080060983e-05,3.786538117825422e-05,5.941503213663113e-05,4.431071579878459e-05
ellipse,68,0.8,sampling_only,1,0.0285631283541249,0.04232958503301078,0.476052139235415,0.705493083883513,1,0.0,5.198284493733271e-05,3.694733657295956e-05,5.991211710386783e-05,4.357457410518877e-05
ellipse,68,0.8,sampling_plus_direction_additive,1,0.03873336832305983,0.12669399664977707,0.6455561387176639,2.111566610829618,0,0.0,5.198284493733271e-05,3.694733657295956e-05,5.991211710386783e-05,4.357457410518877e-05
ellipse,68,0.8,sampling_plus_direction_rss,1,0.030495433653852023,0.09784244775335585,0.5082572275642004,1.6307074625559308,1,0.0,5.198284493733271e-05,3.694733657295956e-05,5.991211710386783e-05,4.357457410518877e-05
ellipse,68,0.9,sampling_only,1,0.029720092274832303,0.044044166225047365,0.49533487124720504,0.7340694370841228,1,0.0,5.198284493733271e-05,3.694733657295956e-05,5.991211710386783e-05,4.357457410518877e-05
ellipse,68,0.9,sampling_plus_direction_additive,1,0.04030228294339341,0.13182580088622892,0.6717047157232234,2.1970966814371486,0,0.0,5.198284493733271e-05,3.694733657295956e-05,5.991211710386783e-05,4.357457410518877e-05
ellipse,68,0.9,sampling_plus_direction_rss,1,0.03173066657534459,0.10180560544956051,0.5288444429224098,1.6967600908260085,1,0.0,5.198284493733271e-05,3.694733657295956e-05,5.991211710386783e-05,4.357457410518877e-05
ellipse,68,0.95,sampling_only,1,0.030837536123442595,0.04570018001397582,0.5139589353907099,0.761669666899597,1,0.0,5.198284493733271e-05,3.694733657295956e-05,5.991211710386783e-05,4.357457410518877e-05
ellipse,68,0.95,sampling_plus_direction_additive,1,0.04181760590213751,0.13678231074246466,0.6969600983689586,2.279705179041078,0,0.0,5.198284493733271e-05,3.694733657295956e-05,5.991211710386783e-05,4.357457410518877e-05
ellipse,68,0.95,sampling_plus_direction_rss,1,0.03292370587848798,0.105633387897598,0.5487284313081331,1.7605564649599668,1,0.0,5.198284493733271e-05,3.694733657295956e-05,5.991211710386783e-05,4.357457410518877e-05
ellipse,68,0.99,sampling_only,1,0.033299351068673856,0.049348506057528906,0.5549891844778976,0.8224751009588152,1,0.0,5.198284493733271e-05,3.694733657295956e-05,5.991211710386783e-05,4.357457410518877e-05
ellipse,68,0.99,sampling_plus_direction_additive,1,0.045155979200561074,0.147701884066388,0.7525996533426846,2.4616980677731335,0,0.0,5.198284493733271e-05,3.694733657295956e-05,5.991211710386783e-05,4.357457410518877e-05
ellipse,68,0.99,sampling_plus_direction_rss,1,0.035552063437911945,0.11406628772463796,0.5925343906318657,1.9011047954106328,0,0.0,5.198284493733271e-05,3.694733657295956e-05,5.991211710386783e-05,4.357457410518877e-05
ellipse,69,0.8,sampling_only,1,0.028456900978671054,0.04187800227959494,0.4742816829778509,0.6979667046599157,1,0.0,5.1687306376211275e-05,3.705650777986838e-05,5.867237479497484e-05,4.3651373957810254e-05
ellipse,69,0.8,sampling_plus_direction_additive,1,0.039141418936780435,0.18252936529817154,0.652356982279674,3.042156088302859,0,0.0,5.1687306376211275e-05,3.705650777986838e-05,5.867237479497484e-05,4.3651373957810254e-05
ellipse,69,0.8,sampling_plus_direction_rss,1,0.030876821820571367,0.15447183449287608,0.5146136970095228,2.574530574881268,0,0.0,5.1687306376211275e-05,3.705650777986838e-05,5.867237479497484e-05,4.3651373957810254e-05
ellipse,69,0.9,sampling_only,1,0.02960956210595653,0.04357429188443427,0.4934927017659422,0.7262381980739046,1,0.0,5.1687306376211275e-05,3.705650777986838e-05,5.867237479497484e-05,4.3651373957810254e-05
ellipse,69,0.9,sampling_plus_direction_additive,1,0.040726861853036096,0.18992280930407324,0.6787810308839349,3.1653801550678873,0,0.0,5.1687306376211275e-05,3.705650777986838e-05,5.867237479497484e-05,4.3651373957810254e-05
ellipse,69,0.9,sampling_plus_direction_rss,1,0.03212750306212217,0.16072879406179993,0.5354583843687029,2.678813234363332,0,0.0,5.1687306376211275e-05,3.705650777986838e-05,5.867237479497484e-05,4.3651373957810254e-05
ellipse,69,0.95,sampling_only,1,0.030722850137816532,0.045212638898082136,0.5120475022969422,0.7535439816347023,1,0.0,5.1687306376211275e-05,3.705650777986838e-05,5.867237479497484e-05,4.3651373957810254e-05
ellipse,69,0.95,sampling_plus_direction_additive,1,0.04225814852704872,0.1970637048640558,0.704302475450812,3.284395081067597,0,0.0,5.1687306376211275e-05,3.705650777986838e-05,5.867237479497484e-05,4.3651373957810254e-05
ellipse,69,0.95,sampling_plus_direction_rss,1,0.033335462994951125,0.16677202570987268,0.5555910499158521,2.7795337618312113,0,0.0,5.1687306376211275e-05,3.705650777986838e-05,5.867237479497484e-05,4.3651373957810254e-05
ellipse,69,0.99,sampling_only,1,0.033175509498363835,0.048822043673713,0.5529251583060639,0.8137007278952166,1,0.0,5.1687306376211275e-05,3.705650777986838e-05,5.867237479497484e-05,4.3651373957810254e-05
ellipse,69,0.99,sampling_plus_direction_additive,1,0.04563169112089448,0.2127956482934849,0.7605281853482413,3.546594138224749,0,0.0,5.1687306376211275e-05,3.705650777986838e-05,5.867237479497484e-05,4.3651373957810254e-05
ellipse,69,0.99,sampling_plus_direction_rss,1,0.03599669185184376,0.18008573091951,0.599944864197396,3.0014288486585,0,0.0,5.1687306376211275e-05,3.705650777986838e-05,5.867237479497484e-05,4.3651373957810254e-05
ellipse,70,0.8,sampling_only,1,0.028189723948659318,0.04069606686494063,0.46982873247765533,0.6782677810823439,1,0.0,5.0515374713541385e-05,3.8537619455251085e-05,5.853267508962659e-05,4.4831345194421406e-05
ellipse,70,0.8,sampling_plus_direction_additive,1,0.03919491343423986,0.2112891251189543,0.653248557237331,3.5214854186492386,0,0.0,5.0515374713541385e-05,3.8537619455251085e-05,5.853267508962659e-05,4.4831345194421406e-05
ellipse,70,0.8,sampling_plus_direction_rss,1,0.03063924055721503,0.17913014371458533,0.5106540092869172,2.985502395243089,0,0.0,5.0515374713541385e-05,3.8537619455251085e-05,5.853267508962659e-05,4.4831345194421406e-05
ellipse,70,0.9,sampling_only,1,0.029331562935584927,0.04234448157966261,0.4888593822597488,0.7057413596610436,1,0.0,5.0515374713541385e-05,3.8537619455251085e-05,5.853267508962659e-05,4.4831345194421406e-05
ellipse,70,0.9,sampling_plus_direction_additive,1,0.04078252317209676,0.21984749770229772,0.679708719534946,3.664124961704962,0,0.0,5.0515374713541385e-05,3.8537619455251085e-05,5.853267508962659e-05,4.4831345194421406e-05
ellipse,70,0.9,sampling_plus_direction_rss,1,0.031880298449861906,0.1863859005357382,0.5313383074976985,3.106431675595637,0,0.0,5.0515374713541385e-05,3.8537619455251085e-05,5.853267508962659e-05,4.4831345194421406e-05
ellipse,70,0.95,sampling_only,1,0.03043439849441833,0.043936589034317304,0.5072399749069721,0.7322764839052884,1,0.0,5.0515374713541385e-05,3.8537619455251085e-05,5.853267508962659e-05,4.4831345194421406e-05
ellipse,70,0.95,sampling_plus_direction_additive,1,0.04231590265248478,0.2281135297074485,0.7052650442080797,3.8018921617908084,0,0.0,5.0515374713541385e-05,3.8537619455251085e-05,5.853267508962659e-05,4.4831345194421406e-05
ellipse,70,0.95,sampling_plus_direction_rss,1,0.03307896375228515,0.19339381208915296,0.5513160625380858,3.2232302014858827,0,0.0,5.0515374713541385e-05,3.8537619455251085e-05,5.853267508962659e-05,4.4831345194421406e-05
ellipse,70,0.99,sampling_only,1,0.032864030251078875,0.04744412449675461,0.5477338375179813,0.7907354082792435,1,0.0,5.0515374713541385e-05,3.8537619455251085e-05,5.853267508962659e-05,4.4831345194421406e-05
ellipse,70,0.99,sampling_plus_direction_additive,1,0.04569405586011557,0.24632423546536883,0.7615675976685929,4.105403924422814,0,0.0,5.0515374713541385e-05,3.8537619455251085e-05,5.853267508962659e-05,4.4831345194421406e-05
ellipse,70,0.99,sampling_plus_direction_rss,1,0.03571971582184601,0.20883278150001952,0.5953285970307668,3.4805463583336587,0,0.0,5.0515374713541385e-05,3.8537619455251085e-05,5.853267508962659e-05,4.4831345194421406e-05
ellipse,71,0.8,sampling_only,1,0.0277094216661487,0.03911715507968125,0.46182369443581167,0.6519525846613542,1,0.0,4.879646928250005e-05,3.883389735774025e-05,5.493578875210945e-05,4.497705124830047e-05
ellipse,71,0.8,sampling_plus_direction_additive,1,0.038102712465574784,0.14470504377888418,0.6350452077595797,2.41175072964807,0,0.0,4.879646928250005e-05,3.883389735774025e-05,5.493578875210945e-05,4.497705124830047e-05
ellipse,71,0.8,sampling_plus_direction_rss,1,0.029770383212804598,0.11381556205809917,0.4961730535467433,1.896926034301653,1,0.0,4.879646928250005e-05,3.883389735774025e-05,5.493578875210945e-05,4.497705124830047e-05
ellipse,71,0.9,sampling_only,1,0.028831805766865462,0.040701615176166855,0.4805300961144244,0.6783602529361142,1,0.0,4.879646928250005e-05,3.883389735774025e-05,5.493578875210945e-05,4.497705124830047e-05
ellipse,71,0.9,sampling_plus_direction_additive,1,0.039646082052309566,0.15056639456374582,0.6607680342051595,2.5094399093957636,0,0.0,4.879646928250005e-05,3.883389735774025e-05,5.493578875210945e-05,4.497705124830047e-05
ellipse,71,0.9,sampling_plus_direction_rss,1,0.030976247600480258,0.11842571880576643,0.5162707933413376,1.9737619800961073,1,0.0,4.879646928250005e-05,3.883389735774025e-05,5.493578875210945e-05,4.497705124830047e-05
ellipse,71,0.95,sampling_only,1,0.02991585098787555,0.0422319526019906,0.4985975164645925,0.7038658766998434,1,0.0,4.879646928250005e-05,3.883389735774025e-05,5.493578875210945e-05,4.497705124830047e-05
ellipse,71,0.95,sampling_plus_direction_additive,1,0.04113673255571895,0.15622753080305576,0.6856122092619825,2.6037921800509296,0,0.0,4.879646928250005e-05,3.883389735774025e-05,5.493578875210945e-05,4.497705124830047e-05
ellipse,71,0.95,sampling_plus_direction_rss,1,0.03214092155283869,0.12287839983289836,0.5356820258806448,2.047973330548306,1,0.0,4.879646928250005e-05,3.883389735774025e-05,5.493578875210945e-05,4.497705124830047e-05
ellipse,71,0.99,sampling_only,1,0.03230408618171378,0.045603403928896155,0.5384014363618963,0.7600567321482693,1,0.0,4.879646928250005e-05,3.883389735774025e-05,5.493578875210945e-05,4.497705124830047e-05
ellipse,71,0.99,sampling_plus_direction_additive,1,0.04442075053297443,0.16869945037042888,0.7403458422162406,2.8116575061738147,0,0.0,4.879646928250005e-05,3.883389735774025e-05,5.493578875210945e-05,4.497705124830047e-05
ellipse,71,0.99,sampling_plus_direction_rss,1,0.034706788057722426,0.1326879994047905,0.5784464676287071,2.2114666567465084,0,0.0,4.879646928250005e-05,3.883389735774025e-05,5.493578875210945e-05,4.497705124830047e-05
ellipse,72,0.8,sampling_only,1,0.028505971246025708,0.03948186018355877,0.47509952076709516,0.658031003059313,1,0.0,5.1595802380795124e-05,3.810689173694576e-05,6.0445549974133375e-05,4.4706575941163036e-05
ellipse,72,0.8,sampling_plus_direction_additive,1,0.038692284069594254,0.07346670980468614,0.6448714011599043,1.2244451634114357,1,0.0,5.1595802380795124e-05,3.810689173694576e-05,6.0445549974133375e-05,4.4706575941163036e-05
ellipse,72,0.8,sampling_plus_direction_rss,1,0.030410787186704112,0.052183892357305396,0.5068464531117353,0.8697315392884233,1,0.0,5.1595802380795124e-05,3.810689173694576e-05,6.0445549974133375e-05,4.4706575941163036e-05
ellipse,72,0.9,sampling_only,1,0.029660619989240543,0.04108109284422757,0.4943436664873424,0.6846848807371262,1,0.0,5.1595802380795124e-05,3.810689173694576e-05,6.0445549974133375e-05,4.4706575941163036e-05
ellipse,72,0.9,sampling_plus_direction_additive,1,0.04025953455151906,0.07644251594060009,0.6709922425253176,1.2740419323433347,1,0.0,5.1595802380795124e-05,3.810689173694576e-05,6.0445549974133375e-05,4.4706575941163036e-05
ellipse,72,0.9,sampling_plus_direction_rss,1,0.03164259146035072,0.054297627237846306,0.5273765243391787,0.9049604539641052,1,0.0,5.1595802380795124e-05,3.810689173694576e-05,6.0445549974133375e-05,4.4706575941163036e-05
ellipse,72,0.95,sampling_only,1,0.03077582774318859,0.04262569822662218,0.5129304623864765,0.7104283037770364,1,0.0,5.1595802380795124e-05,3.810689173694576e-05,6.0445549974133375e-05,4.4706575941163036e-05
ellipse,72,0.95,sampling_plus_direction_additive,1,0.041773250216211165,0.07931667320835709,0.6962208369368528,1.3219445534726182,1,0.0,5.1595802380795124e-05,3.810689173694576e-05,6.0445549974133375e-05,4.4706575941163036e-05
ellipse,72,0.95,sampling_plus_direction_rss,1,0.032832319232878535,0.05633916025160639,0.5472053205479755,0.9389860041934398,1,0.0,5.1595802380795124e-05,3.810689173694576e-05,6.0445549974133375e-05,4.4706575941163036e-05
ellipse,72,0.99,sampling_only,1,0.03323271639949238,0.04602858296180839,0.5538786066582063,0.7671430493634732,1,0.0,5.1595802380795124e-05,3.810689173694576e-05,6.0445549974133375e-05,4.4706575941163036e-05
ellipse,72,0.99,sampling_plus_direction_additive,1,0.0451080825219276,0.08564866324571675,0.75180137536546,1.427477720761946,1,0.0,5.1595802380795124e-05,3.810689173694576e-05,6.0445549974133375e-05,4.4706575941163036e-05
ellipse,72,0.99,sampling_plus_direction_rss,1,0.03545338123506164,0.060836814868174376,0.5908896872510274,1.013946914469573,1,0.0,5.1595802380795124e-05,3.810689173694576e-05,6.0445549974133375e-05,4.4706575941163036e-05
ellipse,73,0.8,sampling_only,0,0.028067087246161648,0.04083697141266515,0.46778478743602747,0.6806161902110859,1,0.003666895001691456,5.008985165857525e-05,3.832941227436708e-05,5.812967926972703e-05,4.463112665446145e-05
ellipse,73,0.8,sampling_plus_direction_additive,1,0.03879481376817064,0.2672072601537694,0.6465802294695108,4.453454335896157,0,0.0,5.008985165857525e-05,3.832941227436708e-05,5.812967926972703e-05,4.463112665446145e-05
ellipse,73,0.8,sampling_plus_direction_rss,0,0.030422626031076844,0.2376897971976056,0.5070437671846141,3.9614966199600934,0,0.0012830879490139079,5.008985165857525e-05,3.832941227436708e-05,5.812967926972703e-05,4.463112665446145e-05
ellipse,73,0.9,sampling_only,0,0.029203958771596865,0.04249109353716241,0.4867326461932811,0.7081848922860402,1,0.0025977369579873524,5.008985165857525e-05,3.832941227436708e-05,5.812967926972703e-05,4.463112665446145e-05
ellipse,73,0.9,sampling_plus_direction_additive,1,0.040366217267250405,0.2780306250007905,0.6727702877875068,4.633843750013176,0,0.0,5.008985165857525e-05,3.832941227436708e-05,5.812967926972703e-05,4.463112665446145e-05
ellipse,73,0.9,sampling_plus_direction_rss,0,0.03165490984308606,0.24731754231951467,0.527581830718101,4.121959038658578,0,0.00011737259829208702,5.008985165857525e-05,3.832941227436708e-05,5.812967926972703e-05,4.463112665446145e-05
ellipse,73,0.95,sampling_only,0,0.030301996549629763,0.04408871344543017,0.5050332758271627,0.7348118907571695,1,0.0015650996754013255,5.008985165857525e-05,3.832941227436708e-05,5.812967926972703e-05,4.463112665446145e-05
ellipse,73,0.95,sampling_plus_direction_additive,1,0.041883944088548106,0.28848428068797366,0.6980657348091351,4.808071344799561,0,0.0,5.008985165857525e-05,3.832941227436708e-05,5.812967926972703e-05,4.463112665446145e-05
ellipse,73,0.95,sampling_plus_direction_rss,1,0.032845100773698496,0.2566164187753051,0.5474183462283083,4.276940312921752,0,0.0,5.008985165857525e-05,3.832941227436708e-05,5.812967926972703e-05,4.463112665446145e-05
ellipse,73,0.99,sampling_only,1,0.032721058425313,0.04760839326814687,0.5453509737552167,0.7934732211357812,1,0.0,5.008985165857525e-05,3.832941227436708e-05,5.812967926972703e-05,4.463112665446145e-05
ellipse,73,0.99,sampling_plus_direction_additive,1,0.04522761328149747,0.3115144900671872,0.7537935546916246,5.191908167786453,0,0.0,5.008985165857525e-05,3.832941227436708e-05,5.812967926972703e-05,4.463112665446145e-05
ellipse,73,0.99,sampling_plus_direction_rss,1,0.035467183148848086,0.27710256048273296,0.5911197191474681,4.61837600804555,0,0.0,5.008985165857525e-05,3.832941227436708e-05,5.812967926972703e-05,4.463112665446145e-05
ellipse,74,0.8,sampling_only,1,0.028217794563620165,0.044557181863033556,0.4702965760603361,0.7426196977172259,1,0.0,5.0668591066262866e-05,3.887906873778215e-05,5.778884758091869e-05,4.504808445732864e-05
ellipse,74,0.8,sampling_plus_direction_additive,1,0.038628284829093126,0.11571516605778671,0.6438047471515521,1.928586100963112,0,0.0,5.0668591066262866e-05,3.887906873778215e-05,5.778884758091869e-05,4.504808445732864e-05
ellipse,74,0.8,sampling_plus_direction_rss,1,0.03027734842317389,0.0896057920078403,0.5046224737195648,1.4934298667973385,1,0.0,5.0668591066262866e-05,3.887906873778215e-05,5.778884758091869e-05,4.504808445732864e-05
ellipse,74,0.9,sampling_only,1,0.02936077056496307,0.04636199298822963,0.48934617608271785,0.7726998831371605,1,0.0,5.0668591066262866e-05,3.887906873778215e-05,5.778884758091869e-05,4.504808445732864e-05
ellipse,74,0.9,sampling_plus_direction_additive,1,0.04019294298950137,0.12040226722358709,0.6698823831583562,2.0067044537264516,0,0.0,5.0668591066262866e-05,3.887906873778215e-05,5.778884758091869e-05,4.504808445732864e-05
ellipse,74,0.9,sampling_plus_direction_rss,1,0.03150374769239961,0.09323531980865317,0.5250624615399935,1.5539219968108862,1,0.0,5.0668591066262866e-05,3.887906873778215e-05,5.778884758091869e-05,4.504808445732864e-05
ellipse,74,0.95,sampling_only,1,0.030464704299585418,0.04810515459738392,0.507745071659757,0.8017525766230653,1,0.0,5.0668591066262866e-05,3.887906873778215e-05,5.778884758091869e-05,4.504808445732864e-05
ellipse,74,0.95,sampling_plus_direction_additive,1,0.041704154882312224,0.12492926436826501,0.6950692480385371,2.08215440613775,0,0.0,5.0668591066262866e-05,3.887906873778215e-05,5.778884758091869e-05,4.504808445732864e-05
ellipse,74,0.95,sampling_plus_direction_rss,1,0.03268825508697638,0.09674086863501465,0.5448042514496063,1.6123478105835776,1,0.0,5.0668591066262866e-05,3.887906873778215e-05,5.778884758091869e-05,4.504808445732864e-05
ellipse,74,0.99,sampling_only,1,0.032896755422170285,0.05194547400735367,0.5482792570361714,0.8657579001225613,1,0.0,5.0668591066262866e-05,3.887906873778215e-05,5.778884758091869e-05,4.504808445732864e-05
ellipse,74,0.99,sampling_plus_direction_additive,1,0.04503347118555175,0.13490258807633979,0.7505578530925292,2.2483764679389964,0,0.0,5.0668591066262866e-05,3.887906873778215e-05,5.778884758091869e-05,4.504808445732864e-05
ellipse,74,0.99,sampling_plus_direction_rss,1,0.035297816194080366,0.10446386295164833,0.5882969365680061,1.7410643825274723,0,0.0,5.0668591066262866e-05,3.887906873778215e-05,5.778884758091869e-05,4.504808445732864e-05
ellipse,75,0.8,sampling_only,1,0.027855777360913776,0.03823797797490083,0.4642629560152296,0.6372996329150139,1,0.0,4.925351951729264e-05,3.899011720660659e-05,5.618027619447355e-05,4.508321267795277e-05
ellipse,75,0.8,sampling_plus_direction_additive,1,0.03857788685988501,0.16406998617469262,0.6429647809980835,2.7344997695782105,0,0.0,4.925351951729264e-05,3.899011720660659e-05,5.618027619447355e-05,4.508321267795277e-05
ellipse,75,0.8,sampling_plus_direction_rss,1,0.030202761965224853,0.13507233468592886,0.5033793660870809,2.2512055780988143,0,0.0,4.925351951729264e-05,3.899011720660659e-05,5.618027619447355e-05,4.508321267795277e-05
ellipse,75,0.9,sampling_only,1,0.028984089672866153,0.03978682655931633,0.4830681612144359,0.6631137759886054,1,0.0,4.925351951729264e-05,3.899011720660659e-05,5.618027619447355e-05,4.508321267795277e-05
ellipse,75,0.9,sampling_plus_direction_additive,1,0.040140503625130664,0.170715723718622,0.6690083937521778,2.8452620619770337,0,0.0,4.925351951729264e-05,3.899011720660659e-05,5.618027619447355e-05,4.508321267795277e-05
ellipse,75,0.9,sampling_plus_direction_rss,1,0.03142614007235129,0.14054350773041668,0.5237690012058549,2.342391795506945,0,0.0,4.925351951729264e-05,3.899011720660659e-05,5.618027619447355e-05,4.508321267795277e-05
ellipse,75,0.95,sampling_only,1,0.030073860606718218,0.04128276890644296,0.5012310101119704,0.688046148440716,1,0.0,4.925351951729264e-05,3.899011720660659e-05,5.618027619447355e-05,4.508321267795277e-05
ellipse,75,0.95,sampling_plus_direction_additive,1,0.041649743853634444,0.17713445329611974,0.6941623975605741,2.9522408882686624,0,0.0,4.925351951729264e-05,3.899011720660659e-05,5.618027619447355e-05,4.508321267795277e-05
ellipse,75,0.95,sampling_plus_direction_rss,1,0.03260772950298547,0.14582779408872187,0.5434621583830912,2.430463234812031,0,0.0,4.925351951729264e-05,3.899011720660659e-05,5.618027619447355e-05,4.508321267795277e-05
ellipse,75,0.99,sampling_only,1,0.03247470998735788,0.04457844522336993,0.5412451664559647,0.7429740870561655,1,0.0,4.925351951729264e-05,3.899011720660659e-05,5.618027619447355e-05,4.508321267795277e-05
ellipse,75,0.99,sampling_plus_direction_additive,1,0.044974716428404615,0.19127540939242266,0.749578607140077,3.187923489873711,0,0.0,4.925351951729264e-05,3.899011720660659e-05,5.618027619447355e-05,4.508321267795277e-05
ellipse,75,0.99,sampling_plus_direction_rss,1,0.035210862110570285,0.15746948431587365,0.5868477018428381,2.624491405264561,0,0.0,4.925351951729264e-05,3.899011720660659e-05,5.618027619447355e-05,4.508321267795277e-05
ellipse,76,0.8,sampling_only,1,0.02836849927745362,0.04026004171883982,0.4728083212908937,0.671000695313997,1,0.0,5.1195121656591126e-05,3.8275427008691585e-05,5.842583578869152e-05,4.4632660508020744e-05
ellipse,76,0.8,sampling_plus_direction_additive,1,0.03852293647519998,0.12281346855274522,0.642048941253333,2.046891142545754,0,0.0,5.1195121656591126e-05,3.8275427008691585e-05,5.842583578869152e-05,4.4632660508020744e-05
ellipse,76,0.8,sampling_plus_direction_rss,1,0.030290091881314988,0.09403988464075154,0.5048348646885832,1.5673314106791925,1,0.0,5.1195121656591126e-05,3.8275427008691585e-05,5.842583578869152e-05,4.4632660508020744e-05
ellipse,76,0.9,sampling_only,1,0.029517579649243078,0.04189079501509582,0.49195966082071796,0.6981799169182638,1,0.0,5.1195121656591126e-05,3.8275427008691585e-05,5.842583578869152e-05,4.4632660508020744e-05
ellipse,76,0.9,sampling_plus_direction_additive,1,0.04008332744739799,0.12778809004135885,0.6680554574566332,2.1298015006893145,0,0.0,5.1195121656591126e-05,3.8275427008691585e-05,5.842583578869152e-05,4.4632660508020744e-05
ellipse,76,0.9,sampling_plus_direction_rss,1,0.03151700733074028,0.09784901760013634,0.525283455512338,1.6308169600022724,1,0.0,5.1195121656591126e-05,3.8275427008691585e-05,5.842583578869152e-05,4.4632660508020744e-05
ellipse,76,0.95,sampling_only,1,0.030627409238596102,0.04346584433762615,0.5104568206432684,0.7244307389604359,1,0.0,5.1195121656591126e-05,3.8275427008691585e-05,5.842583578869152e-05,4.4632660508020744e-05
ellipse,76,0.95,sampling_plus_direction_additive,1,0.04159041791245207,0.13259278626578133,0.6931736318742012,2.2098797710963556,0,0.0,5.1195121656591126e-05,3.8275427008691585e-05,5.842583578869152e-05,4.4632660508020744e-05
ellipse,76,0.95,sampling_plus_direction_rss,1,0.03270201327361097,0.10152803655467792,0.5450335545601829,1.6921339425779653,1,0.0,5.1195121656591126e-05,3.8275427008691585e-05,5.842583578869152e-05,4.4632660508020744e-05
ellipse,76,0.99,sampling_only,1,0.033072449383679925,0.046935799419936336,0.5512074897279988,0.7822633236656056,1,0.0,5.1195121656591126e-05,3.8275427008691585e-05,5.842583578869152e-05,4.4632660508020744e-05
ellipse,76,0.99,sampling_plus_direction_additive,1,0.0449106543926115,0.14317790245510012,0.748510906543525,2.386298374251669,0,0.0,5.1195121656591126e-05,3.8275427008691585e-05,5.842583578869152e-05,4.4632660508020744e-05
ellipse,76,0.99,sampling_plus_direction_rss,1,0.035312672721040876,0.10963319893696973,0.5885445453506812,1.8272199822828288,0,0.0,5.1195121656591126e-05,3.8275427008691585e-05,5.842583578869152e-05,4.4632660508020744e-05
ellipse,77,0.8,sampling_only,1,0.028589464247509914,0.04197388546320315,0.4764910707918319,0.6995647577200526,1,0.0,5.192710607249773e-05,3.8278580126022824e-05,6.19332939016972e-05,4.4690907225352426e-05
ellipse,77,0.8,sampling_plus_direction_additive,1,0.03917192657567976,0.07929319400015881,0.652865442927996,1.3215532333359803,1,0.0,5.192710607249773e-05,3.8278580126022824e-05,6.19332939016972e-05,4.4690907225352426e-05
ellipse,77,0.8,sampling_plus_direction_rss,1,0.030636509401044766,0.05752218758406653,0.5106084900174128,0.9587031264011088,1,0.0,5.192710607249773e-05,3.8278580126022824e-05,6.19332939016972e-05,4.4690907225352426e-05
ellipse,77,0.9,sampling_only,1,0.029747494916862217,0.04367405886475627,0.4957915819477036,0.7279009810792711,1,0.0,5.192710607249773e-05,3.8278580126022824e-05,6.19332939016972e-05,4.4690907225352426e-05
ellipse,77,0.9,sampling_plus_direction_additive,1,0.04075860521923653,0.08250500481718327,0.6793100869872755,1.3750834136197212,1,0.0,5.192710607249773e-05,3.8278580126022824e-05,6.19332939016972e-05,4.4690907225352426e-05
ellipse,77,0.9,sampling_plus_direction_rss,1,0.03187745666683343,0.05985215280530663,0.5312909444472238,0.997535880088444,1,0.0,5.192710607249773e-05,3.8278580126022824e-05,6.19332939016972e-05,4.4690907225352426e-05
ellipse,77,0.95,sampling_only,1,0.030865969075657584,0.04531615701071639,0.5144328179276264,0.7552692835119399,1,0.0,5.192710607249773e-05,3.8278580126022824e-05,6.19332939016972e-05,4.4690907225352426e-05
ellipse,77,0.95,sampling_plus_direction_additive,1,0.04229108541004469,0.08560710521646758,0.7048514235007449,1.4267850869411265,1,0.0,5.192710607249773e-05,3.8278580126022824e-05,6.19332939016972e-05,4.4690907225352426e-05
ellipse,77,0.95,sampling_plus_direction_rss,1,0.033076015121238325,0.06210253007062253,0.5512669186873055,1.035042167843709,1,0.0,5.192710607249773e-05,3.8278580126022824e-05,6.19332939016972e-05,4.4690907225352426e-05
ellipse,77,0.99,sampling_only,1,0.03333005387365593,0.048933825820015986,0.5555008978942655,0.8155637636669332,1,0.0,5.192710607249773e-05,3.8278580126022824e-05,6.19332939016972e-05,4.4690907225352426e-05
ellipse,77,0.99,sampling_plus_direction_additive,1,0.045667257413402426,0.0924412715453292,0.7611209568900404,1.5406878590888202,1,0.0,5.192710607249773e-05,3.8278580126022824e-05,6.19332939016972e-05,4.4690907225352426e-05
ellipse,77,0.99,sampling_plus_direction_rss,1,0.0357165317963776,0.06706028467373136,0.5952755299396266,1.117671411228856,1,0.0,5.192710607249773e-05,3.8278580126022824e-05,6.19332939016972e-05,4.4690907225352426e-05
ellipse,78,0.8,sampling_only,1,0.028707579600169054,0.04004733356389584,0.4784596600028176,0.667455559398264,1,0.0,5.234020530792746e-05,3.831806793876777e-05,6.104209094824505e-05,4.46836787135589e-05
ellipse,78,0.8,sampling_plus_direction_additive,1,0.0400748006208181,0.12174269851057018,0.6679133436803016,2.02904497517617,0,0.0,5.234020530792746e-05,3.831806793876777e-05,6.104209094824505e-05,4.46836787135589e-05
ellipse,78,0.8,sampling_plus_direction_rss,1,0.031329500737062525,0.095688141313445,0.5221583456177088,1.5948023552240833,1,0.0,5.234020530792746e-05,3.831806793876777e-05,6.104209094824505e-05,4.46836787135589e-05
ellipse,78,0.9,sampling_only,1,0.029870394591456063,0.0416694710090497,0.49783990985760107,0.6944911834841616,1,0.0,5.234020530792746e-05,3.831806793876777e-05,6.104209094824505e-05,4.46836787135589e-05
ellipse,78,0.9,sampling_plus_direction_additive,1,0.04169805063296648,0.12667394791854852,0.6949675105494413,2.111232465309142,0,0.0,5.234020530792746e-05,3.831806793876777e-05,6.104209094824505e-05,4.46836787135589e-05
ellipse,78,0.9,sampling_plus_direction_rss,1,0.03259851796644884,0.099564037740708,0.5433086327741473,1.6594006290118002,1,0.0,5.234020530792746e-05,3.831806793876777e-05,6.104209094824505e-05,4.46836787135589e-05
ellipse,78,0.95,sampling_only,1,0.030993489647256088,0.0432361987844321,0.5165581607876015,0.7206033130738684,1,0.0,5.234020530792746e-05,3.831806793876777e-05,6.104209094824505e-05,4.46836787135589e-05
ellipse,78,0.95,sampling_plus_direction_additive,1,0.043265852971800633,0.13143675358455353,0.7210975495300106,2.190612559742559,0,0.0,5.234020530792746e-05,3.831806793876777e-05,6.104209094824505e-05,4.46836787135589e-05
ellipse,78,0.95,sampling_plus_direction_rss,1,0.03382418755854051,0.10330753962782604,0.5637364593090085,1.721792327130434,1,0.0,5.234020530792746e-05,3.831806793876777e-05,6.104209094824505e-05,4.46836787135589e-05
ellipse,78,0.99,sampling_only,1,0.03346775463759305,0.046687820856844996,0.5577959106265509,0.7781303476140833,1,0.0,5.234020530792746e-05,3.831806793876777e-05,6.104209094824505e-05,4.46836787135589e-05
ellipse,78,0.99,sampling_plus_direction_additive,1,0.04671984239033874,0.1419295816442231,0.778664039838979,2.3654930274037183,0,0.0,5.234020530792746e-05,3.831806793876777e-05,6.104209094824505e-05,4.46836787135589e-05
ellipse,78,0.99,sampling_plus_direction_rss,1,0.03652443216007401,0.11155476288174601,0.6087405360012336,1.8592460480291002,1,0.0,5.234020530792746e-05,3.831806793876777e-05,6.104209094824505e-05,4.46836787135589e-05
ellipse,79,0.8,sampling_only,1,0.028773042565307275,0.04498817092698731,0.47955070942178796,0.7498028487831219,1,0.0,5.26925506142932e-05,3.722918878155478e-05,6.231546280982505e-05,4.390477159722006e-05
ellipse,79,0.8,sampling_plus_direction_additive,1,0.039424549233339566,0.11862977641167699,0.6570758205556595,1.9771629401946165,0,0.0,5.26925506142932e-05,3.722918878155478e-05,6.231546280982505e-05,4.390477159722006e-05
ellipse,79,0.8,sampling_plus_direction_rss,1,0.03093233119494441,0.08923658866483326,0.5155388532490736,1.4872764777472212,1,0.0,5.26925506142932e-05,3.722918878155478e-05,6.231546280982505e-05,4.390477159722006e-05
ellipse,79,0.9,sampling_only,1,0.029938509167015535,0.04681043948160189,0.4989751527835923,0.7801739913600316,1,0.0,5.26925506142932e-05,3.722918878155478e-05,6.231546280982505e-05,4.390477159722006e-05
ellipse,79,0.9,sampling_plus_direction_additive,1,0.04102146048506313,0.12343493533993827,0.6836910080843855,2.0572489223323047,0,0.0,5.26925506142932e-05,3.722918878155478e-05,6.231546280982505e-05,4.390477159722006e-05
ellipse,79,0.9,sampling_plus_direction_rss,1,0.03218526087170212,0.09285116169801817,0.5364210145283687,1.5475193616336362,1,0.0,5.26925506142932e-05,3.722918878155478e-05,6.231546280982505e-05,4.390477159722006e-05
ellipse,79,0.95,sampling_only,1,0.03106416525838557,0.048570462201778845,0.5177360876397595,0.8095077033629808,1,0.0,5.26925506142932e-05,3.722918878155478e-05,6.231546280982505e-05,4.390477159722006e-05
ellipse,79,0.95,sampling_plus_direction_additive,1,0.04256382375419947,0.12807595757916015,0.7093970625699911,2.1345992929860027,0,0.0,5.26925506142932e-05,3.722918878155478e-05,6.231546280982505e-05,4.390477159722006e-05
ellipse,79,0.95,sampling_plus_direction_rss,1,0.03339539243671941,0.09634226658814778,0.5565898739453234,1.6057044431357963,1,0.0,5.26925506142932e-05,3.722918878155478e-05,6.231546280982505e-05,4.390477159722006e-05
ellipse,79,0.99,sampling_only,1,0.03354407240752035,0.052447927939199786,0.5590678734586726,0.8741321323199964,1,0.0,5.26925506142932e-05,3.722918878155478e-05,6.231546280982505e-05,4.390477159722006e-05
ellipse,79,0.99,sampling_plus_direction_additive,1,0.04596176894102718,0.13830048736101558,0.766029482350453,2.305008122683593,0,0.0,5.26925506142932e-05,3.722918878155478e-05,6.231546280982505e-05,4.390477159722006e-05
ellipse,79,0.99,sampling_plus_direction_rss,1,0.036061405566739896,0.10403343979974088,0.6010234261123316,1.7338906633290148,1,0.0,5.26925506142932e-05,3.722918878155478e-05,6.231546280982505e-05,4.390477159722006e-05
ellipse,80,0.8,sampling_only,0,0.0285465973444286,0.03912521684179774,0.47577662240714336,0.6520869473632956,1,0.0029811081339698037,5.17929419560491e-05,3.8336220199911514e-05,6.0252679886581155e-05,4.463892344620818e-05
ellipse,80,0.8,sampling_plus_direction_additive,1,0.038925854902821695,0.09885314487184246,0.6487642483803616,1.6475524145307079,1,0.0,5.17929419560491e-05,3.8336220199911514e-05,6.0252679886581155e-05,4.463892344620818e-05
ellipse,80,0.8,sampling_plus_direction_rss,1,0.03058244014863101,0.07290529260136529,0.5097073358105169,1.215088210022755,1,0.0,5.17929419560491e-05,3.8336220199911514e-05,6.0252679886581155e-05,4.463892344620818e-05
ellipse,80,0.9,sampling_only,0,0.029702891668250308,0.04071000348402408,0.4950481944708385,0.678500058067068,1,0.0017762246537018703,5.17929419560491e-05,3.8336220199911514e-05,6.0252679886581155e-05,4.463892344620818e-05
ellipse,80,0.9,sampling_plus_direction_additive,1,0.040502566289155266,0.1028572413646087,0.6750427714859212,1.714287356076812,1,0.0,5.17929419560491e-05,3.8336220199911514e-05,6.0252679886581155e-05,4.463892344620818e-05
ellipse,80,0.9,sampling_plus_direction_rss,1,0.0318211973120791,0.07585835825029007,0.5303532885346517,1.2643059708381679,1,0.0,5.17929419560491e-05,3.8336220199911514e-05,6.0252679886581155e-05,4.463892344620818e-05
ellipse,80,0.95,sampling_only,0,0.03081968879235384,0.042240656301298446,0.513661479872564,0.7040109383549741,1,0.0006124981024933016,5.17929419560491e-05,3.8336220199911514e-05,6.0252679886581155e-05,4.463892344620818e-05
ellipse,80,0.95,sampling_plus_direction_additive,1,0.042025419688606985,0.1067245642041558,0.7004236614767831,1.77874273673593,1,0.0,5.17929419560491e-05,3.8336220199911514e-05,6.0252679886581155e-05,4.463892344620818e-05
ellipse,80,0.95,sampling_plus_direction_rss,1,0.03301764047460282,0.07871055181041052,0.5502940079100471,1.3118425301735088,1,0.0,5.17929419560491e-05,3.8336220199911514e-05,6.0252679886581155e-05,4.463892344620818e-05
ellipse,80,0.99,sampling_only,1,0.03328007895363897,0.04561280245988411,0.5546679825606495,0.7602133743314019,1,0.0,5.17929419560491e-05,3.8336220199911514e-05,6.0252679886581155e-05,4.463892344620818e-05
ellipse,80,0.99,sampling_plus_direction_additive,1,0.045380383128451315,0.11524457456196623,0.7563397188075219,1.920742909366104,1,0.0,5.17929419560491e-05,3.8336220199911514e-05,6.0252679886581155e-05,4.463892344620818e-05
ellipse,80,0.99,sampling_plus_direction_rss,1,0.03565349699865431,0.08499415410660578,0.5942249499775719,1.4165692351100965,1,0.0,5.17929419560491e-05,3.8336220199911514e-05,6.0252679886581155e-05,4.463892344620818e-05
ellipse,81,0.8,sampling_only,0,0.02897391666440966,0.04144717746176957,0.48289861107349435,0.6907862910294928,1,0.0011058765181803237,5.357522806754043e-05,3.6612710279663855e-05,6.345425755499502e-05,4.338688490110885e-05
ellipse,81,0.8,sampling_plus_direction_additive,1,0.039587840254678985,0.10886412822894145,0.6597973375779831,1.8144021371490242,1,0.0,5.357522806754043e-05,3.6612710279663855e-05,6.345425755499502e-05,4.338688490110885e-05
ellipse,81,0.8,sampling_plus_direction_rss,1,0.031145474787575504,0.08379689801373898,0.5190912464595917,1.3966149668956496,1,0.0,5.357522806754043e-05,3.6612710279663855e-05,6.345425755499502e-05,4.338688490110885e-05
ellipse,81,0.9,sampling_only,1,0.030147519772819313,0.043126016290062665,0.5024586628803219,0.7187669381677111,1,0.0,5.357522806754043e-05,3.6612710279663855e-05,6.345425755499502e-05,4.338688490110885e-05
ellipse,81,0.9,sampling_plus_direction_additive,1,0.04119136569158293,0.11327372465194531,0.6865227615263823,1.8878954108657553,1,0.0,5.357522806754043e-05,3.6612710279663855e-05,6.345425755499502e-05,4.338688490110885e-05
ellipse,81,0.9,sampling_plus_direction_rss,1,0.03240703795305849,0.08719113363342006,0.5401172992176416,1.453185560557001,1,0.0,5.357522806754043e-05,3.6612710279663855e-05,6.345425755499502e-05,4.338688490110885e-05
ellipse,81,0.95,sampling_only,1,0.03128103444058911,0.044747508618308465,0.5213505740098185,0.7457918103051411,1,0.0,5.357522806754043e-05,3.6612710279663855e-05,6.345425755499502e-05,4.338688490110885e-05
ellipse,81,0.95,sampling_plus_direction_additive,1,0.04274011721571244,0.11753269618039784,0.7123352869285408,1.9588782696732974,0,0.0,5.357522806754043e-05,3.6612710279663855e-05,6.345425755499502e-05,4.338688490110885e-05
ellipse,81,0.95,sampling_plus_direction_rss,1,0.03362550810037334,0.09046942749035167,0.5604251350062224,1.5078237915058612,1,0.0,5.357522806754043e-05,3.6612710279663855e-05,6.345425755499502e-05,4.338688490110885e-05
ellipse,81,0.99,sampling_only,1,0.03377825463937129,0.048319781222625674,0.5629709106561882,0.8053296870437613,1,0.0,5.357522806754043e-05,3.6612710279663855e-05,6.345425755499502e-05,4.338688490110885e-05
ellipse,81,0.99,sampling_plus_direction_additive,1,0.046152136220777844,0.12691553879311457,0.7692022703462974,2.115258979885243,0,0.0,5.357522806754043e-05,3.6612710279663855e-05,6.345425755499502e-05,4.338688490110885e-05
ellipse,81,0.99,sampling_plus_direction_rss,1,0.03630989177003898,0.09769176158963638,0.6051648628339831,1.6281960264939397,1,0.0,5.357522806754043e-05,3.6612710279663855e-05,6.345425755499502e-05,4.338688490110885e-05
ellipse,82,0.8,sampling_only,1,0.028254614863680624,0.040217966285991634,0.47091024772801043,0.6702994380998606,1,0.0,5.0726864975504344e-05,3.866039833473814e-05,5.8939474963426126e-05,4.481649935313899e-05
ellipse,82,0.8,sampling_plus_direction_additive,1,0.038388082534818485,0.09081101371719837,0.6398013755803081,1.5135168952866396,1,0.0,5.0726864975504344e-05,3.866039833473814e-05,5.8939474963426126e-05,4.481649935313899e-05
ellipse,82,0.8,sampling_plus_direction_rss,1,0.030134721456253052,0.06631478648006284,0.5022453576042175,1.1052464413343808,1,0.0,5.0726864975504344e-05,3.866039833473814e-05,5.8939474963426126e-05,4.481649935313899e-05
ellipse,82,0.9,sampling_only,1,0.02939908228984897,0.04184701529561803,0.4899847048308162,0.6974502549269672,1,0.0,5.0726864975504344e-05,3.866039833473814e-05,5.8939474963426126e-05,4.481649935313899e-05
ellipse,82,0.9,sampling_plus_direction_additive,1,0.03994301118014346,0.09448935963124075,0.665716853002391,1.5748226605206792,1,0.0,5.0726864975504344e-05,3.866039833473814e-05,5.8939474963426126e-05,4.481649935313899e-05
ellipse,82,0.9,sampling_plus_direction_rss,1,0.03135534354824519,0.06900090035441259,0.5225890591374199,1.1500150059068766,1,0.0,5.0726864975504344e-05,3.866039833473814e-05,5.8939474963426126e-05,4.481649935313899e-05
ellipse,82,0.95,sampling_only,1,0.030504456504564965,0.043420418547275776,0.5084076084094161,0.7236736424545963,1,0.0,5.0726864975504344e-05,3.866039833473814e-05,5.8939474963426126e-05,4.481649935313899e-05
ellipse,82,0.95,sampling_plus_direction_additive,1,0.04144482590283935,0.09804205902068608,0.6907470983806558,1.6340343170114346,1,0.0,5.0726864975504344e-05,3.866039833473814e-05,5.8939474963426126e-05,4.481649935313899e-05
ellipse,82,0.95,sampling_plus_direction_rss,1,0.0325342711048975,0.07159526079369374,0.5422378517482916,1.1932543465615624,1,0.0,5.0726864975504344e-05,3.866039833473814e-05,5.8939474963426126e-05,4.481649935313899e-05
ellipse,82,0.99,sampling_only,1,0.032939681115846636,0.046886747208553625,0.5489946852641107,0.7814457868092272,1,0.0,5.0726864975504344e-05,3.866039833473814e-05,5.8939474963426126e-05,4.481649935313899e-05
ellipse,82,0.99,sampling_plus_direction_additive,1,0.04475343951586257,0.10586892966275688,0.7458906585977094,1.764482161045948,1,0.0,5.0726864975504344e-05,3.866039833473814e-05,5.8939474963426126e-05,4.481649935313899e-05
ellipse,82,0.99,sampling_plus_direction_rss,1,0.03513153939888923,0.0773108368476333,0.5855256566481538,1.2885139474605551,1,0.0,5.0726864975504344e-05,3.866039833473814e-05,5.8939474963426126e-05,4.481649935313899e-05
ellipse,83,0.8,sampling_only,1,0.028029242570269047,0.03968750352808588,0.4671540428378175,0.6614583921347647,1,0.0,4.98221984644332e-05,3.8583333795302176e-05,5.756784413075056e-05,4.4851016057289824e-05
ellipse,83,0.8,sampling_plus_direction_additive,1,0.038392321000847766,0.09380473068456803,0.6398720166807962,1.5634121780761339,1,0.0,4.98221984644332e-05,3.8583333795302176e-05,5.756784413075056e-05,4.4851016057289824e-05
ellipse,83,0.8,sampling_plus_direction_rss,1,0.030119036281970542,0.06881961174166903,0.5019839380328424,1.1469935290278173,1,0.0,4.98221984644332e-05,3.8583333795302176e-05,5.756784413075056e-05,4.4851016057289824e-05
ellipse,83,0.9,sampling_only,1,0.029164581178019067,0.04129506587614752,0.4860763529669845,0.6882510979357921,1,0.0,4.98221984644332e-05,3.8583333795302176e-05,5.756784413075056e-05,4.4851016057289824e-05
ellipse,83,0.9,sampling_plus_direction_additive,1,0.03994742132737706,0.09760433861435022,0.6657903554562844,1.6267389769058371,1,0.0,4.98221984644332e-05,3.8583333795302176e-05,5.756784413075056e-05,4.4851016057289824e-05
ellipse,83,0.9,sampling_plus_direction_rss,1,0.03133902303806704,0.07160718482662853,0.5223170506344508,1.193453080443809,1,0.0,4.98221984644332e-05,3.8583333795302176e-05,5.756784413075056e-05,4.4851016057289824e-05
ellipse,83,0.95,sampling_only,1,0.030261138400429537,0.04284771641688405,0.5043523066738256,0.7141286069480675,1,0.0,4.98221984644332e-05,3.8583333795302176e-05,5.756784413075056e-05,4.4851016057289824e-05
ellipse,83,0.95,sampling_plus_direction_additive,1,0.04144940186691672,0.10127415789935434,0.690823364448612,1.6879026316559058,1,0.0,4.98221984644332e-05,3.8583333795302176e-05,5.756784413075056e-05,4.4851016057289824e-05
ellipse,83,0.95,sampling_plus_direction_rss,1,0.032517336960900985,0.07429953878908836,0.5419556160150164,1.238325646484806,1,0.0,4.98221984644332e-05,3.8583333795302176e-05,5.756784413075056e-05,4.4851016057289824e-05
ellipse,83,0.99,sampling_only,1,0.03267693849793656,0.04626832525612033,0.544615641632276,0.7711387542686723,1,0.0,4.98221984644332e-05,3.8583333795302176e-05,5.756784413075056e-05,4.4851016057289824e-05
ellipse,83,0.99,sampling_plus_direction_additive,1,0.04475838078723004,0.10935905270042796,0.7459730131205007,1.8226508783404662,0,0.0,4.98221984644332e-05,3.8583333795302176e-05,5.756784413075056e-05,4.4851016057289824e-05
ellipse,83,0.99,sampling_plus_direction_rss,1,0.03511325337228419,0.08023100212917404,0.5852208895380698,1.3371833688195673,1,0.0,4.98221984644332e-05,3.8583333795302176e-05,5.756784413075056e-05,4.4851016057289824e-05
ellipse,84,0.8,sampling_only,1,0.028637327152164858,0.04406007306319799,0.4772887858694143,0.7343345510532998,1,0.0,5.212155564114116e-05,3.8009668054024726e-05,6.032081572925012e-05,4.448037142018086e-05
ellipse,84,0.8,sampling_plus_direction_additive,1,0.039963871729588256,0.10450569254462015,0.6660645288264709,1.7417615424103359,1,0.0,5.212155564114116e-05,3.8009668054024726e-05,6.032081572925012e-05,4.448037142018086e-05
ellipse,84,0.8,sampling_plus_direction_rss,1,0.03119387005104108,0.08010758198435633,0.519897834184018,1.335126366405939,1,0.0,5.212155564114116e-05,3.8009668054024726e-05,6.032081572925012e-05,4.448037142018086e-05
ellipse,84,0.9,sampling_only,1,0.029797296532611393,0.045844748545724054,0.4966216088768566,0.7640791424287343,1,0.0,5.212155564114116e-05,3.8009668054024726e-05,6.032081572925012e-05,4.448037142018086e-05
ellipse,84,0.9,sampling_plus_direction_additive,1,0.041582628511046854,0.10873874833191471,0.6930438085174476,1.8123124721985786,1,0.0,5.212155564114116e-05,3.8009668054024726e-05,6.032081572925012e-05,4.448037142018086e-05
ellipse,84,0.9,sampling_plus_direction_rss,1,0.03245739349108044,0.08335237999744323,0.540956558184674,1.3892063332907205,1,0.0,5.212155564114116e-05,3.8009668054024726e-05,6.032081572925012e-05,4.448037142018086e-05
ellipse,84,0.95,sampling_only,1,0.03091764317917211,0.047568462314166386,0.5152940529862018,0.7928077052361064,1,0.0,5.212155564114116e-05,3.8009668054024726e-05,6.032081572925012e-05,4.448037142018086e-05
ellipse,84,0.95,sampling_plus_direction_additive,1,0.0431460911009011,0.11282720957575741,0.7191015183483517,1.8804534929292902,1,0.0,5.212155564114116e-05,3.8009668054024726e-05,6.032081572925012e-05,4.448037142018086e-05
ellipse,84,0.95,sampling_plus_direction_rss,1,0.03367775695304874,0.0864863408019339,0.561295949217479,1.441439013365565,1,0.0,5.212155564114116e-05,3.8009668054024726e-05,6.032081572925012e-05,4.448037142018086e-05
ellipse,84,0.99,sampling_only,1,0.03338585321207263,0.051365936631761505,0.5564308868678772,0.8560989438626918,1,0.0,5.212155564114116e-05,3.8009668054024726e-05,6.032081572925012e-05,4.448037142018086e-05
ellipse,84,0.99,sampling_plus_direction_additive,1,0.046590519717873556,0.12183440488638365,0.7765086619645593,2.030573414773061,1,0.0,5.212155564114116e-05,3.8009668054024726e-05,6.032081572925012e-05,4.448037142018086e-05
ellipse,84,0.99,sampling_plus_direction_rss,1,0.036366311740856666,0.0933906980596692,0.6061051956809445,1.55651163432782,1,0.0,5.212155564114116e-05,3.8009668054024726e-05,6.032081572925012e-05,4.448037142018086e-05
ellipse,85,0.8,sampling_only,1,0.028564523244419587,0.04403746458029215,0.4760753874069931,0.7339577430048693,1,0.0,5.205840769597349e-05,3.727483497232186e-05,6.162533547290809e-05,4.3791030488953926e-05
ellipse,85,0.8,sampling_plus_direction_additive,1,0.03881027575703635,0.1105530302092057,0.6468379292839391,1.8425505034867617,1,0.0,5.205840769597349e-05,3.727483497232186e-05,6.162533547290809e-05,4.3791030488953926e-05
ellipse,85,0.8,sampling_plus_direction_rss,1,0.03063070733255672,0.08800667940666673,0.5105117888759453,1.4667779901111122,1,0.0,5.205840769597349e-05,3.727483497232186e-05,6.162533547290809e-05,4.3791030488953926e-05
ellipse,85,0.9,sampling_only,1,0.02972154366586193,0.04582122429481482,0.4953590610976989,0.7636870715802471,1,0.0,5.205840769597349e-05,3.727483497232186e-05,6.162533547290809e-05,4.3791030488953926e-05
ellipse,85,0.9,sampling_plus_direction_additive,1,0.040382305551773856,0.11503103645877168,0.6730384258628976,1.917183940979528,0,0.0,5.205840769597349e-05,3.727483497232186e-05,6.162533547290809e-05,4.3791030488953926e-05
ellipse,85,0.9,sampling_plus_direction_rss,1,0.03187141958263481,0.09157143434500568,0.531190326377247,1.5261905724167615,1,0.0,5.205840769597349e-05,3.727483497232186e-05,6.162533547290809e-05,4.3791030488953926e-05
ellipse,85,0.95,sampling_only,1,0.030839042085230715,0.04754405357645177,0.5139840347538452,0.7924008929408629,1,0.0,5.205840769597349e-05,3.727483497232186e-05,6.162533547290809e-05,4.3791030488953926e-05
ellipse,85,0.95,sampling_plus_direction_additive,1,0.04190063727545238,0.1193560810414553,0.6983439545908731,1.9892680173575885,0,0.0,5.205840769597349e-05,3.727483497232186e-05,6.162533547290809e-05,4.3791030488953926e-05
ellipse,85,0.95,sampling_plus_direction_rss,1,0.03306975104909705,0.0950144228482379,0.5511625174849508,1.5835737141372983,1,0.0,5.205840769597349e-05,3.727483497232186e-05,6.162533547290809e-05,4.3791030488953926e-05
ellipse,85,0.99,sampling_only,1,0.03330097725404995,0.05133957930142718,0.5550162875674992,0.8556596550237864,1,0.0,5.205840769597349e-05,3.727483497232186e-05,6.162533547290809e-05,4.3791030488953926e-05
ellipse,85,0.99,sampling_plus_direction_additive,1,0.045245639114980245,0.12888448768639207,0.7540939852496708,2.1480747947732013,0,0.0,5.205840769597349e-05,3.727483497232186e-05,6.162533547290809e-05,4.3791030488953926e-05
ellipse,85,0.99,sampling_plus_direction_rss,1,0.035709767652299516,0.10259959195007474,0.595162794204992,1.7099931991679125,1,0.0,5.205840769597349e-05,3.727483497232186e-05,6.162533547290809e-05,4.3791030488953926e-05
ellipse,86,0.8,sampling_only,1,0.028479007979436383,0.04149168376201714,0.47465013299060643,0.6915280627002857,1,0.0,5.156034502086223e-05,3.802178104203081e-05,5.996821037216306e-05,4.4539762717316735e-05
ellipse,86,0.8,sampling_plus_direction_additive,1,0.03904376872494246,0.14037352088371388,0.650729478749041,2.3395586813952316,0,0.0,5.156034502086223e-05,3.802178104203081e-05,5.996821037216306e-05,4.4539762717316735e-05
ellipse,86,0.8,sampling_plus_direction_rss,1,0.030685678489822663,0.11277817280713417,0.5114279748303777,1.8796362134522364,0,0.0,5.156034502086223e-05,3.802178104203081e-05,5.996821037216306e-05,4.4539762717316735e-05
ellipse,86,0.9,sampling_only,1,0.029632564561938232,0.04317232534044993,0.4938760760323039,0.7195387556741655,1,0.0,5.156034502086223e-05,3.802178104203081e-05,5.996821037216306e-05,4.4539762717316735e-05
ellipse,86,0.9,sampling_plus_direction_additive,1,0.04062525627011462,0.1460594211489651,0.6770876045019103,2.4343236858160853,0,0.0,5.156034502086223e-05,3.802178104203081e-05,5.996821037216306e-05,4.4539762717316735e-05
ellipse,86,0.9,sampling_plus_direction_rss,1,0.031928617374352264,0.11734630957995078,0.5321436229058711,1.955771826332513,0,0.0,5.156034502086223e-05,3.802178104203081e-05,5.996821037216306e-05,4.4539762717316735e-05
ellipse,86,0.95,sampling_only,1,0.030746717461669505,0.04479555883971941,0.5124452910278251,0.7465926473286569,1,0.0,5.156034502086223e-05,3.802178104203081e-05,5.996821037216306e-05,4.4539762717316735e-05
ellipse,86,0.95,sampling_plus_direction_additive,1,0.04215272268231345,0.1515510999831087,0.7025453780385575,2.525851666385145,0,0.0,5.156034502086223e-05,3.802178104203081e-05,5.996821037216306e-05,4.4539762717316735e-05
ellipse,86,0.95,sampling_plus_direction_rss,1,0.03312909941692705,0.12175840596863788,0.5521516569487842,2.0293067661439648,0,0.0,5.156034502086223e-05,3.802178104203081e-05,5.996821037216306e-05,4.4539762717316735e-05
ellipse,86,0.99,sampling_only,1,0.033201282192812195,0.04837166737803335,0.5533547032135366,0.8061944563005559,1,0.0,5.156034502086223e-05,3.802178104203081e-05,5.996821037216306e-05,4.4539762717316735e-05
ellipse,86,0.99,sampling_plus_direction_additive,1,0.04551784894486919,0.16364969182297465,0.7586308157478199,2.7274948637162444,0,0.0,5.156034502086223e-05,3.802178104203081e-05,5.996821037216306e-05,4.4539762717316735e-05
ellipse,86,0.99,sampling_plus_direction_rss,1,0.03577385390509912,0.1314785944532575,0.5962308984183187,2.1913099075542917,0,0.0,5.156034502086223e-05,3.802178104203081e-05,5.996821037216306e-05,4.4539762717316735e-05
ellipse,87,0.8,sampling_only,1,0.02857575650838226,0.0386966989077979,0.4762626084730377,0.6449449817966317,1,0.0,5.187467094957331e-05,3.818152342042825e-05,6.13618536621835e-05,4.4663767014270154e-05
ellipse,87,0.8,sampling_plus_direction_additive,1,0.038895118059735785,0.07247932834440284,0.6482519676622631,1.2079888057400472,1,0.0,5.187467094957331e-05,3.818152342042825e-05,6.13618536621835e-05,4.4663767014270154e-05
ellipse,87,0.8,sampling_plus_direction_rss,1,0.03051708709088041,0.05174106324037376,0.5086181181813402,0.8623510540062294,1,0.0,5.187467094957331e-05,3.818152342042825e-05,6.13618536621835e-05,4.4663767014270154e-05
ellipse,87,0.9,sampling_only,1,0.02973323193884727,0.040264128214970905,0.4955538656474545,0.6710688035828485,1,0.0,5.187467094957331e-05,3.818152342042825e-05,6.13618536621835e-05,4.4663767014270154e-05
ellipse,87,0.9,sampling_plus_direction_additive,1,0.04047058443473705,0.07541514009625072,0.6745097405789509,1.2569190016041787,1,0.0,5.187467094957331e-05,3.818152342042825e-05,6.13618536621835e-05,4.4663767014270154e-05
ellipse,87,0.9,sampling_plus_direction_rss,1,0.03175319709576141,0.05383686110417839,0.5292199515960235,0.8972810184029731,1,0.0,5.187467094957331e-05,3.818152342042825e-05,6.13618536621835e-05,4.4663767014270154e-05
ellipse,87,0.95,sampling_only,1,0.03085116982484447,0.041778016596521333,0.5141861637474079,0.6963002766086889,1,0.0,5.187467094957331e-05,3.818152342042825e-05,6.13618536621835e-05,4.4663767014270154e-05
ellipse,87,0.95,sampling_plus_direction_additive,1,0.041992235350489994,0.0782506691253447,0.6998705891748332,1.3041778187557451,1,0.0,5.187467094957331e-05,3.818152342042825e-05,6.13618536621835e-05,4.4663767014270154e-05
ellipse,87,0.95,sampling_plus_direction_rss,1,0.03294708352250095,0.055861069801548265,0.5491180587083492,0.9310178300258044,1,0.0,5.187467094957331e-05,3.818152342042825e-05,6.13618536621835e-05,4.4663767014270154e-05
ellipse,87,0.99,sampling_only,1,0.03331407317252577,0.04511322941079186,0.5552345528754296,0.751887156846531,1,0.0,5.187467094957331e-05,3.818152342042825e-05,6.13618536621835e-05,4.4663767014270154e-05
ellipse,87,0.99,sampling_plus_direction_additive,1,0.045344549626043215,0.08449755817497526,0.755742493767387,1.4082926362495876,1,0.0,5.187467094957331e-05,3.818152342042825e-05,6.13618536621835e-05,4.4663767014270154e-05
ellipse,87,0.99,sampling_plus_direction_rss,1,0.03557730736051427,0.06032055761353063,0.5929551226752378,1.0053426268921772,1,0.0,5.187467094957331e-05,3.818152342042825e-05,6.13618536621835e-05,4.4663767014270154e-05
ellipse,88,0.8,sampling_only,1,0.02862201832494182,0.04602468105233007,0.4770336387490303,0.7670780175388345,1,0.0,5.2356045209621946e-05,3.7078888141241235e-05,6.0571609255303556e-05,4.3741714431790535e-05
ellipse,88,0.8,sampling_plus_direction_additive,1,0.03931907488492421,0.2032154500448288,0.6553179147487369,3.3869241674138135,0,0.0,5.2356045209621946e-05,3.7078888141241235e-05,6.0571609255303556e-05,4.3741714431790535e-05
ellipse,88,0.8,sampling_plus_direction_rss,1,0.030902798662627805,0.1650539868032488,0.5150466443771301,2.7508997800541466,0,0.0,5.2356045209621946e-05,3.7078888141241235e-05,6.0571609255303556e-05,4.3741714431790535e-05
ellipse,88,0.9,sampling_only,1,0.029781367613620185,0.04788893397236855,0.49635612689366976,0.7981488995394759,1,0.0,5.2356045209621946e-05,3.7078888141241235e-05,6.0571609255303556e-05,4.3741714431790535e-05
ellipse,88,0.9,sampling_plus_direction_additive,1,0.04091171384496587,0.21144679434707958,0.6818618974160978,3.5241132391179932,0,0.0,5.2356045209621946e-05,3.7078888141241235e-05,6.0571609255303556e-05,4.3741714431790535e-05
ellipse,88,0.9,sampling_plus_direction_rss,1,0.03215453210926836,0.17173958178894988,0.535908868487806,2.862326363149165,0,0.0,5.2356045209621946e-05,3.7078888141241235e-05,6.0571609255303556e-05,4.3741714431790535e-05
ellipse,88,0.95,sampling_only,1,0.03090111534977454,0.049689506937925725,0.515018589162909,0.8281584489654288,1,0.0,5.2356045209621946e-05,3.7078888141241235e-05,6.0571609255303556e-05,4.3741714431790535e-05
ellipse,88,0.95,sampling_plus_direction_additive,1,0.042449950757200344,0.21939696884406787,0.7074991792866724,3.6566161474011314,0,0.0,5.2356045209621946e-05,3.7078888141241235e-05,6.0571609255303556e-05,4.3741714431790535e-05
ellipse,88,0.95,sampling_plus_direction_rss,1,0.03336350830551225,0.17819680734055018,0.5560584717585375,2.9699467890091698,0,0.0,5.2356045209621946e-05,3.7078888141241235e-05,6.0571609255303556e-05,4.3741714431790535e-05
ellipse,88,0.99,sampling_only,1,0.03336800593687821,0.053656307992046445,0.5561334322813035,0.8942717998674408,1,0.0,5.2356045209621946e-05,3.7078888141241235e-05,6.0571609255303556e-05,4.3741714431790535e-05
ellipse,88,0.99,sampling_plus_direction_additive,1,0.04583880526166133,0.23691181616120388,0.7639800876943555,3.948530269353398,0,0.0,5.2356045209621946e-05,3.7078888141241235e-05,6.0571609255303556e-05,4.3741714431790535e-05
ellipse,88,0.99,sampling_plus_direction_rss,1,0.03602697606905444,0.1924225730355589,0.6004496011509073,3.2070428839259817,0,0.0,5.2356045209621946e-05,3.7078888141241235e-05,6.0571609255303556e-05,4.3741714431790535e-05
ellipse,89,0.8,sampling_only,1,0.028302380956966133,0.044876985104398096,0.4717063492827689,0.7479497517399682,1,0.0,5.087018134414393e-05,3.8382860210712204e-05,5.8447145683017954e-05,4.460612240392712e-05
ellipse,89,0.8,sampling_plus_direction_additive,1,0.03935011044984668,0.1536325815574745,0.6558351741641114,2.5605430259579083,0,0.0,5.087018134414393e-05,3.8382860210712204e-05,5.8447145683017954e-05,4.460612240392712e-05
ellipse,89,0.8,sampling_plus_direction_rss,1,0.030834601770253198,0.12995605081303763,0.5139100295042199,2.165934180217294,0,0.0,5.087018134414393e-05,3.8382860210712204e-05,5.8447145683017954e-05,4.460612240392712e-05
ellipse,89,0.9,sampling_only,1,0.029448783172835363,0.046694750021188586,0.4908130528805894,0.7782458336864765,1,0.0,5.087018134414393e-05,3.8382860210712204e-05,5.8447145683017954e-05,4.460612240392712e-05
ellipse,89,0.9,sampling_plus_direction_additive,1,0.040944006521099294,0.15985554676294597,0.6824001086849882,2.6642591127157664,0,0.0,5.087018134414393e-05,3.8382860210712204e-05,5.8447145683017954e-05,4.460612240392712e-05
ellipse,89,0.9,sampling_plus_direction_rss,1,0.03208357286737084,0.13521998619869327,0.5347262144561806,2.2536664366448877,0,0.0,5.087018134414393e-05,3.8382860210712204e-05,5.8447145683017954e-05,4.460612240392712e-05
ellipse,89,0.95,sampling_only,1,0.030556026087871998,0.0484504229407427,0.5092671014645334,0.8075070490123784,1,0.0,5.087018134414393e-05,3.8382860210712204e-05,5.8447145683017954e-05,4.460612240392712e-05
ellipse,89,0.95,sampling_plus_direction_additive,1,0.04248345760359834,0.16586594524168008,0.7080576267266391,2.764432420694668,0,0.0,5.087018134414393e-05,3.8382860210712204e-05,5.8447145683017954e-05,4.460612240392712e-05
ellipse,89,0.95,sampling_plus_direction_rss,1,0.033289881071617025,0.14030411381140778,0.5548313511936172,2.3384018968567966,0,0.0,5.087018134414393e-05,3.8382860210712204e-05,5.8447145683017954e-05,4.460612240392712e-05
ellipse,89,0.99,sampling_only,1,0.03299536759002317,0.05231830573205373,0.5499227931670528,0.8719717622008956,1,0.0,5.087018134414393e-05,3.8382860210712204e-05,5.8447145683017954e-05,4.460612240392712e-05
ellipse,89,0.99,sampling_plus_direction_additive,1,0.04587498701875583,0.17910731644806727,0.7645831169792638,2.9851219408011214,0,0.0,5.087018134414393e-05,3.8382860210712204e-05,5.8447145683017954e-05,4.460612240392712e-05
ellipse,89,0.99,sampling_plus_direction_rss,1,0.035947471043105604,0.15150483889124894,0.5991245173850934,2.5250806481874823,0,0.0,5.087018134414393e-05,3.8382860210712204e-05,5.8447145683017954e-05,4.460612240392712e-05
ellipse,90,0.8,sampling_only,1,0.028703673489357123,0.04329114635139973,0.47839455815595205,0.7215191058566622,1,0.0,5.245610015160994e-05,3.7562041046072313e-05,6.0299822143902056e-05,4.413693905353964e-05
ellipse,90,0.8,sampling_plus_direction_additive,1,0.03897874714101706,0.11488598975934738,0.6496457856836177,1.914766495989123,0,0.0,5.245610015160994e-05,3.7562041046072313e-05,6.0299822143902056e-05,4.413693905353964e-05
ellipse,90,0.8,sampling_plus_direction_rss,1,0.03067620868383028,0.08633937864042525,0.5112701447305047,1.4389896440070875,1,0.0,5.245610015160994e-05,3.7562041046072313e-05,6.0299822143902056e-05,4.413693905353964e-05
ellipse,90,0.9,sampling_only,1,0.02986633026165552,0.04504467606963174,0.497772171027592,0.750744601160529,1,0.0,5.245610015160994e-05,3.7562041046072313e-05,6.0299822143902056e-05,4.413693905353964e-05
ellipse,90,0.9,sampling_plus_direction_additive,1,0.04055760095413662,0.119539504720958,0.6759600159022771,1.9923250786826334,0,0.0,5.245610015160994e-05,3.7562041046072313e-05,6.0299822143902056e-05,4.413693905353964e-05
ellipse,90,0.9,sampling_plus_direction_rss,1,0.03191876398909177,0.08983659872027135,0.5319793998181962,1.4972766453378559,1,0.0,5.245610015160994e-05,3.7562041046072313e-05,6.0299822143902056e-05,4.413693905353964e-05
ellipse,90,0.95,sampling_only,1,0.030989272502979323,0.04673830796421634,0.5164878750496554,0.7789717994036057,1,0.0,5.245610015160994e-05,3.7562041046072313e-05,6.0299822143902056e-05,4.413693905353964e-05
ellipse,90,0.95,sampling_plus_direction_additive,1,0.04208252359843708,0.12403406291347994,0.7013753933072847,2.0672343818913324,0,0.0,5.245610015160994e-05,3.7562041046072313e-05,6.0299822143902056e-05,4.413693905353964e-05
ellipse,90,0.95,sampling_plus_direction_rss,1,0.03311887555486434,0.0932143592498054,0.551981259247739,1.5535726541634234,1,0.0,5.245610015160994e-05,3.7562041046072313e-05,6.0299822143902056e-05,4.413693905353964e-05
ellipse,90,0.99,sampling_only,1,0.03346320083124429,0.05046950959461054,0.5577200138540714,0.841158493243509,1,0.0,5.245610015160994e-05,3.7562041046072313e-05,6.0299822143902056e-05,4.413693905353964e-05
ellipse,90,0.99,sampling_plus_direction_additive,1,0.04544204574420681,0.1339359211091493,0.7573674290701135,2.2322653518191546,0,0.0,5.245610015160994e-05,3.7562041046072313e-05,6.0299822143902056e-05,4.413693905353964e-05
ellipse,90,0.99,sampling_plus_direction_rss,1,0.035762813854080096,0.10065582609698583,0.5960468975680017,1.6775971016164304,1,0.0,5.245610015160994e-05,3.7562041046072313e-05,6.0299822143902056e-05,4.413693905353964e-05
ellipse,91,0.8,sampling_only,0,0.02851549531619632,0.0412088871680049,0.4752582552699387,0.6868147861334151,1,0.007177326817865887,5.165442571518991e-05,3.826224882589211e-05,6.001804567082212e-05,4.475039355813033e-05
ellipse,91,0.8,sampling_plus_direction_additive,1,0.03910539456585055,0.11522487868820852,0.6517565760975091,1.9204146448034753,0,0.0,5.165442571518991e-05,3.826224882589211e-05,6.001804567082212e-05,4.475039355813033e-05
ellipse,91,0.8,sampling_plus_direction_rss,0,0.03074848204880135,0.08987835475618959,0.5124747008133559,1.4979725792698266,1,0.0040577071908712604,5.165442571518991e-05,3.826224882589211e-05,6.001804567082212e-05,4.475039355813033e-05
ellipse,91,0.9,sampling_only,0,0.029670529836677183,0.04287807392775976,0.4945088306112864,0.7146345654626627,1,0.0061398279227481214,5.165442571518991e-05,3.826224882589211e-05,6.001804567082212e-05,4.475039355813033e-05
ellipse,91,0.9,sampling_plus_direction_additive,1,0.04068937829679165,0.11989212051681208,0.6781563049465276,1.9982020086135348,0,0.0,5.165442571518991e-05,3.826224882589211e-05,6.001804567082212e-05,4.475039355813033e-05
ellipse,91,0.9,sampling_plus_direction_rss,0,0.03199396482316436,0.09351892284860006,0.5332327470527394,1.5586487141433343,1,0.0028938465292825503,5.165442571518991e-05,3.826224882589211e-05,6.001804567082212e-05,4.475039355813033e-05
ellipse,91,0.95,sampling_only,0,0.03078611019034519,0.04449024388698317,0.5131018365057531,0.7415040647830529,1,0.005137768361910246,5.165442571518991e-05,3.826224882589211e-05,6.001804567082212e-05,4.475039355813033e-05
ellipse,91,0.95,sampling_plus_direction_additive,1,0.04221925562897041,0.12439993668808982,0.7036542604828402,2.0733322781348305,0,0.0,5.165442571518991e-05,3.826224882589211e-05,6.001804567082212e-05,4.475039355813033e-05
ellipse,91,0.95,sampling_plus_direction_rss,0,0.03319690386028754,0.09703513484752187,0.5532817310047924,1.617252247458698,1,0.0017697415216375266,5.165442571518991e-05,3.826224882589211e-05,6.001804567082212e-05,4.475039355813033e-05
ellipse,91,0.99,sampling_only,0,0.03324381971255676,0.04804197859365765,0.554063661875946,0.8006996432276275,1,0.0029301538979257732,5.165442571518991e-05,3.826224882589211e-05,6.001804567082212e-05,4.475039355813033e-05
ellipse,91,0.99,sampling_plus_direction_additive,1,0.04558969333410621,0.1343310032330513,0.7598282222351035,2.2388500538841885,0,0.0,5.165442571518991e-05,3.826224882589211e-05,6.001804567082212e-05,4.475039355813033e-05
ellipse,91,0.99,sampling_plus_direction_rss,1,0.03584707129686606,0.10478162095535855,0.597451188281101,1.7463603492559758,1,0.0,5.165442571518991e-05,3.826224882589211e-05,6.001804567082212e-05,4.475039355813033e-05
ellipse,92,0.8,sampling_only,1,0.028278570267229228,0.03946939473858417,0.47130950445382047,0.6578232456430695,1,0.0,5.0886711583450835e-05,3.822070293724934e-05,5.8288233009998674e-05,4.4559952871218085e-05
ellipse,92,0.8,sampling_plus_direction_additive,1,0.03876408784228292,0.13262055682851814,0.6460681307047154,2.2103426138086357,0,0.0,5.0886711583450835e-05,3.822070293724934e-05,5.8288233009998674e-05,4.4559952871218085e-05
ellipse,92,0.8,sampling_plus_direction_rss,1,0.03048565002391594,0.1038678823285335,0.5080941670652657,1.731131372142225,0,0.0,5.0886711583450835e-05,3.822070293724934e-05,5.8288233009998674e-05,4.4559952871218085e-05
ellipse,92,0.9,sampling_only,1,0.029424008019100986,0.041068122480116924,0.4904001336516831,0.6844687080019488,1,0.0,5.0886711583450835e-05,3.822070293724934e-05,5.8288233009998674e-05,4.4559952871218085e-05
ellipse,92,0.9,sampling_plus_direction_additive,1,0.04033424677223699,0.13799241937425932,0.6722374462039498,2.2998736562376556,0,0.0,5.0886711583450835e-05,3.822070293724934e-05,5.8288233009998674e-05,4.4559952871218085e-05
ellipse,92,0.9,sampling_plus_direction_rss,1,0.031720486654543266,0.10807510329132557,0.5286747775757211,1.801251721522093,0,0.0,5.0886711583450835e-05,3.822070293724934e-05,5.8288233009998674e-05,4.4559952871218085e-05
ellipse,92,0.95,sampling_only,1,0.030530319414716928,0.0426122401906209,0.5088386569119489,0.7102040031770149,1,0.0,5.0886711583450835e-05,3.822070293724934e-05,5.8288233009998674e-05,4.4559952871218085e-05
ellipse,92,0.95,sampling_plus_direction_additive,1,0.04185077153693744,0.14318078752462327,0.6975128589489574,2.3863464587437213,0,0.0,5.0886711583450835e-05,3.822070293724934e-05,5.8288233009998674e-05,4.4559952871218085e-05
ellipse,92,0.95,sampling_plus_direction_rss,1,0.032913143203495525,0.11213861218773243,0.5485523867249255,1.8689768697955405,0,0.0,5.0886711583450835e-05,3.822070293724934e-05,5.8288233009998674e-05,4.4559952871218085e-05
ellipse,92,0.99,sampling_only,1,0.032967608707770976,0.04601405054703609,0.5494601451295162,0.7669008424506015,1,0.0,5.0886711583450835e-05,3.822070293724934e-05,5.8288233009998674e-05,4.4559952871218085e-05
ellipse,92,0.99,sampling_plus_direction_additive,1,0.04519179250653331,0.15461116254508872,0.7531965417755552,2.576852709084812,0,0.0,5.0886711583450835e-05,3.822070293724934e-05,5.8288233009998674e-05,4.4559952871218085e-05
ellipse,92,0.99,sampling_plus_direction_rss,1,0.0355406575259289,0.12109083555331411,0.592344292098815,2.018180592555235,0,0.0,5.0886711583450835e-05,3.822070293724934e-05,5.8288233009998674e-05,4.4559952871218085e-05
ellipse,93,0.8,sampling_only,1,0.028444237703367358,0.03999775194171986,0.47407062838945596,0.6666291990286644,1,0.0,5.1504781822636274e-05,3.808464243595314e-05,5.909834067832562e-05,4.444570557716648e-05
ellipse,93,0.8,sampling_plus_direction_additive,1,0.03928611492646774,0.11387562000442172,0.6547685821077956,1.8979270000736954,1,0.0,5.1504781822636274e-05,3.808464243595314e-05,5.909834067832562e-05,4.444570557716648e-05
ellipse,93,0.8,sampling_plus_direction_rss,1,0.030851742010297636,0.09105901279466358,0.5141957001716273,1.517650213244393,1,0.0,5.1504781822636274e-05,3.808464243595314e-05,5.909834067832562e-05,4.444570557716648e-05
ellipse,93,0.9,sampling_only,1,0.029596385898299545,0.041617881058259414,0.49327309830499244,0.6936313509709903,1,0.0,5.1504781822636274e-05,3.808464243595314e-05,5.909834067832562e-05,4.444570557716648e-05
ellipse,93,0.9,sampling_plus_direction_additive,1,0.04087741882676771,0.11848820942949691,0.6812903137794618,1.9748034904916152,1,0.0,5.1504781822636274e-05,3.808464243595314e-05,5.909834067832562e-05,4.444570557716648e-05
ellipse,93,0.9,sampling_plus_direction_rss,1,0.0321014073814835,0.09474740403642491,0.5350234563580584,1.579123400607082,1,0.0,5.1504781822636274e-05,3.808464243595314e-05,5.909834067832562e-05,4.444570557716648e-05
ellipse,93,0.95,sampling_only,1,0.030709178518770565,0.043182669106381626,0.5118196419795095,0.7197111517730271,1,0.0,5.1504781822636274e-05,3.808464243595314e-05,5.909834067832562e-05,4.444570557716648e-05
ellipse,93,0.95,sampling_plus_direction_additive,1,0.042414366282806384,0.12294324003759372,0.7069061047134397,2.049054000626562,0,0.0,5.1504781822636274e-05,3.808464243595314e-05,5.909834067832562e-05,4.444570557716648e-05
ellipse,93,0.95,sampling_plus_direction_rss,1,0.03330838614448515,0.09830980562095681,0.5551397690747525,1.6384967603492804,1,0.0,5.1504781822636274e-05,3.808464243595314e-05,5.909834067832562e-05,4.444570557716648e-05
ellipse,93,0.99,sampling_only,1,0.03316074644983537,0.04663001781010156,0.5526791074972561,0.7771669635016927,1,0.0,5.1504781822636274e-05,3.808464243595314e-05,5.909834067832562e-05,4.444570557716648e-05
ellipse,93,0.99,sampling_plus_direction_additive,1,0.045800380015860384,0.132758015917487,0.7633396669310064,2.2126335986247834,0,0.0,5.1504781822636274e-05,3.808464243595314e-05,5.909834067832562e-05,4.444570557716648e-05
ellipse,93,0.99,sampling_plus_direction_rss,1,0.03596745340860719,0.10615805094677157,0.5994575568101199,1.7693008491128595,1,0.0,5.1504781822636274e-05,3.808464243595314e-05,5.909834067832562e-05,4.444570557716648e-05
ellipse,94,0.8,sampling_only,1,0.028370147059893432,0.04060724989078086,0.4728357843315572,0.676787498179681,1,0.0,5.105901489565936e-05,3.8834928434455924e-05,5.945330172291963e-05,4.510651502502638e-05
ellipse,94,0.8,sampling_plus_direction_additive,1,0.03939887480209297,0.17140478186097635,0.6566479133682162,2.856746364349606,0,0.0,5.105901489565936e-05,3.8834928434455924e-05,5.945330172291963e-05,4.510651502502638e-05
ellipse,94,0.8,sampling_plus_direction_rss,1,0.030771623237341516,0.1420287134515229,0.5128603872890253,2.3671452241920483,0,0.0,5.105901489565936e-05,3.8834928434455924e-05,5.945330172291963e-05,4.510651502502638e-05
ellipse,94,0.9,sampling_only,1,0.029519294175941718,0.04225206702916683,0.4919882362656953,0.7042011171527806,1,0.0,5.105901489565936e-05,3.8834928434455924e-05,5.945330172291963e-05,4.510651502502638e-05
ellipse,94,0.9,sampling_plus_direction_additive,1,0.04099474609802918,0.17834761900371646,0.6832457683004863,2.9724603167286077,0,0.0,5.105901489565936e-05,3.8834928434455924e-05,5.945330172291963e-05,4.510651502502638e-05
ellipse,94,0.9,sampling_plus_direction_rss,1,0.03201804335721834,0.14778165812658234,0.533634055953639,2.463027635443039,0,0.0,5.105901489565936e-05,3.8834928434455924e-05,5.945330172291963e-05,4.510651502502638e-05
ellipse,94,0.95,sampling_only,1,0.030629188229674427,0.043840699795048066,0.5104864704945739,0.7306783299174678,1,0.0,5.105901489565936e-05,3.8834928434455924e-05,5.945330172291963e-05,4.510651502502638e-05
ellipse,94,0.95,sampling_plus_direction_additive,1,0.04253610493463602,0.1850532997239194,0.7089350822439336,3.0842216620653233,0,0.0,5.105901489565936e-05,3.8834928434455924e-05,5.945330172291963e-05,4.510651502502638e-05
ellipse,94,0.95,sampling_plus_direction_rss,1,0.033221887721603414,0.1533380912386969,0.5536981286933903,2.555634853978282,0,0.0,5.105901489565936e-05,3.8834928434455924e-05,5.945330172291963e-05,4.510651502502638e-05
ellipse,94,0.99,sampling_only,1,0.033074370394756435,0.04734058025024436,0.5512395065792739,0.789009670837406,1,0.0,5.105901489565936e-05,3.8834928434455924e-05,5.945330172291963e-05,4.510651502502638e-05
ellipse,94,0.99,sampling_plus_direction_additive,1,0.04593183727916686,0.1998264313094349,0.7655306213194477,3.330440521823915,0,0.0,5.105901489565936e-05,3.8834928434455924e-05,5.945330172291963e-05,4.510651502502638e-05
ellipse,94,0.99,sampling_plus_direction_rss,1,0.035874049663933975,0.16557934174501385,0.597900827732233,2.7596556957502307,0,0.0,5.105901489565936e-05,3.8834928434455924e-05,5.945330172291963e-05,4.510651502502638e-05
ellipse,95,0.8,sampling_only,1,0.02811946582374844,0.046269887412687116,0.4686577637291407,0.771164790211452,1,0.0,5.036232440663979e-05,3.8272796809556665e-05,5.723425834985424e-05,4.452626670022608e-05
ellipse,95,0.8,sampling_plus_direction_additive,1,0.038401862455149496,0.10002510402796386,0.6400310409191583,1.667085067132731,1,0.0,5.036232440663979e-05,3.8272796809556665e-05,5.723425834985424e-05,4.452626670022608e-05
ellipse,95,0.8,sampling_plus_direction_rss,1,0.03011906268943469,0.07569847269529144,0.5019843781572448,1.2616412115881908,1,0.0,5.036232440663979e-05,3.8272796809556665e-05,5.723425834985424e-05,4.452626670022608e-05
ellipse,95,0.9,sampling_only,1,0.029258458969887612,0.048144072540029496,0.48764098283146023,0.8024012090004916,1,0.0,5.036232440663979e-05,3.8272796809556665e-05,5.723425834985424e-05,4.452626670022608e-05
ellipse,95,0.9,sampling_plus_direction_additive,1,0.03995734926309782,0.10407667131746372,0.6659558210516303,1.7346111886243953,1,0.0,5.036232440663979e-05,3.8272796809556665e-05,5.723425834985424e-05,4.452626670022608e-05
ellipse,95,0.9,sampling_plus_direction_rss,1,0.03133905051517885,0.07876467751275006,0.5223175085863142,1.312744625212501,1,0.0,5.036232440663979e-05,3.8272796809556665e-05,5.723425834985424e-05,4.452626670022608e-05
ellipse,95,0.95,sampling_only,1,0.030358545897390333,0.04995423844427406,0.5059757649565055,0.832570640737901,1,0.0,5.036232440663979e-05,3.8272796809556665e-05,5.723425834985424e-05,4.452626670022608e-05
ellipse,95,0.95,sampling_plus_direction_additive,1,0.04145970308245767,0.10798984342581618,0.6909950513742946,1.799830723763603,1,0.0,5.036232440663979e-05,3.8272796809556665e-05,5.723425834985424e-05,4.452626670022608e-05
ellipse,95,0.95,sampling_plus_direction_rss,1,0.032517365471122966,0.08172614558493801,0.5419560911853828,1.3621024264156336,1,0.0,5.036232440663979e-05,3.8272796809556665e-05,5.723425834985424e-05,4.452626670022608e-05
ellipse,95,0.99,sampling_only,1,0.03278212220733002,0.053942173481868465,0.5463687034555004,0.8990362246978078,1,0.0,5.036232440663979e-05,3.8272796809556665e-05,5.723425834985424e-05,4.452626670022608e-05
ellipse,95,0.99,sampling_plus_direction_additive,1,0.04476950436699203,0.11661086325744789,0.7461584061165338,1.9435143876241316,1,0.0,5.036232440663979e-05,3.8272796809556665e-05,5.723425834985424e-05,4.452626670022608e-05
ellipse,95,0.99,sampling_plus_direction_rss,1,0.03511328415852751,0.08825048805548315,0.5852214026421252,1.470841467591386,1,0.0,5.036232440663979e-05,3.8272796809556665e-05,5.723425834985424e-05,4.452626670022608e-05
ellipse,96,0.8,sampling_only,1,0.028197682589243555,0.043082960554606795,0.4699613764873926,0.7180493425767799,1,0.0,5.0561223911129105e-05,3.83607050773501e-05,5.8389168848935064e-05,4.469058027627451e-05
ellipse,96,0.8,sampling_plus_direction_additive,1,0.03801142623777304,0.10004122359523074,0.6335237706295507,1.667353726587179,1,0.0,5.0561223911129105e-05,3.83607050773501e-05,5.8389168848935064e-05,4.469058027627451e-05
ellipse,96,0.8,sampling_plus_direction_rss,1,0.02998068548978144,0.0717620892439502,0.4996780914963574,1.1960348207325033,1,0.0,5.0561223911129105e-05,3.83607050773501e-05,5.8389168848935064e-05,4.469058027627451e-05
ellipse,96,0.9,sampling_only,1,0.029339843944920223,0.04482805760213456,0.48899739908200374,0.7471342933689094,1,0.0,5.0561223911129105e-05,3.83607050773501e-05,5.8389168848935064e-05,4.469058027627451e-05
ellipse,96,0.9,sampling_plus_direction_additive,1,0.03955109822980758,0.10409344381593316,0.659184970496793,1.7348907302655527,1,0.0,5.0561223911129105e-05,3.83607050773501e-05,5.8389168848935064e-05,4.469058027627451e-05
ellipse,96,0.9,sampling_plus_direction_rss,1,0.031195068277258695,0.07466884886427186,0.5199178046209783,1.244480814404531,1,0.0,5.0561223911129105e-05,3.83607050773501e-05,5.8389168848935064e-05,4.469058027627451e-05
ellipse,96,0.95,sampling_only,1,0.03044299086089399,0.04651354487281417,0.5073831810148999,0.7752257478802362,1,0.0,5.0561223911129105e-05,3.83607050773501e-05,5.8389168848935064e-05,4.469058027627451e-05
ellipse,96,0.95,sampling_plus_direction_additive,1,0.04103817744254968,0.10800724655238284,0.6839696240424947,1.8001207758730473,1,0.0,5.0561223911129105e-05,3.83607050773501e-05,5.8389168848935064e-05,4.469058027627451e-05
ellipse,96,0.95,sampling_plus_direction_rss,1,0.032367969654248034,0.07747631813706579,0.5394661609041339,1.2912719689510965,1,0.0,5.0561223911129105e-05,3.83607050773501e-05,5.8389168848935064e-05,4.469058027627451e-05
ellipse,96,0.99,sampling_only,1,0.03287330856133811,0.05022680326885478,0.5478884760223018,0.8371133878142464,1,0.0,5.0561223911129105e-05,3.83607050773501e-05,5.8389168848935064e-05,4.469058027627451e-05
ellipse,96,0.99,sampling_plus_direction_additive,1,0.04431432759114471,0.11662965570632955,0.7385721265190786,1.9438275951054926,0,0.0,5.0561223911129105e-05,3.83607050773501e-05,5.8389168848935064e-05,4.469058027627451e-05
ellipse,96,0.99,sampling_plus_direction_rss,1,0.03495196180986789,0.08366138938036549,0.5825326968311315,1.3943564896727583,1,0.0,5.0561223911129105e-05,3.83607050773501e-05,5.8389168848935064e-05,4.469058027627451e-05
ellipse,97,0.8,sampling_only,1,0.028709653321594194,0.041257764316711354,0.47849422202656994,0.6876294052785226,1,0.0,5.241548028280974e-05,3.784560409695434e-05,6.16275909787229e-05,4.435979449918648e-05
ellipse,97,0.8,sampling_plus_direction_additive,1,0.03934866887573732,0.08679825966252074,0.6558111479289553,1.4466376610420124,1,0.0,5.241548028280974e-05,3.784560409695434e-05,6.16275909787229e-05,4.435979449918648e-05
ellipse,97,0.8,sampling_plus_direction_rss,1,0.030852615685530507,0.06536863890436811,0.5142102614255085,1.0894773150728019,1,0.0,5.241548028280974e-05,3.784560409695434e-05,6.16275909787229e-05,4.435979449918648e-05
ellipse,97,0.9,sampling_only,1,0.02987255231001347,0.04292893087002732,0.49787587183355786,0.715482181167122,1,0.0,5.241548028280974e-05,3.784560409695434e-05,6.16275909787229e-05,4.435979449918648e-05
ellipse,97,0.9,sampling_plus_direction_additive,1,0.04094250655530353,0.09031406694961808,0.6823751092550588,1.5052344491603014,1,0.0,5.241548028280974e-05,3.784560409695434e-05,6.16275909787229e-05,4.435979449918648e-05
ellipse,97,0.9,sampling_plus_direction_rss,1,0.032102316445372356,0.06801642859394469,0.5350386074228726,1.1336071432324115,1,0.0,5.241548028280974e-05,3.784560409695434e-05,6.16275909787229e-05,4.435979449918648e-05
ellipse,97,0.95,sampling_only,1,0.030995728493735535,0.044543012996170354,0.5165954748955923,0.7423835499361726,1,0.0,5.241548028280974e-05,3.784560409695434e-05,6.16275909787229e-05,4.435979449918648e-05
ellipse,97,0.95,sampling_plus_direction_additive,1,0.04248190124068455,0.09370977977656952,0.7080316873447425,1.5618296629428254,1,0.0,5.241548028280974e-05,3.784560409695434e-05,6.16275909787229e-05,4.435979449918648e-05
ellipse,97,0.95,sampling_plus_direction_rss,1,0.03330932938820901,0.07057377394246862,0.5551554898034835,1.1762295657078103,1,0.0,5.241548028280974e-05,3.784560409695434e-05,6.16275909787229e-05,4.435979449918648e-05
ellipse,97,0.99,sampling_only,1,0.033470172215139114,0.048098960353982825,0.5578362035856519,0.8016493392330472,1,0.0,5.241548028280974e-05,3.784560409695434e-05,6.16275909787229e-05,4.435979449918648e-05
ellipse,97,0.99,sampling_plus_direction_additive,1,0.04587330640864323,0.10119079691895123,0.7645551068107206,1.6865132819825206,1,0.0,5.241548028280974e-05,3.784560409695434e-05,6.16275909787229e-05,4.435979449918648e-05
ellipse,97,0.99,sampling_plus_direction_rss,1,0.035968471953142615,0.07620780289787747,0.5994745325523769,1.2701300482979578,1,0.0,5.241548028280974e-05,3.784560409695434e-05,6.16275909787229e-05,4.435979449918648e-05
ellipse,98,0.8,sampling_only,1,0.02813699750480443,0.04140062520808421,0.4689499584134072,0.6900104201347369,1,0.0,5.03141549656165e-05,3.842109391141085e-05,5.777424027553542e-05,4.477179090670537e-05
ellipse,98,0.8,sampling_plus_direction_additive,1,0.03862710870593182,0.10501579537959108,0.6437851450988636,1.750263256326518,1,0.0,5.03141549656165e-05,3.842109391141085e-05,5.777424027553542e-05,4.477179090670537e-05
ellipse,98,0.8,sampling_plus_direction_rss,1,0.030208541195498127,0.08105603972534298,0.5034756865916354,1.350933995422383,1,0.0,5.03141549656165e-05,3.842109391141085e-05,5.777424027553542e-05,4.477179090670537e-05
ellipse,98,0.9,sampling_only,1,0.02927670078052744,0.04307757841386167,0.4879450130087907,0.7179596402310279,1,0.0,5.03141549656165e-05,3.842109391141085e-05,5.777424027553542e-05,4.477179090670537e-05
ellipse,98,0.9,sampling_plus_direction_additive,1,0.0401917192268782,0.10926951313950274,0.6698619871146366,1.8211585523250458,0,0.0,5.03141549656165e-05,3.842109391141085e-05,5.777424027553542e-05,4.477179090670537e-05
ellipse,98,0.9,sampling_plus_direction_rss,1,0.031432153393261726,0.08433925549761341,0.5238692232210288,1.405654258293557,1,0.0,5.03141549656165e-05,3.842109391141085e-05,5.777424027553542e-05,4.477179090670537e-05
ellipse,98,0.95,sampling_only,1,0.0303774735807017,0.04469724952949817,0.5062912263450283,0.7449541588249695,1,0.0,5.03141549656165e-05,3.842109391141085e-05,5.777424027553542e-05,4.477179090670537e-05
ellipse,98,0.95,sampling_plus_direction_additive,1,0.04170288510751645,0.11337793057539941,0.6950480851252742,1.8896321762566568,0,0.0,5.03141549656165e-05,3.842109391141085e-05,5.777424027553542e-05,4.477179090670537e-05
ellipse,98,0.95,sampling_plus_direction_rss,1,0.03261396891836422,0.08751032177091661,0.5435661486394037,1.4585053628486102,1,0.0,5.03141549656165e-05,3.842109391141085e-05,5.777424027553542e-05,4.477179090670537e-05
ellipse,98,0.99,sampling_only,1,0.032802560921012545,0.04826550986203493,0.5467093486835425,0.8044251643672489,1,0.0,5.03141549656165e-05,3.842109391141085e-05,5.777424027553542e-05,4.477179090670537e-05
ellipse,98,0.99,sampling_plus_direction_additive,1,0.045032100042392546,0.1224290909155969,0.7505350007065424,2.0404848485932816,0,0.0,5.03141549656165e-05,3.842109391141085e-05,5.777424027553542e-05,4.477179090670537e-05
ellipse,98,0.99,sampling_plus_direction_rss,1,0.03521759962949295,0.09449642523700601,0.5869599938248826,1.5749404206167668,1,0.0,5.03141549656165e-05,3.842109391141085e-05,5.777424027553542e-05,4.477179090670537e-05
ellipse,99,0.8,sampling_only,1,0.028504806406669747,0.046134403685700626,0.47508010677782914,0.7689067280950105,1,0.0,5.167390524920355e-05,3.7642860855578624e-05,5.8804843811034014e-05,4.4172791420924065e-05
ellipse,99,0.8,sampling_plus_direction_additive,1,0.0392343104216958,0.2895618896671863,0.65390517369493,4.8260314944531055,0,0.0,5.167390524920355e-05,3.7642860855578624e-05,5.8804843811034014e-05,4.4172791420924065e-05
ellipse,99,0.8,sampling_plus_direction_rss,1,0.030821480608810674,0.26068790482421195,0.5136913434801779,4.344798413736866,0,0.0,5.167390524920355e-05,3.7642860855578624e-05,5.8804843811034014e-05,4.4172791420924065e-05
ellipse,99,0.9,sampling_only,1,0.029659407967478946,0.04800310097634589,0.4943234661246491,0.8000516829390982,1,0.0,5.167390524920355e-05,3.7642860855578624e-05,5.8804843811034014e-05,4.4172791420924065e-05
ellipse,99,0.9,sampling_plus_direction_additive,1,0.04082351595440072,0.3012907400579178,0.6803919325733454,5.02151233429863,0,0.0,5.167390524920355e-05,3.7642860855578624e-05,5.8804843811034014e-05,4.4172791420924065e-05
ellipse,99,0.9,sampling_plus_direction_rss,1,0.03206992022666601,0.27124719989536483,0.5344986704444334,4.520786664922747,0,0.0,5.167390524920355e-05,3.7642860855578624e-05,5.8804843811034014e-05,4.4172791420924065e-05
ellipse,99,0.95,sampling_only,1,0.030774570150698295,0.049807966499783744,0.5129095025116382,0.8301327749963958,1,0.0,5.167390524920355e-05,3.7642860855578624e-05,5.8804843811034014e-05,4.4172791420924065e-05
ellipse,99,0.95,sampling_plus_direction_additive,1,0.04235843671978878,0.31261895132346856,0.7059739453298131,5.210315855391143,0,0.0,5.167390524920355e-05,3.7642860855578624e-05,5.8804843811034014e-05,4.4172791420924065e-05
ellipse,99,0.95,sampling_plus_direction_rss,1,0.03327571510614752,0.2814458060158619,0.5545952517691254,4.690763433597699,0,0.0,5.167390524920355e-05,3.7642860855578624e-05,5.8804843811034014e-05,4.4172791420924065e-05
ellipse,99,0.99,sampling_only,1,0.033231358411173605,0.053784224389840395,0.5538559735195601,0.8964037398306732,1,0.0,5.167390524920355e-05,3.7642860855578624e-05,5.8804843811034014e-05,4.4172791420924065e-05
ellipse,99,0.99,sampling_plus_direction_additive,1,0.045739985497096465,0.3375758740636606,0.7623330916182744,5.626264567727676,0,0.0,5.167390524920355e-05,3.7642860855578624e-05,5.8804843811034014e-05,4.4172791420924065e-05
ellipse,99,0.99,sampling_plus_direction_rss,1,0.035932174183605954,0.3039141215372109,0.598869569726766,5.065235358953515,0,0.0,5.167390524920355e-05,3.7642860855578624e-05,5.8804843811034014e-05,4.4172791420924065e-05
