geometry,n,sigma,reach_over_sigma,repeat,method,hausdorff,avg_distance,paired_rmse,median_local_n,min_local_n,min_direction_signal
circle,500,0.03,33.333333333333336,0,mrgap,0.0177861645531618,0.006893600752278102,nan,48.5,38.0,nan
circle,500,0.03,33.333333333333336,0,manifold_fitting,0.015770975832207535,0.0049039561986611606,nan,8.0,3.0,nan
circle,500,0.03,33.333333333333336,0,ours,0.0330402972174924,0.010991092797752695,nan,11.0,11.0,0.007778526489990103
circle,500,0.03,33.333333333333336,1,mrgap,0.02052933477469266,0.006332160011958294,nan,48.5,35.0,nan
circle,500,0.03,33.333333333333336,1,manifold_fitting,0.017810794058995376,0.004910618211312197,nan,9.0,2.0,nan
circle,500,0.03,33.333333333333336,1,ours,0.03985545494006549,0.011732575546023541,nan,11.0,11.0,0.013138522527222304
circle,500,0.03,33.333333333333336,2,mrgap,0.02191986638079026,0.007485115847481869,nan,48.0,37.0,nan
circle,500,0.03,33.333333333333336,2,manifold_fitting,0.018825730136930004,0.007421923848696915,nan,9.0,3.0,nan
circle,500,0.03,33.333333333333336,2,ours,0.038707508314488034,0.01091227241753515,nan,11.0,11.0,0.01488358845059798
circle,500,0.06,16.666666666666668,0,mrgap,0.03020404496775941,0.01233689307086884,nan,46.0,33.0,nan
circle,500,0.06,16.666666666666668,0,manifold_fitting,0.02832847723076853,0.010938109094020366,nan,15.0,5.0,nan
circle,500,0.06,16.666666666666668,0,ours,0.06447626635851965,0.017297374271087403,nan,12.0,11.0,0.04265097255185715
circle,500,0.06,16.666666666666668,1,mrgap,0.035424510543116176,0.012689174127626015,nan,46.0,32.0,nan
circle,500,0.06,16.666666666666668,1,manifold_fitting,0.03128064147157625,0.011703810434016824,nan,14.0,5.0,nan
circle,500,0.06,16.666666666666668,1,ours,0.05804440548904401,0.015607008918713968,nan,12.0,11.0,0.03342584353631752
circle,500,0.06,16.666666666666668,2,mrgap,0.06069080859579582,0.015666177700557015,nan,46.5,32.0,nan
circle,500,0.06,16.666666666666668,2,manifold_fitting,0.03703382443211335,0.015934161809462815,nan,14.0,4.0,nan
circle,500,0.06,16.666666666666668,2,ours,0.048592074029557,0.017650124013278208,nan,13.5,11.0,0.0048381388878813904
circle,500,0.1,10.0,0,mrgap,0.12159885823178049,0.02628183376768113,nan,45.0,39.0,nan
circle,500,0.1,10.0,0,manifold_fitting,0.05316913508288583,0.030004347345133565,nan,22.0,11.0,nan
circle,500,0.1,10.0,0,ours,0.06059797681212096,0.021983893433311898,nan,18.0,11.0,0.07294298718249684
circle,500,0.1,10.0,1,mrgap,0.16469853197915002,0.0295700065330587,nan,45.0,34.0,nan
circle,500,0.1,10.0,1,manifold_fitting,0.06569915440163711,0.036498747052498504,nan,23.0,10.0,nan
circle,500,0.1,10.0,1,ours,0.09135030187071796,0.032955902065123624,nan,19.0,11.0,0.08078328769393683
circle,500,0.1,10.0,2,mrgap,0.12331204941320179,0.02563468502105777,nan,46.0,34.0,nan
circle,500,0.1,10.0,2,manifold_fitting,0.04972386952706495,0.020654517543163668,nan,22.0,8.0,nan
circle,500,0.1,10.0,2,ours,0.060682956167617694,0.017489149545698413,nan,19.0,11.0,0.08038452272923885
circle,1000,0.03,33.333333333333336,0,mrgap,0.01695612685698734,0.004817487522542159,nan,97.0,74.0,nan
circle,1000,0.03,33.333333333333336,0,manifold_fitting,0.010882714472486066,0.004915951564863123,nan,12.0,2.0,nan
circle,1000,0.03,33.333333333333336,0,ours,0.029601109282633927,0.007838916476397409,nan,11.0,11.0,0.009647505157788566
circle,1000,0.03,33.333333333333336,1,mrgap,0.012430983451590459,0.004825662273410991,nan,97.0,73.0,nan
circle,1000,0.03,33.333333333333336,1,manifold_fitting,0.01436752222305351,0.004778942932358284,nan,13.0,4.0,nan
circle,1000,0.03,33.333333333333336,1,ours,0.02767936165645421,0.007936709852580907,nan,11.0,11.0,0.012077438660912636
circle,1000,0.03,33.333333333333336,2,mrgap,0.012652111639997455,0.004609321202923158,nan,96.0,77.0,nan
circle,1000,0.03,33.333333333333336,2,manifold_fitting,0.01124143751937878,0.005002218508689777,nan,12.0,3.0,nan
circle,1000,0.03,33.333333333333336,2,ours,0.033754667987890966,0.008823323829859477,nan,11.0,11.0,0.017902338303376283
circle,1000,0.06,16.666666666666668,0,mrgap,0.03819066593702926,0.011668496546232102,nan,94.0,80.0,nan
circle,1000,0.06,16.666666666666668,0,manifold_fitting,0.037543800648503795,0.011776341542782728,nan,22.0,10.0,nan
circle,1000,0.06,16.666666666666668,0,ours,0.04753817918752923,0.014510088001748859,nan,20.0,12.0,0.02566444682032146
circle,1000,0.06,16.666666666666668,1,mrgap,0.03010298897649101,0.009141678981499913,nan,93.0,76.0,nan
circle,1000,0.06,16.666666666666668,1,manifold_fitting,0.019488165261387,0.007355944445549604,nan,22.0,8.0,nan
circle,1000,0.06,16.666666666666668,1,ours,0.042795961459540524,0.01224017327646542,nan,19.0,11.0,0.03967204640836313
circle,1000,0.06,16.666666666666668,2,mrgap,0.034841500023238055,0.010801331928544274,nan,92.0,78.0,nan
circle,1000,0.06,16.666666666666668,2,manifold_fitting,0.021789728140520975,0.011225884598954725,nan,20.0,10.0,nan
circle,1000,0.06,16.666666666666668,2,ours,0.05537534878905203,0.015245285843552597,nan,18.5,12.0,0.04360787916951653
circle,1000,0.1,10.0,0,mrgap,0.1184401277949423,0.01831199884100852,nan,89.0,74.0,nan
circle,1000,0.1,10.0,0,manifold_fitting,0.04441818273745442,0.01733167857575,nan,35.0,17.0,nan
circle,1000,0.1,10.0,0,ours,0.07068235917432307,0.016488532888372633,nan,32.0,20.0,0.05031354196490945
circle,1000,0.1,10.0,1,mrgap,0.13863292032627889,0.019284005226521128,nan,91.0,72.0,nan
circle,1000,0.1,10.0,1,manifold_fitting,0.03286902794641778,0.018915635435604705,nan,36.0,18.0,nan
circle,1000,0.1,10.0,1,ours,0.046317670388597,0.016417897388550068,nan,31.0,20.0,0.07450214271601417
circle,1000,0.1,10.0,2,mrgap,0.14824727465902202,0.02205481762926256,nan,89.0,76.0,nan
circle,1000,0.1,10.0,2,manifold_fitting,0.035548647591967214,0.02085064342653982,nan,36.0,16.0,nan
circle,1000,0.1,10.0,2,ours,0.0700789011199115,0.021987772140088672,nan,31.5,22.0,0.07448383283896583
circle,3000,0.03,33.333333333333336,0,mrgap,0.008364264543235626,0.003285680131713122,nan,287.0,254.0,nan
circle,3000,0.03,33.333333333333336,0,manifold_fitting,0.006823025153277616,0.003000141944693363,nan,27.0,12.0,nan
circle,3000,0.03,33.333333333333336,0,ours,0.0183889012567022,0.005691004437788846,nan,24.0,16.0,0.010507321622663072
circle,3000,0.03,33.333333333333336,1,mrgap,0.007599908594431412,0.002693855336834336,nan,286.5,243.0,nan
circle,3000,0.03,33.333333333333336,1,manifold_fitting,0.006615431508797467,0.002189381442647652,nan,27.0,11.0,nan
circle,3000,0.03,33.333333333333336,1,ours,0.017606321056997314,0.005743895686766537,nan,25.0,11.0,0.02028634787627179
circle,3000,0.03,33.333333333333336,2,mrgap,0.008160832925562855,0.003488841746366939,nan,285.0,250.0,nan
circle,3000,0.03,33.333333333333336,2,manifold_fitting,0.00572785327594754,0.0028572454029715914,nan,27.0,12.0,nan
circle,3000,0.03,33.333333333333336,2,ours,0.019038441183847763,0.005752835295079902,nan,25.0,13.0,0.01856462797606599
circle,3000,0.06,16.666666666666668,0,mrgap,0.019470623852400813,0.006124955877746455,nan,278.0,254.0,nan
circle,3000,0.06,16.666666666666668,0,manifold_fitting,0.01657662664320065,0.006853702907892602,nan,48.0,32.0,nan
circle,3000,0.06,16.666666666666668,0,ours,0.024031175572162645,0.008296662056093359,nan,47.0,35.0,0.04852713045057006
circle,3000,0.06,16.666666666666668,0,ours_oracle_direction,0.025722992036835392,0.008423888682122117,nan,nan,nan,nan
circle,3000,0.06,16.666666666666668,1,mrgap,0.01422361700547169,0.006636413132605167,nan,279.0,248.0,nan
circle,3000,0.06,16.666666666666668,1,manifold_fitting,0.014652978059154264,0.006456252300788146,nan,49.0,29.0,nan
circle,3000,0.06,16.666666666666668,1,ours,0.036129563085524855,0.008716315027255579,nan,45.5,29.0,0.03779438573132926
circle,3000,0.06,16.666666666666668,1,ours_oracle_direction,0.036501194784909215,0.00939373276125047,nan,nan,nan,nan
circle,3000,0.06,16.666666666666668,2,mrgap,0.014617839806019974,0.005008127901122112,nan,277.5,262.0,nan
circle,3000,0.06,16.666666666666668,2,manifold_fitting,0.01629167429021007,0.005342984517582642,nan,51.0,32.0,nan
circle,3000,0.06,16.666666666666668,2,ours,0.02569651895352244,0.007504942868537702,nan,47.5,32.0,0.04128002916182826
circle,3000,0.06,16.666666666666668,2,ours_oracle_direction,0.026461869019406604,0.006829332045860971,nan,nan,nan,nan
circle,3000,0.06,16.666666666666668,3,mrgap,0.01417146316026039,0.005777278456038679,nan,278.5,260.0,nan
circle,3000,0.06,16.666666666666668,3,manifold_fitting,0.01168696629763562,0.004120218976598035,nan,49.0,32.0,nan
circle,3000,0.06,16.666666666666668,3,ours,0.03483121894478372,0.008709218115303981,nan,46.0,34.0,0.04561245725741398
circle,3000,0.06,16.666666666666668,3,ours_oracle_direction,0.03455663129700331,0.00877631877765981,nan,nan,nan,nan
circle,3000,0.06,16.666666666666668,4,mrgap,0.014279693995421514,0.004478482380646871,nan,284.0,247.0,nan
circle,3000,0.06,16.666666666666668,4,manifold_fitting,0.011777920098314886,0.004786539539027877,nan,49.0,29.0,nan
circle,3000,0.06,16.666666666666668,4,ours,0.029065840864436157,0.008409558489951055,nan,46.0,30.0,0.04085038686605349
circle,3000,0.06,16.666666666666668,4,ours_oracle_direction,0.026921767076443906,0.007730752125125409,nan,nan,nan,nan
circle,3000,0.06,16.666666666666668,5,mrgap,0.01656492072624372,0.006369907559209351,nan,280.0,255.0,nan
circle,3000,0.06,16.666666666666668,5,manifold_fitting,0.013122243099312838,0.004235942976226332,nan,48.0,31.0,nan
circle,3000,0.06,16.666666666666668,5,ours,0.023665349471919346,0.008311874290225368,nan,46.0,32.0,0.03820133062377805
circle,3000,0.06,16.666666666666668,5,ours_oracle_direction,0.02642113286258466,0.00876001455625188,nan,nan,nan,nan
circle,3000,0.06,16.666666666666668,6,mrgap,0.01419581582724304,0.0043813652872675335,nan,278.5,250.0,nan
circle,3000,0.06,16.666666666666668,6,manifold_fitting,0.011827063937567484,0.005811165912208275,nan,49.0,33.0,nan
circle,3000,0.06,16.666666666666668,6,ours,0.030119391058718237,0.00786134520303067,nan,46.0,36.0,0.046852501936964656
circle,3000,0.06,16.666666666666668,6,ours_oracle_direction,0.021756336509748217,0.007589798848226184,nan,nan,nan,nan
circle,3000,0.06,16.666666666666668,7,mrgap,0.026006940622780306,0.007991555150854687,nan,276.0,258.0,nan
circle,3000,0.06,16.666666666666668,7,manifold_fitting,0.022956455454846415,0.005757562126235788,nan,49.0,30.0,nan
circle,3000,0.06,16.666666666666668,7,ours,0.02946794015931612,0.010255979824710703,nan,45.0,35.0,0.04241019569733349
circle,3000,0.06,16.666666666666668,7,ours_oracle_direction,0.03166283402348831,0.009931938346786684,nan,nan,nan,nan
circle,3000,0.06,16.666666666666668,8,mrgap,0.013166329141152275,0.00596765128207399,nan,278.0,260.0,nan
circle,3000,0.06,16.666666666666668,8,manifold_fitting,0.01636368418263947,0.0043375236484942,nan,51.0,24.0,nan
circle,3000,0.06,16.666666666666668,8,ours,0.02600368599968499,0.008306250204865858,nan,47.0,25.0,0.04872571148717976
circle,3000,0.06,16.666666666666668,8,ours_oracle_direction,0.026470712718130066,0.00800832154319515,nan,nan,nan,nan
circle,3000,0.06,16.666666666666668,9,mrgap,0.01789619833229225,0.004912348556676401,nan,278.0,259.0,nan
circle,3000,0.06,16.666666666666668,9,manifold_fitting,0.0173136067379881,0.008322134555885902,nan,51.0,32.0,nan
circle,3000,0.06,16.666666666666668,9,ours,0.03796166743285594,0.009138700462221393,nan,47.0,35.0,0.050811915314222834
circle,3000,0.06,16.666666666666668,9,ours_oracle_direction,0.037432304628958746,0.00838632719851246,nan,nan,nan,nan
circle,3000,0.06,16.666666666666668,10,mrgap,0.016327350846711653,0.004570413480429782,nan,282.0,239.0,nan
circle,3000,0.06,16.666666666666668,10,manifold_fitting,0.014353429129457244,0.005364727872694929,nan,51.0,26.0,nan
circle,3000,0.06,16.666666666666668,10,ours,0.024816738705499712,0.008141047104251217,nan,46.0,27.0,0.0459547398099708
circle,3000,0.06,16.666666666666668,10,ours_oracle_direction,0.027902551475768228,0.00763703418125883,nan,nan,nan,nan
circle,3000,0.06,16.666666666666668,11,mrgap,0.016468167778983234,0.005957457333369463,nan,283.0,245.0,nan
circle,3000,0.06,16.666666666666668,11,manifold_fitting,0.011073806619620923,0.004815577693357782,nan,51.0,24.0,nan
circle,3000,0.06,16.666666666666668,11,ours,0.029848938114400883,0.009641144989424689,nan,47.5,29.0,0.04323407788562437
circle,3000,0.06,16.666666666666668,11,ours_oracle_direction,0.027396377907606247,0.009113926338756776,nan,nan,nan,nan
circle,3000,0.06,16.666666666666668,12,mrgap,0.01800152143816114,0.005805329470789865,nan,277.5,253.0,nan
circle,3000,0.06,16.666666666666668,12,manifold_fitting,0.020920486971043862,0.008192362023930528,nan,51.0,28.0,nan
circle,3000,0.06,16.666666666666668,12,ours,0.03849572496439488,0.010424672434327088,nan,47.0,27.0,0.045883263269660586
circle,3000,0.06,16.666666666666668,12,ours_oracle_direction,0.03269545979906687,0.009047950484890734,nan,nan,nan,nan
circle,3000,0.06,16.666666666666668,13,mrgap,0.016995129711721256,0.006093805889530719,nan,280.5,258.0,nan
circle,3000,0.06,16.666666666666668,13,manifold_fitting,0.01954943394047558,0.006834168589337085,nan,49.0,32.0,nan
circle,3000,0.06,16.666666666666668,13,ours,0.03378238743002367,0.009582318888692896,nan,46.0,33.0,0.042962866105460615
circle,3000,0.06,16.666666666666668,13,ours_oracle_direction,0.03162301948730962,0.008644520114020494,nan,nan,nan,nan
circle,3000,0.06,16.666666666666668,14,mrgap,0.01885398839625813,0.006412761555738892,nan,278.0,253.0,nan
circle,3000,0.06,16.666666666666668,14,manifold_fitting,0.019482794133388347,0.0058378327394442,nan,50.0,28.0,nan
circle,3000,0.06,16.666666666666668,14,ours,0.033054605514549494,0.009414466070441845,nan,45.0,33.0,0.044171597757400996
circle,3000,0.06,16.666666666666668,14,ours_oracle_direction,0.03966062312916428,0.008859810340249321,nan,nan,nan,nan
circle,3000,0.06,16.666666666666668,15,mrgap,0.02084323936882641,0.006093863207441359,nan,275.0,259.0,nan
circle,3000,0.06,16.666666666666668,15,manifold_fitting,0.01595207794998367,0.007289278502636186,nan,50.0,31.0,nan
circle,3000,0.06,16.666666666666668,15,ours,0.032143288077290284,0.009050591234796384,nan,47.0,32.0,0.04292031115495075
circle,3000,0.06,16.666666666666668,15,ours_oracle_direction,0.02954141643771257,0.0088054862599932,nan,nan,nan,nan
circle,3000,0.06,16.666666666666668,16,mrgap,0.017364528424083696,0.005513431324302889,nan,277.0,259.0,nan
circle,3000,0.06,16.666666666666668,16,manifold_fitting,0.015549807831771397,0.004957196493835851,nan,50.0,33.0,nan
circle,3000,0.06,16.666666666666668,16,ours,0.027142681704360093,0.008037539169802915,nan,47.0,37.0,0.04679763123521113
circle,3000,0.06,16.666666666666668,16,ours_oracle_direction,0.025588252077889135,0.008606437147508129,nan,nan,nan,nan
circle,3000,0.06,16.666666666666668,17,mrgap,0.020615537492958195,0.006695193518864046,nan,280.0,248.0,nan
circle,3000,0.06,16.666666666666668,17,manifold_fitting,0.013404945459027888,0.006074485847913168,nan,49.0,29.0,nan
circle,3000,0.06,16.666666666666668,17,ours,0.03334624700236256,0.008636307243382364,nan,47.0,32.0,0.03857341446018533
circle,3000,0.06,16.666666666666668,17,ours_oracle_direction,0.03422043977869874,0.00887286628189709,nan,nan,nan,nan
circle,3000,0.06,16.666666666666668,18,mrgap,0.020399833035215285,0.005531164520780404,nan,278.0,248.0,nan
circle,3000,0.06,16.666666666666668,18,manifold_fitting,0.018050842166907152,0.005676746056192672,nan,51.0,28.0,nan
circle,3000,0.06,16.666666666666668,18,ours,0.030935081416270382,0.009612389121455168,nan,47.0,30.0,0.04315267247483134
circle,3000,0.06,16.666666666666668,18,ours_oracle_direction,0.02812255844401767,0.008796649696715796,nan,nan,nan,nan
circle,3000,0.06,16.666666666666668,19,mrgap,0.01662593113887313,0.005993230214940463,nan,276.0,253.0,nan
circle,3000,0.06,16.666666666666668,19,manifold_fitting,0.012620879928900453,0.006418964677685261,nan,51.0,27.0,nan
circle,3000,0.06,16.666666666666668,19,ours,0.034240866716613166,0.010042980687189219,nan,46.0,31.0,0.04295838659010224
circle,3000,0.06,16.666666666666668,19,ours_oracle_direction,0.03563169859662433,0.00883000638636806,nan,nan,nan,nan
circle,3000,0.06,16.666666666666668,20,mrgap,0.017000464150437856,0.005530559210358792,nan,278.5,252.0,nan
circle,3000,0.06,16.666666666666668,20,manifold_fitting,0.014685665189651156,0.004113039605025608,nan,50.0,28.0,nan
circle,3000,0.06,16.666666666666668,20,ours,0.027517336886161,0.008093425456383968,nan,46.0,31.0,0.0409320342441674
circle,3000,0.06,16.666666666666668,20,ours_oracle_direction,0.030026770237308202,0.008156526933690629,nan,nan,nan,nan
circle,3000,0.06,16.666666666666668,21,mrgap,0.014329045635858127,0.0051177051696206744,nan,277.0,251.0,nan
circle,3000,0.06,16.666666666666668,21,manifold_fitting,0.012738343477022953,0.005766627456305521,nan,51.0,28.0,nan
circle,3000,0.06,16.666666666666668,21,ours,0.0325445799641443,0.008938886802436239,nan,45.5,35.0,0.04233361041388307
circle,3000,0.06,16.666666666666668,21,ours_oracle_direction,0.031892554498728055,0.0076410330186451395,nan,nan,nan,nan
circle,3000,0.06,16.666666666666668,22,mrgap,0.01890434262295911,0.0064637600027063315,nan,280.0,250.0,nan
circle,3000,0.06,16.666666666666668,22,manifold_fitting,0.014764727660942601,0.004902308397085442,nan,50.0,30.0,nan
circle,3000,0.06,16.666666666666668,22,ours,0.02472149648320205,0.008512792573503174,nan,47.0,29.0,0.04326804066819934
circle,3000,0.06,16.666666666666668,22,ours_oracle_direction,0.027416543075766724,0.007970659607856829,nan,nan,nan,nan
circle,3000,0.06,16.666666666666668,23,mrgap,0.019855804389483783,0.005827876482634681,nan,282.0,253.0,nan
circle,3000,0.06,16.666666666666668,23,manifold_fitting,0.013236668535059812,0.007094310392377677,nan,51.0,23.0,nan
circle,3000,0.06,16.666666666666668,23,ours,0.029230892618079235,0.009215693489347896,nan,48.0,22.0,0.03708135178626461
circle,3000,0.06,16.666666666666668,23,ours_oracle_direction,0.02995722325516934,0.008577926226283561,nan,nan,nan,nan
circle,3000,0.06,16.666666666666668,24,mrgap,0.019497134035269877,0.006227446875634941,nan,280.0,261.0,nan
circle,3000,0.06,16.666666666666668,24,manifold_fitting,0.014053501389957883,0.0066667804991017675,nan,51.0,27.0,nan
circle,3000,0.06,16.666666666666668,24,ours,0.03267321609551638,0.010377320263150466,nan,48.0,31.0,0.03826374524876745
circle,3000,0.06,16.666666666666668,24,ours_oracle_direction,0.027615981475163028,0.009787972655638136,nan,nan,nan,nan
circle,3000,0.06,16.666666666666668,25,mrgap,0.017648843984063325,0.00507514253758457,nan,280.5,253.0,nan
circle,3000,0.06,16.666666666666668,25,manifold_fitting,0.011754136601095453,0.004051121197504011,nan,50.0,31.0,nan
circle,3000,0.06,16.666666666666668,25,ours,0.025377162959498413,0.007742280948679507,nan,47.0,30.0,0.03593781445710064
circle,3000,0.06,16.666666666666668,25,ours_oracle_direction,0.03145807877938141,0.007252597155968413,nan,nan,nan,nan
circle,3000,0.06,16.666666666666668,26,mrgap,0.023525059500279083,0.00659852846977837,nan,279.0,253.0,nan
circle,3000,0.06,16.666666666666668,26,manifold_fitting,0.021363478659492997,0.006839817506019223,nan,50.0,28.0,nan
circle,3000,0.06,16.666666666666668,26,ours,0.03696183199202276,0.009606066179539866,nan,47.0,31.0,0.041606805961007076
circle,3000,0.06,16.666666666666668,26,ours_oracle_direction,0.03145777004625588,0.009254451173580567,nan,nan,nan,nan
circle,3000,0.06,16.666666666666668,27,mrgap,0.017450678458893164,0.005498267693224567,nan,276.0,256.0,nan
circle,3000,0.06,16.666666666666668,27,manifold_fitting,0.012714609682420629,0.005566039316868677,nan,50.0,26.0,nan
circle,3000,0.06,16.666666666666668,27,ours,0.02738164475817538,0.009467854253742233,nan,46.0,28.0,0.04162513762703446
circle,3000,0.06,16.666666666666668,27,ours_oracle_direction,0.03165229418974002,0.008977801518851133,nan,nan,nan,nan
circle,3000,0.06,16.666666666666668,28,mrgap,0.024831490635949853,0.00631653159725647,nan,277.0,251.0,nan
circle,3000,0.06,16.666666666666668,28,manifold_fitting,0.012877607972298992,0.004550437041265664,nan,50.0,25.0,nan
circle,3000,0.06,16.666666666666668,28,ours,0.04437862180976977,0.008884106838198966,nan,46.5,30.0,0.04067450382247623
circle,3000,0.06,16.666666666666668,28,ours_oracle_direction,0.026833352467018172,0.00839144152006086,nan,nan,nan,nan
circle,3000,0.06,16.666666666666668,29,mrgap,0.018411627548197324,0.0052970116698162,nan,279.0,265.0,nan
circle,3000,0.06,16.666666666666668,29,manifold_fitting,0.013442770282995857,0.005213644593845022,nan,50.0,26.0,nan
circle,3000,0.06,16.666666666666668,29,ours,0.03366496775367389,0.008389303171096485,nan,46.0,31.0,0.042445958622403426
circle,3000,0.06,16.666666666666668,29,ours_oracle_direction,0.031628163456258726,0.008370058626360899,nan,nan,nan,nan
circle,3000,0.06,16.666666666666668,30,mrgap,0.014163768210668462,0.0059208319030557895,nan,280.0,249.0,nan
circle,3000,0.06,16.666666666666668,30,manifold_fitting,0.012350719547411211,0.006735263829178221,nan,51.0,27.0,nan
circle,3000,0.06,16.666666666666668,30,ours,0.025970258308615768,0.007871736013880453,nan,47.5,32.0,0.04756987246431234
circle,3000,0.06,16.666666666666668,30,ours_oracle_direction,0.029343620692989597,0.007920247709120736,nan,nan,nan,nan
circle,3000,0.06,16.666666666666668,31,mrgap,0.019597428301322682,0.005917956787444613,nan,282.5,252.0,nan
circle,3000,0.06,16.666666666666668,31,manifold_fitting,0.014739706172493794,0.004182340627934768,nan,51.0,27.0,nan
circle,3000,0.06,16.666666666666668,31,ours,0.028116578798541028,0.008610794725652224,nan,47.0,34.0,0.043066553040383655
circle,3000,0.06,16.666666666666668,31,ours_oracle_direction,0.03726111334642371,0.00833177392060487,nan,nan,nan,nan
circle,3000,0.06,16.666666666666668,32,mrgap,0.018249351931604978,0.006748600531385044,nan,279.0,256.0,nan
circle,3000,0.06,16.666666666666668,32,manifold_fitting,0.016810608511596707,0.008385486527028457,nan,50.0,28.0,nan
circle,3000,0.06,16.666666666666668,32,ours,0.02829127674356169,0.009664785280276493,nan,45.0,30.0,0.04060789244062528
circle,3000,0.06,16.666666666666668,32,ours_oracle_direction,0.028868217146592597,0.00907754698301402,nan,nan,nan,nan
circle,3000,0.06,16.666666666666668,33,mrgap,0.016555472850838127,0.005944489810770231,nan,280.0,260.0,nan
circle,3000,0.06,16.666666666666668,33,manifold_fitting,0.015688794645472567,0.005202914453928745,nan,49.0,31.0,nan
circle,3000,0.06,16.666666666666668,33,ours,0.02721221037546049,0.0075801301664705535,nan,47.0,34.0,0.04234609325517435
circle,3000,0.06,16.666666666666668,33,ours_oracle_direction,0.023304937537378664,0.008049984001937488,nan,nan,nan,nan
circle,3000,0.06,16.666666666666668,34,mrgap,0.022610122128575452,0.006406724155233441,nan,279.0,253.0,nan
circle,3000,0.06,16.666666666666668,34,manifold_fitting,0.0146253037859594,0.0060248504343182385,nan,52.0,29.0,nan
circle,3000,0.06,16.666666666666668,34,ours,0.04012601178431766,0.00920144315430835,nan,46.0,35.0,0.04470464494024903
circle,3000,0.06,16.666666666666668,34,ours_oracle_direction,0.03750725011928662,0.008833489608442987,nan,nan,nan,nan
circle,3000,0.06,16.666666666666668,35,mrgap,0.022564453308194884,0.0062311866135307675,nan,275.0,255.0,nan
circle,3000,0.06,16.666666666666668,35,manifold_fitting,0.014387555113784046,0.005568364331909312,nan,49.0,28.0,nan
circle,3000,0.06,16.666666666666668,35,ours,0.029498635766727982,0.008973340338435797,nan,46.0,31.0,0.037323091426437506
circle,3000,0.06,16.666666666666668,35,ours_oracle_direction,0.02904698871593992,0.009442647689528197,nan,nan,nan,nan
circle,3000,0.06,16.666666666666668,36,mrgap,0.016612463948389757,0.005702220187506808,nan,277.0,262.0,nan
circle,3000,0.06,16.666666666666668,36,manifold_fitting,0.010480327268722002,0.0042558447097864275,nan,50.0,32.0,nan
circle,3000,0.06,16.666666666666668,36,ours,0.03028015884593959,0.009120797448265269,nan,47.5,33.0,0.045075604481845784
circle,3000,0.06,16.666666666666668,36,ours_oracle_direction,0.03577899305696588,0.00838634754944698,nan,nan,nan,nan
circle,3000,0.06,16.666666666666668,37,mrgap,0.02481667324649159,0.006793345177755321,nan,276.5,254.0,nan
circle,3000,0.06,16.666666666666668,37,manifold_fitting,0.021381153961731573,0.008053750148954585,nan,49.0,31.0,nan
circle,3000,0.06,16.666666666666668,37,ours,0.034488319989396596,0.00929487865144278,nan,47.0,34.0,0.042959084655930645
circle,3000,0.06,16.666666666666668,37,ours_oracle_direction,0.03333164611717527,0.009151164385321273,nan,nan,nan,nan
circle,3000,0.06,16.666666666666668,38,mrgap,0.017742979112159073,0.006466332866643798,nan,280.0,257.0,nan
circle,3000,0.06,16.666666666666668,38,manifold_fitting,0.015784727842944487,0.008112864666328774,nan,50.0,28.0,nan
circle,3000,0.06,16.666666666666668,38,ours,0.033783828748144,0.0100527124004908,nan,45.5,36.0,0.03924257806587476
circle,3000,0.06,16.666666666666668,38,ours_oracle_direction,0.03177493311837897,0.009349867101199293,nan,nan,nan,nan
circle,3000,0.06,16.666666666666668,39,mrgap,0.017810545938106645,0.007457442269789399,nan,281.0,255.0,nan
circle,3000,0.06,16.666666666666668,39,manifold_fitting,0.01434924706593679,0.006156570740714369,nan,50.0,30.0,nan
circle,3000,0.06,16.666666666666668,39,ours,0.02832879802983947,0.010714703980710227,nan,47.0,36.0,0.04379920251127904
circle,3000,0.06,16.666666666666668,39,ours_oracle_direction,0.033733380791044376,0.01000197141174521,nan,nan,nan,nan
circle,3000,0.06,16.666666666666668,40,mrgap,0.015371104290122799,0.005190349281207363,nan,278.0,245.0,nan
circle,3000,0.06,16.666666666666668,40,manifold_fitting,0.015491709177668782,0.006452382522623963,nan,50.0,25.0,nan
circle,3000,0.06,16.666666666666668,40,ours,0.025554087261983015,0.0088421466568892,nan,47.0,30.0,0.042981823501205815
circle,3000,0.06,16.666666666666668,40,ours_oracle_direction,0.02809213207518924,0.008668788613635662,nan,nan,nan,nan
circle,3000,0.06,16.666666666666668,41,mrgap,0.025729088498842673,0.0074701419784058976,nan,278.0,262.0,nan
circle,3000,0.06,16.666666666666668,41,manifold_fitting,0.013433311274877993,0.004903293969705386,nan,50.0,30.0,nan
circle,3000,0.06,16.666666666666668,41,ours,0.030640041188711744,0.00952454262672589,nan,46.5,35.0,0.04246177219500274
circle,3000,0.06,16.666666666666668,41,ours_oracle_direction,0.03819605897937411,0.00978169130400782,nan,nan,nan,nan
circle,3000,0.06,16.666666666666668,42,mrgap,0.018716440650073912,0.006835376312594125,nan,277.5,251.0,nan
circle,3000,0.06,16.666666666666668,42,manifold_fitting,0.01595125278272194,0.00701025198490547,nan,51.0,30.0,nan
circle,3000,0.06,16.666666666666668,42,ours,0.029830101146244056,0.008944164918944173,nan,46.0,32.0,0.04284545572304492
circle,3000,0.06,16.666666666666668,42,ours_oracle_direction,0.034433577455670626,0.008192086198508548,nan,nan,nan,nan
circle,3000,0.06,16.666666666666668,43,mrgap,0.020821412595761563,0.0062090476699479934,nan,281.0,244.0,nan
circle,3000,0.06,16.666666666666668,43,manifold_fitting,0.01482538725867886,0.00637398046101176,nan,49.0,28.0,nan
circle,3000,0.06,16.666666666666668,43,ours,0.03669228106921259,0.009376556135651694,nan,46.0,33.0,0.036159924586049934
circle,3000,0.06,16.666666666666668,43,ours_oracle_direction,0.03879752712383078,0.009759094153469825,nan,nan,nan,nan
circle,3000,0.06,16.666666666666668,44,mrgap,0.02170223144856234,0.006144224910233278,nan,281.5,248.0,nan
circle,3000,0.06,16.666666666666668,44,manifold_fitting,0.014214919598170296,0.005121257748997257,nan,50.0,30.0,nan
circle,3000,0.06,16.666666666666668,44,ours,0.03763968026407605,0.009542515852372391,nan,47.0,30.0,0.03289689040237878
circle,3000,0.06,16.666666666666668,44,ours_oracle_direction,0.03733695293676253,0.01004507724026751,nan,nan,nan,nan
circle,3000,0.06,16.666666666666668,45,mrgap,0.01661485917089846,0.005937831505635014,nan,286.0,224.0,nan
circle,3000,0.06,16.666666666666668,45,manifold_fitting,0.01377612557567032,0.006678616860067276,nan,51.0,26.0,nan
circle,3000,0.06,16.666666666666668,45,ours,0.03197479140241703,0.009936021876300983,nan,47.5,26.0,0.0420101371608058
circle,3000,0.06,16.666666666666668,45,ours_oracle_direction,0.0320485259775762,0.009153024489046237,nan,nan,nan,nan
circle,3000,0.06,16.666666666666668,46,mrgap,0.0203091234594748,0.007114543159687833,nan,282.0,246.0,nan
circle,3000,0.06,16.666666666666668,46,manifold_fitting,0.009871230409186143,0.00438087166758509,nan,49.0,26.0,nan
circle,3000,0.06,16.666666666666668,46,ours,0.030895056819715598,0.008831076820747474,nan,46.0,34.0,0.03645256388828322
circle,3000,0.06,16.666666666666668,46,ours_oracle_direction,0.03104665723545079,0.009137622914420832,nan,nan,nan,nan
circle,3000,0.06,16.666666666666668,47,mrgap,0.013150059793561208,0.0038621208926000817,nan,279.0,240.0,nan
circle,3000,0.06,16.666666666666668,47,manifold_fitting,0.011598265420083628,0.0055774138082364255,nan,52.0,28.0,nan
circle,3000,0.06,16.666666666666668,47,ours,0.022230164356331107,0.00797725467941456,nan,45.0,33.0,0.04505323592904791
circle,3000,0.06,16.666666666666668,47,ours_oracle_direction,0.021356460425567002,0.0071097801241513155,nan,nan,nan,nan
circle,3000,0.06,16.666666666666668,48,mrgap,0.023717206579378487,0.008419824113377689,nan,281.0,257.0,nan
circle,3000,0.06,16.666666666666668,48,manifold_fitting,0.017534300381222456,0.005314721271757954,nan,49.0,29.0,nan
circle,3000,0.06,16.666666666666668,48,ours,0.02681359361086354,0.010507648380851109,nan,46.5,30.0,0.036997544041462556
circle,3000,0.06,16.666666666666668,48,ours_oracle_direction,0.03202906915888034,0.010936843800434179,nan,nan,nan,nan
circle,3000,0.06,16.666666666666668,49,mrgap,0.026199634945455547,0.006369107412239189,nan,279.0,260.0,nan
circle,3000,0.06,16.666666666666668,49,manifold_fitting,0.013664285264615664,0.0037926626546824155,nan,51.0,28.0,nan
circle,3000,0.06,16.666666666666668,49,ours,0.02151939756689041,0.006952373214888232,nan,46.5,31.0,0.04295910204764621
circle,3000,0.06,16.666666666666668,49,ours_oracle_direction,0.032544642826876476,0.008203139959927472,nan,nan,nan,nan
circle,3000,0.06,16.666666666666668,50,mrgap,0.014629680137197383,0.005770386404376118,nan,275.5,251.0,nan
circle,3000,0.06,16.666666666666668,50,manifold_fitting,0.010098976360080733,0.004260155733658441,nan,51.0,29.0,nan
circle,3000,0.06,16.666666666666668,50,ours,0.03512485575847626,0.00967766190131957,nan,48.0,35.0,0.03903467659479782
circle,3000,0.06,16.666666666666668,50,ours_oracle_direction,0.03781254956650128,0.008885315240025518,nan,nan,nan,nan
circle,3000,0.06,16.666666666666668,51,mrgap,0.018383655761790903,0.004135893326007491,nan,278.0,257.0,nan
circle,3000,0.06,16.666666666666668,51,manifold_fitting,0.008878725785055625,0.004064336036595227,nan,51.0,26.0,nan
circle,3000,0.06,16.666666666666668,51,ours,0.023797551771343062,0.006834973781080358,nan,47.0,35.0,0.04275877164672486
circle,3000,0.06,16.666666666666668,51,ours_oracle_direction,0.028591052892336957,0.006337747877082405,nan,nan,nan,nan
circle,3000,0.06,16.666666666666668,52,mrgap,0.02418064127197921,0.007087088254022617,nan,278.0,246.0,nan
circle,3000,0.06,16.666666666666668,52,manifold_fitting,0.01580867734241949,0.008011750644016774,nan,51.0,28.0,nan
circle,3000,0.06,16.666666666666668,52,ours,0.0361635848854377,0.011616873464296268,nan,47.0,31.0,0.04243569614952006
circle,3000,0.06,16.666666666666668,52,ours_oracle_direction,0.027640043118874788,0.010285097326320755,nan,nan,nan,nan
circle,3000,0.06,16.666666666666668,53,mrgap,0.0219279160665472,0.007087502605034183,nan,277.0,254.0,nan
circle,3000,0.06,16.666666666666668,53,manifold_fitting,0.015672982070704902,0.0067724823352850235,nan,51.0,28.0,nan
circle,3000,0.06,16.666666666666668,53,ours,0.028154402664007403,0.009251946415588325,nan,46.0,31.0,0.04116637839990993
circle,3000,0.06,16.666666666666668,53,ours_oracle_direction,0.027757169284998964,0.009622327605992725,nan,nan,nan,nan
circle,3000,0.06,16.666666666666668,54,mrgap,0.011551984343832072,0.004639385702871055,nan,283.0,233.0,nan
circle,3000,0.06,16.666666666666668,54,manifold_fitting,0.014641891359601101,0.005790011178298197,nan,50.5,27.0,nan
circle,3000,0.06,16.666666666666668,54,ours,0.03580939951862951,0.00782884280515258,nan,45.0,32.0,0.04514791341921977
circle,3000,0.06,16.666666666666668,54,ours_oracle_direction,0.03496017900434597,0.007937249617700894,nan,nan,nan,nan
circle,3000,0.06,16.666666666666668,55,mrgap,0.018770305491965067,0.00622063853176109,nan,274.0,254.0,nan
circle,3000,0.06,16.666666666666668,55,manifold_fitting,0.015779836186885637,0.005518474674692277,nan,50.0,29.0,nan
circle,3000,0.06,16.666666666666668,55,ours,0.04330287421400074,0.008500911405969033,nan,46.0,29.0,0.039252489566469796
circle,3000,0.06,16.666666666666668,55,ours_oracle_direction,0.04131549221730447,0.008800125392663954,nan,nan,nan,nan
circle,3000,0.06,16.666666666666668,56,mrgap,0.017643679843215812,0.00637000646594928,nan,279.5,257.0,nan
circle,3000,0.06,16.666666666666668,56,manifold_fitting,0.014748380612278565,0.007135774475437945,nan,51.0,29.0,nan
circle,3000,0.06,16.666666666666668,56,ours,0.03328067597689535,0.009979290192831017,nan,48.0,35.0,0.04357953403304348
circle,3000,0.06,16.666666666666668,56,ours_oracle_direction,0.03330710051065787,0.009530777374596486,nan,nan,nan,nan
circle,3000,0.06,16.666666666666668,57,mrgap,0.020088124819111278,0.007400242646894758,nan,281.0,246.0,nan
circle,3000,0.06,16.666666666666668,57,manifold_fitting,0.016481704770010625,0.00668355018230409,nan,53.0,25.0,nan
circle,3000,0.06,16.666666666666668,57,ours,0.03175959987857383,0.009806409865733367,nan,49.0,28.0,0.041731865309842034
circle,3000,0.06,16.666666666666668,57,ours_oracle_direction,0.03129462669474964,0.010304360742405332,nan,nan,nan,nan
circle,3000,0.06,16.666666666666668,58,mrgap,0.011684801094576145,0.0049716280200345735,nan,278.5,257.0,nan
circle,3000,0.06,16.666666666666668,58,manifold_fitting,0.01299367153519713,0.006170709077592082,nan,50.0,33.0,nan
circle,3000,0.06,16.666666666666668,58,ours,0.0316456971075317,0.008470408191800484,nan,48.0,35.0,0.04378666216171386
circle,3000,0.06,16.666666666666668,58,ours_oracle_direction,0.033128282090283075,0.007979648676518375,nan,nan,nan,nan
circle,3000,0.06,16.666666666666668,59,mrgap,0.013680775457615119,0.005059108901567334,nan,280.0,257.0,nan
circle,3000,0.06,16.666666666666668,59,manifold_fitting,0.01158417611918194,0.005844453905505132,nan,50.0,34.0,nan
circle,3000,0.06,16.666666666666668,59,ours,0.032129735125407045,0.008334259072080345,nan,46.5,34.0,0.04256510361773214
circle,3000,0.06,16.666666666666668,59,ours_oracle_direction,0.032991904709518204,0.007839042305720564,nan,nan,nan,nan
circle,3000,0.06,16.666666666666668,60,mrgap,0.021855766397297492,0.006020815885002233,nan,281.0,257.0,nan
circle,3000,0.06,16.666666666666668,60,manifold_fitting,0.017286245024162806,0.005903126935009847,nan,49.0,32.0,nan
circle,3000,0.06,16.666666666666668,60,ours,0.03288183466715658,0.009376486869539982,nan,47.0,35.0,0.03858008420163573
circle,3000,0.06,16.666666666666668,60,ours_oracle_direction,0.030966757784398984,0.009246916705413818,nan,nan,nan,nan
circle,3000,0.06,16.666666666666668,61,mrgap,0.016032054618685537,0.005719655153287263,nan,280.0,250.0,nan
circle,3000,0.06,16.666666666666668,61,manifold_fitting,0.008829997259412112,0.003713615728604719,nan,50.0,33.0,nan
circle,3000,0.06,16.666666666666668,61,ours,0.028864282623069313,0.008170488814166498,nan,47.0,35.0,0.044987885854077286
circle,3000,0.06,16.666666666666668,61,ours_oracle_direction,0.027883156948961957,0.007710750049336792,nan,nan,nan,nan
circle,3000,0.06,16.666666666666668,62,mrgap,0.0182311212736631,0.006287668552029748,nan,280.5,259.0,nan
circle,3000,0.06,16.666666666666668,62,manifold_fitting,0.013904998885509001,0.0046391635186023685,nan,50.0,31.0,nan
circle,3000,0.06,16.666666666666668,62,ours,0.032292829767363675,0.009327327992965026,nan,45.0,31.0,0.03694441845960554
circle,3000,0.06,16.666666666666668,62,ours_oracle_direction,0.030164927826936413,0.009081322922534829,nan,nan,nan,nan
circle,3000,0.06,16.666666666666668,63,mrgap,0.021679077223690852,0.005973580969460526,nan,278.5,250.0,nan
circle,3000,0.06,16.666666666666668,63,manifold_fitting,0.01800997681644458,0.00640802422466797,nan,51.0,31.0,nan
circle,3000,0.06,16.666666666666668,63,ours,0.03347728603850592,0.009350821544528133,nan,47.0,31.0,0.04330105175456727
circle,3000,0.06,16.666666666666668,63,ours_oracle_direction,0.034492696013884265,0.009608637733459078,nan,nan,nan,nan
circle,3000,0.06,16.666666666666668,64,mrgap,0.018213225514733224,0.005383621234926351,nan,279.5,246.0,nan
circle,3000,0.06,16.666666666666668,64,manifold_fitting,0.013823279670323681,0.006356796171214974,nan,51.0,29.0,nan
circle,3000,0.06,16.666666666666668,64,ours,0.027692529861628172,0.008727136389053104,nan,47.5,33.0,0.03274189326348587
circle,3000,0.06,16.666666666666668,64,ours_oracle_direction,0.030648342137922318,0.008312667670242647,nan,nan,nan,nan
circle,3000,0.06,16.666666666666668,65,mrgap,0.01987108115133686,0.006661724771692894,nan,281.5,251.0,nan
circle,3000,0.06,16.666666666666668,65,manifold_fitting,0.011984624116561097,0.004857173137000917,nan,52.0,30.0,nan
circle,3000,0.06,16.666666666666668,65,ours,0.026347767578143066,0.008515645144270922,nan,47.0,34.0,0.037790761166396764
circle,3000,0.06,16.666666666666668,65,ours_oracle_direction,0.030540206935644028,0.009294243994174495,nan,nan,nan,nan
circle,3000,0.06,16.666666666666668,66,mrgap,0.013848775965862226,0.005046355555412179,nan,277.0,246.0,nan
circle,3000,0.06,16.666666666666668,66,manifold_fitting,0.014412497390861161,0.008504677517044324,nan,51.0,29.0,nan
circle,3000,0.06,16.666666666666668,66,ours,0.03292498188967321,0.009368818000362225,nan,47.5,33.0,0.05062267753634302
circle,3000,0.06,16.666666666666668,66,ours_oracle_direction,0.02303088548121955,0.00828157979396845,nan,nan,nan,nan
circle,3000,0.06,16.666666666666668,67,mrgap,0.016768497954768393,0.004756931611017702,nan,278.5,250.0,nan
circle,3000,0.06,16.666666666666668,67,manifold_fitting,0.016948951371896764,0.006018451168169088,nan,51.0,27.0,nan
circle,3000,0.06,16.666666666666668,67,ours,0.03245360614393508,0.00912297513071232,nan,47.0,35.0,0.04071719690462768
circle,3000,0.06,16.666666666666668,67,ours_oracle_direction,0.029753855790788035,0.00805131977660821,nan,nan,nan,nan
circle,3000,0.06,16.666666666666668,68,mrgap,0.02229830259986794,0.006958123844617501,nan,285.0,239.0,nan
circle,3000,0.06,16.666666666666668,68,manifold_fitting,0.022386095385200457,0.005994029007371464,nan,49.0,28.0,nan
circle,3000,0.06,16.666666666666668,68,ours,0.034995912282391954,0.0096796920276889,nan,46.0,36.0,0.038082597757598965
circle,3000,0.06,16.666666666666668,68,ours_oracle_direction,0.03571819641265191,0.009520113959461663,nan,nan,nan,nan
circle,3000,0.06,16.666666666666668,69,mrgap,0.019536008470314763,0.006098517003405286,nan,279.5,258.0,nan
circle,3000,0.06,16.666666666666668,69,manifold_fitting,0.02006291334758854,0.006157710821832594,nan,50.0,30.0,nan
circle,3000,0.06,16.666666666666668,69,ours,0.032026283623561226,0.00924177362102303,nan,46.0,36.0,0.03071106199718061
circle,3000,0.06,16.666666666666668,69,ours_oracle_direction,0.03179731334197401,0.008648969306463316,nan,nan,nan,nan
circle,3000,0.06,16.666666666666668,70,mrgap,0.013223549322873531,0.006276622114137439,nan,279.0,252.0,nan
circle,3000,0.06,16.666666666666668,70,manifold_fitting,0.01432644259987109,0.006307279698348902,nan,49.0,32.0,nan
circle,3000,0.06,16.666666666666668,70,ours,0.029216010325087055,0.010056656877706297,nan,46.0,32.0,0.04159965919369992
circle,3000,0.06,16.666666666666668,70,ours_oracle_direction,0.02729518683326131,0.009839456275182873,nan,nan,nan,nan
circle,3000,0.06,16.666666666666668,71,mrgap,0.0114250510436381,0.004946100950606049,nan,279.0,250.0,nan
circle,3000,0.06,16.666666666666668,71,manifold_fitting,0.013669971947954513,0.006901492960304786,nan,50.0,29.0,nan
circle,3000,0.06,16.666666666666668,71,ours,0.03321647597074226,0.010157242696705884,nan,47.0,32.0,0.04063843185264012
circle,3000,0.06,16.666666666666668,71,ours_oracle_direction,0.03414250432435226,0.008541779793826526,nan,nan,nan,nan
circle,3000,0.06,16.666666666666668,72,mrgap,0.021735942774723495,0.005617148500071006,nan,281.0,244.0,nan
circle,3000,0.06,16.666666666666668,72,manifold_fitting,0.016761101312190115,0.005368158689075607,nan,51.0,30.0,nan
circle,3000,0.06,16.666666666666668,72,ours,0.04670896789114931,0.007916572781159648,nan,46.0,31.0,0.03815295086364146
circle,3000,0.06,16.666666666666668,72,ours_oracle_direction,0.04666845230718454,0.007732858895693345,nan,nan,nan,nan
circle,3000,0.06,16.666666666666668,73,mrgap,0.017485530723825558,0.006275378189378226,nan,282.5,241.0,nan
circle,3000,0.06,16.666666666666668,73,manifold_fitting,0.014238811266713294,0.006736928172908796,nan,50.0,26.0,nan
circle,3000,0.06,16.666666666666668,73,ours,0.029820481998867658,0.009472211396683045,nan,47.0,30.0,0.047657308418874125
circle,3000,0.06,16.666666666666668,73,ours_oracle_direction,0.03230167310157416,0.009495001913141905,nan,nan,nan,nan
circle,3000,0.06,16.666666666666668,74,mrgap,0.02010305585404702,0.005885477013994151,nan,277.5,247.0,nan
circle,3000,0.06,16.666666666666668,74,manifold_fitting,0.016141172552205884,0.007533748551804267,nan,51.0,31.0,nan
circle,3000,0.06,16.666666666666668,74,ours,0.035936453340635666,0.01003213620942996,nan,48.0,33.0,0.04675611822123482
circle,3000,0.06,16.666666666666668,74,ours_oracle_direction,0.03554756843886954,0.009656932506441018,nan,nan,nan,nan
circle,3000,0.06,16.666666666666668,75,mrgap,0.02113663907547396,0.005993112415032581,nan,279.0,261.0,nan
circle,3000,0.06,16.666666666666668,75,manifold_fitting,0.013250941549081989,0.0060651526864504614,nan,51.0,31.0,nan
circle,3000,0.06,16.666666666666668,75,ours,0.03130001657312172,0.008570434874220122,nan,46.0,33.0,0.03566070264098195
circle,3000,0.06,16.666666666666668,75,ours_oracle_direction,0.03074241340602408,0.007934759580387845,nan,nan,nan,nan
circle,3000,0.06,16.666666666666668,76,mrgap,0.021861096698564998,0.006688815574722753,nan,287.0,234.0,nan
circle,3000,0.06,16.666666666666668,76,manifold_fitting,0.012796101371282745,0.0060004018252493106,nan,50.0,27.0,nan
circle,3000,0.06,16.666666666666668,76,ours,0.030777918118018378,0.008882583253021666,nan,46.0,31.0,0.03924965659045779
circle,3000,0.06,16.666666666666668,76,ours_oracle_direction,0.0297285387413669,0.008861102279280176,nan,nan,nan,nan
circle,3000,0.06,16.666666666666668,77,mrgap,0.0229896344969925,0.007385949057047791,nan,281.0,232.0,nan
circle,3000,0.06,16.666666666666668,77,manifold_fitting,0.01676715449251155,0.007865042305645645,nan,51.0,30.0,nan
circle,3000,0.06,16.666666666666668,77,ours,0.031420133658067596,0.010918568684540792,nan,47.5,32.0,0.03678034210747192
circle,3000,0.06,16.666666666666668,77,ours_oracle_direction,0.029934051431494167,0.010119781302646048,nan,nan,nan,nan
circle,3000,0.06,16.666666666666668,78,mrgap,0.018126015231883428,0.006639030218699247,nan,279.5,253.0,nan
circle,3000,0.06,16.666666666666668,78,manifold_fitting,0.01411737436991299,0.006206067635704197,nan,49.0,32.0,nan
circle,3000,0.06,16.666666666666668,78,ours,0.029048286895622236,0.009920107126561353,nan,45.0,37.0,0.03910964726470494
circle,3000,0.06,16.666666666666668,78,ours_oracle_direction,0.029596467418341457,0.009762055478332626,nan,nan,nan,nan
circle,3000,0.06,16.666666666666668,79,mrgap,0.018081316826994334,0.006639427128389115,nan,276.0,246.0,nan
circle,3000,0.06,16.666666666666668,79,manifold_fitting,0.01411991796768934,0.00598741423401198,nan,50.0,29.0,nan
circle,3000,0.06,16.666666666666668,79,ours,0.027032497503344046,0.009382149985259115,nan,47.0,31.0,0.03642660900270567
circle,3000,0.06,16.666666666666668,79,ours_oracle_direction,0.02617505660657348,0.009109473898396933,nan,nan,nan,nan
circle,3000,0.06,16.666666666666668,80,mrgap,0.020764145905639665,0.007152983338988334,nan,283.0,248.0,nan
circle,3000,0.06,16.666666666666668,80,manifold_fitting,0.014059070064666711,0.005738795030379452,nan,49.0,30.0,nan
circle,3000,0.06,16.666666666666668,80,ours,0.029741058901097142,0.009015755551623804,nan,47.0,34.0,0.04341165710020424
circle,3000,0.06,16.666666666666668,80,ours_oracle_direction,0.027637871257617592,0.008825352011152284,nan,nan,nan,nan
circle,3000,0.06,16.666666666666668,81,mrgap,0.013148559230171804,0.0047302929067432175,nan,279.5,238.0,nan
circle,3000,0.06,16.666666666666668,81,manifold_fitting,0.012106000947448275,0.005948482369147214,nan,50.0,27.0,nan
circle,3000,0.06,16.666666666666668,81,ours,0.027997849693913626,0.007222346472184332,nan,46.0,27.0,0.04411604148808646
circle,3000,0.06,16.666666666666668,81,ours_oracle_direction,0.027519339207817652,0.007216777206491148,nan,nan,nan,nan
circle,3000,0.06,16.666666666666668,82,mrgap,0.01283171826605168,0.004746452623900652,nan,279.5,253.0,nan
circle,3000,0.06,16.666666666666668,82,manifold_fitting,0.012457966253978844,0.007084045455294528,nan,50.0,29.0,nan
circle,3000,0.06,16.666666666666668,82,ours,0.03952621461787461,0.007491121074306492,nan,47.0,33.0,0.04595756021190334
circle,3000,0.06,16.666666666666668,82,ours_oracle_direction,0.031014260153888893,0.006836365642516103,nan,nan,nan,nan
circle,3000,0.06,16.666666666666668,83,mrgap,0.02458140259468559,0.006117189427509724,nan,277.0,251.0,nan
circle,3000,0.06,16.666666666666668,83,manifold_fitting,0.01038508591516624,0.0044675836984066734,nan,51.0,25.0,nan
circle,3000,0.06,16.666666666666668,83,ours,0.027320840505031207,0.00852131545821453,nan,47.0,30.0,0.04151260416765091
circle,3000,0.06,16.666666666666668,83,ours_oracle_direction,0.02968430971639884,0.008750942712158502,nan,nan,nan,nan
circle,3000,0.06,16.666666666666668,84,mrgap,0.01553868410988545,0.004247727963813872,nan,280.0,247.0,nan
circle,3000,0.06,16.666666666666668,84,manifold_fitting,0.010065489382612485,0.005193647242767568,nan,51.0,32.0,nan
circle,3000,0.06,16.666666666666668,84,ours,0.02062968633828309,0.007690200926387735,nan,47.0,33.0,0.040779072725228044
circle,3000,0.06,16.666666666666668,84,ours_oracle_direction,0.023791924685203976,0.007621816262263171,nan,nan,nan,nan
circle,3000,0.06,16.666666666666668,85,mrgap,0.016895122324806448,0.004675388304705628,nan,273.5,248.0,nan
circle,3000,0.06,16.666666666666668,85,manifold_fitting,0.013535440238637633,0.004635728196986181,nan,51.0,29.0,nan
circle,3000,0.06,16.666666666666668,85,ours,0.019933569650484116,0.007391344998002253,nan,46.5,32.0,0.04457766948796168
circle,3000,0.06,16.666666666666668,85,ours_oracle_direction,0.026342166768286927,0.007693254675278991,nan,nan,nan,nan
circle,3000,0.06,16.666666666666668,86,mrgap,0.01970409273233165,0.007236017356910027,nan,276.0,249.0,nan
circle,3000,0.06,16.666666666666668,86,manifold_fitting,0.014132745615236838,0.005933346202538516,nan,51.0,29.0,nan
circle,3000,0.06,16.666666666666668,86,ours,0.030365232267716043,0.010170774729003346,nan,47.0,29.0,0.03874490446814468
circle,3000,0.06,16.666666666666668,86,ours_oracle_direction,0.03275439663842098,0.010013484459551109,nan,nan,nan,nan
circle,3000,0.06,16.666666666666668,87,mrgap,0.01569101997415229,0.005129495190347735,nan,274.0,255.0,nan
circle,3000,0.06,16.666666666666668,87,manifold_fitting,0.01566403827965362,0.006262459840453718,nan,52.0,29.0,nan
circle,3000,0.06,16.666666666666668,87,ours,0.028768965981985667,0.007970953580347271,nan,48.5,31.0,0.04627673887635173
circle,3000,0.06,16.666666666666668,87,ours_oracle_direction,0.026937990466301433,0.008403972245005418,nan,nan,nan,nan
circle,3000,0.06,16.666666666666668,88,mrgap,0.018641214614010936,0.004971021416186475,nan,279.5,255.0,nan
circle,3000,0.06,16.666666666666668,88,manifold_fitting,0.016540908013204902,0.005731398847591551,nan,51.0,27.0,nan
circle,3000,0.06,16.666666666666668,88,ours,0.028712823634531644,0.006723888003984492,nan,47.5,33.0,0.03998003490965994
circle,3000,0.06,16.666666666666668,88,ours_oracle_direction,0.02637247895695287,0.007348108560130239,nan,nan,nan,nan
circle,3000,0.06,16.666666666666668,89,mrgap,0.019219035584865866,0.005306967257015436,nan,280.5,238.0,nan
circle,3000,0.06,16.666666666666668,89,manifold_fitting,0.014273728362997801,0.006204007413541873,nan,52.0,29.0,nan
circle,3000,0.06,16.666666666666668,89,ours,0.0274029260700016,0.007813045972121402,nan,45.0,30.0,0.043711490966526864
circle,3000,0.06,16.666666666666668,89,ours_oracle_direction,0.02882243830813589,0.006746747142938315,nan,nan,nan,nan
circle,3000,0.06,16.666666666666668,90,mrgap,0.016138782124241583,0.005211347875997263,nan,279.0,248.0,nan
circle,3000,0.06,16.666666666666668,90,manifold_fitting,0.016016581942609912,0.005886753175043847,nan,50.0,30.0,nan
circle,3000,0.06,16.666666666666668,90,ours,0.026607478792317254,0.008898205442697338,nan,47.0,31.0,0.04624576285075919
circle,3000,0.06,16.666666666666668,90,ours_oracle_direction,0.03461603347361914,0.008423215595005487,nan,nan,nan,nan
circle,3000,0.06,16.666666666666668,91,mrgap,0.014251683140131347,0.005178516599506701,nan,279.0,257.0,nan
circle,3000,0.06,16.666666666666668,91,manifold_fitting,0.01118133444326862,0.005666806578294834,nan,49.0,27.0,nan
circle,3000,0.06,16.666666666666668,91,ours,0.03171036484965409,0.008506108918364046,nan,47.0,29.0,0.04241719383121637
circle,3000,0.06,16.666666666666668,91,ours_oracle_direction,0.03138709900796742,0.008826324888203028,nan,nan,nan,nan
circle,3000,0.06,16.666666666666668,92,mrgap,0.01992038298662852,0.006014039306304853,nan,278.0,250.0,nan
circle,3000,0.06,16.666666666666668,92,manifold_fitting,0.014903668059855843,0.007547147171284229,nan,51.0,27.0,nan
circle,3000,0.06,16.666666666666668,92,ours,0.030273786828519132,0.009806570789784004,nan,48.5,35.0,0.04035134616706963
circle,3000,0.06,16.666666666666668,92,ours_oracle_direction,0.030570646491071485,0.009090648028010396,nan,nan,nan,nan
circle,3000,0.06,16.666666666666668,93,mrgap,0.010724679027525927,0.005013768210415482,nan,280.0,256.0,nan
circle,3000,0.06,16.666666666666668,93,manifold_fitting,0.012585529927479152,0.00410448415978143,nan,51.0,31.0,nan
circle,3000,0.06,16.666666666666668,93,ours,0.03038172879795245,0.008257713080050914,nan,48.0,33.0,0.042449194911033265
circle,3000,0.06,16.666666666666668,93,ours_oracle_direction,0.03294725841328214,0.007759668294200812,nan,nan,nan,nan
circle,3000,0.06,16.666666666666668,94,mrgap,0.014954203283196407,0.006012543497398536,nan,280.0,259.0,nan
circle,3000,0.06,16.666666666666668,94,manifold_fitting,0.01368560368617822,0.006141728093688613,nan,50.0,28.0,nan
circle,3000,0.06,16.666666666666668,94,ours,0.0321337756945957,0.00931907204658954,nan,46.5,34.0,0.03865508936709275
circle,3000,0.06,16.666666666666668,94,ours_oracle_direction,0.03206616067582425,0.008391203291803203,nan,nan,nan,nan
circle,3000,0.06,16.666666666666668,95,mrgap,0.016379512128192227,0.0060289530435795775,nan,279.0,258.0,nan
circle,3000,0.06,16.666666666666668,95,manifold_fitting,0.0128932156436639,0.005542266350158952,nan,49.0,30.0,nan
circle,3000,0.06,16.666666666666668,95,ours,0.035521272768961,0.009851256419336289,nan,47.0,32.0,0.039869215938729996
circle,3000,0.06,16.666666666666668,95,ours_oracle_direction,0.029515320252831153,0.009616055108805366,nan,nan,nan,nan
circle,3000,0.06,16.666666666666668,96,mrgap,0.016392193103363407,0.004462081749068815,nan,273.5,252.0,nan
circle,3000,0.06,16.666666666666668,96,manifold_fitting,0.017561221335036428,0.003945954096464484,nan,52.0,25.0,nan
circle,3000,0.06,16.666666666666668,96,ours,0.03393459476520831,0.006867843904376616,nan,48.5,30.0,0.03653878169597526
circle,3000,0.06,16.666666666666668,96,ours_oracle_direction,0.02781153275293854,0.006735591539299841,nan,nan,nan,nan
circle,3000,0.06,16.666666666666668,97,mrgap,0.018302993894477683,0.005571945363308472,nan,277.5,252.0,nan
circle,3000,0.06,16.666666666666668,97,manifold_fitting,0.013253980078649273,0.006888817471502629,nan,50.0,28.0,nan
circle,3000,0.06,16.666666666666668,97,ours,0.023972699335332852,0.008800927254239673,nan,48.0,33.0,0.04033953409503234
circle,3000,0.06,16.666666666666668,97,ours_oracle_direction,0.023215830713776458,0.008269675624782303,nan,nan,nan,nan
circle,3000,0.06,16.666666666666668,98,mrgap,0.016858585704254525,0.004757181385351483,nan,280.5,246.0,nan
circle,3000,0.06,16.666666666666668,98,manifold_fitting,0.014215252386034175,0.006465050660506025,nan,51.5,24.0,nan
circle,3000,0.06,16.666666666666668,98,ours,0.03748945005417424,0.00859107039978586,nan,47.0,28.0,0.04616997409947594
circle,3000,0.06,16.666666666666668,98,ours_oracle_direction,0.030867863570535416,0.007540377992181175,nan,nan,nan,nan
circle,3000,0.06,16.666666666666668,99,mrgap,0.018330585022585166,0.005899627698593408,nan,275.0,256.0,nan
circle,3000,0.06,16.666666666666668,99,manifold_fitting,0.016741212952391168,0.007310216294596179,nan,50.0,29.0,nan
circle,3000,0.06,16.666666666666668,99,ours,0.032225136154102864,0.009526049051842195,nan,47.0,33.0,0.0449495696069785
circle,3000,0.06,16.666666666666668,99,ours_oracle_direction,0.031435321477793834,0.009601162837517418,nan,nan,nan,nan
circle,3000,0.1,10.0,0,mrgap,0.035710042847273055,0.011561593069145497,nan,266.0,237.0,nan
circle,3000,0.1,10.0,0,manifold_fitting,0.025184983045083084,0.014721935465836958,nan,80.0,58.0,nan
circle,3000,0.1,10.0,0,ours,0.037161423905795916,0.014613063308578228,nan,75.5,63.0,0.0757726656629002
circle,3000,0.1,10.0,1,mrgap,0.06197108589658394,0.011992624206548771,nan,266.0,240.0,nan
circle,3000,0.1,10.0,1,manifold_fitting,0.026326803762867022,0.011294951006675758,nan,81.0,54.0,nan
circle,3000,0.1,10.0,1,ours,0.043342776329433,0.013537563050039558,nan,77.5,59.0,0.08372401351865795
circle,3000,0.1,10.0,2,mrgap,0.11486290694203358,0.012042048284717003,nan,269.0,241.0,nan
circle,3000,0.1,10.0,2,manifold_fitting,0.03371578526039925,0.01306317423097767,nan,83.0,56.0,nan
circle,3000,0.1,10.0,2,ours,0.037642046521496296,0.012587998560942724,nan,76.5,60.0,0.08309952694737553
ellipse,500,0.03,15.238095238095243,0,mrgap,0.030903812873502856,0.00833912917882863,nan,40.0,25.0,nan
ellipse,500,0.03,15.238095238095243,0,manifold_fitting,0.04902646472003475,0.01861584062933762,nan,8.0,2.0,nan
ellipse,500,0.03,15.238095238095243,0,ours,0.047300049747339014,0.014106280683523757,nan,11.0,11.0,0.006448778478457065
ellipse,500,0.03,15.238095238095243,1,mrgap,0.015983946369907492,0.006459900090602799,nan,41.0,34.0,nan
ellipse,500,0.03,15.238095238095243,1,manifold_fitting,0.036993300205110484,0.014559383085228684,nan,8.5,1.0,nan
ellipse,500,0.03,15.238095238095243,1,ours,0.05258321490297204,0.010646997282201247,nan,11.0,11.0,0.01014153163287436
ellipse,500,0.03,15.238095238095243,2,mrgap,0.03162844989816722,0.008681135325274213,nan,42.0,33.0,nan
ellipse,500,0.03,15.238095238095243,2,manifold_fitting,0.05637070826784573,0.021013897166821033,nan,8.0,3.0,nan
ellipse,500,0.03,15.238095238095243,2,ours,0.05715921981609511,0.013954976134690718,nan,11.0,11.0,0.014239687199930155
ellipse,500,0.06,7.619047619047621,0,mrgap,0.04167384882713871,0.013872450947394203,nan,45.5,27.0,nan
ellipse,500,0.06,7.619047619047621,0,manifold_fitting,0.10393877987206335,0.028227612059015597,nan,16.0,5.0,nan
ellipse,500,0.06,7.619047619047621,0,ours,0.06148428159940518,0.02173410179927454,nan,11.5,11.0,0.01756837682312131
ellipse,500,0.06,7.619047619047621,1,mrgap,0.055285519180041466,0.014673817509117032,nan,40.0,32.0,nan
ellipse,500,0.06,7.619047619047621,1,manifold_fitting,0.06561370668117628,0.023933543884171286,nan,14.0,4.0,nan
ellipse,500,0.06,7.619047619047621,1,ours,0.08173267792323288,0.022018470472284578,nan,11.0,11.0,0.019844612867123464
ellipse,500,0.06,7.619047619047621,2,mrgap,0.04426331629440891,0.013881703228029292,nan,42.0,27.0,nan
ellipse,500,0.06,7.619047619047621,2,manifold_fitting,0.0881131074552804,0.02953303912144096,nan,13.0,3.0,nan
ellipse,500,0.06,7.619047619047621,2,ours,0.08396173657788365,0.01907939237420482,nan,11.0,11.0,0.04017769043548618
ellipse,500,0.1,4.571428571428572,0,mrgap,0.1289226535930659,0.02446328725518833,nan,42.0,25.0,nan
ellipse,500,0.1,4.571428571428572,0,manifold_fitting,0.09890704326967187,0.029920878504232654,nan,19.0,8.0,nan
ellipse,500,0.1,4.571428571428572,0,ours,0.07105944077537381,0.026652295657038506,nan,16.5,11.0,0.07179880060687194
ellipse,500,0.1,4.571428571428572,1,mrgap,0.16426267537174996,0.03321110170803423,nan,39.5,29.0,nan
ellipse,500,0.1,4.571428571428572,1,manifold_fitting,0.07624266015728758,0.03408436492265679,nan,22.0,9.0,nan
ellipse,500,0.1,4.571428571428572,1,ours,0.0985023305033385,0.02892771336897862,nan,16.0,11.0,0.047771250529269185
ellipse,500,0.1,4.571428571428572,2,mrgap,0.13897184342644872,0.033897076991040456,nan,39.0,29.0,nan
ellipse,500,0.1,4.571428571428572,2,manifold_fitting,0.0941822154790135,0.02769502535335639,nan,21.0,8.0,nan
ellipse,500,0.1,4.571428571428572,2,ours,0.08551857664496304,0.02345532191755753,nan,17.0,11.0,0.06867358476408933
ellipse,1000,0.03,15.238095238095243,0,mrgap,0.020237648720232787,0.0070141106888736504,nan,85.0,68.0,nan
ellipse,1000,0.03,15.238095238095243,0,manifold_fitting,0.04424010617681361,0.016040552727156328,nan,11.0,4.0,nan
ellipse,1000,0.03,15.238095238095243,0,ours,0.047151733704946776,0.009635996536986352,nan,11.0,11.0,0.006004993240607901
ellipse,1000,0.03,15.238095238095243,1,mrgap,0.018037791001370925,0.005478461960933404,nan,86.0,66.0,nan
ellipse,1000,0.03,15.238095238095243,1,manifold_fitting,0.040350128967763424,0.012810922840173315,nan,12.0,3.0,nan
ellipse,1000,0.03,15.238095238095243,1,ours,0.026898841897512668,0.0075222531003563955,nan,11.0,11.0,0.0073913210386140765
ellipse,1000,0.03,15.238095238095243,2,mrgap,0.013680567403173981,0.005752355062421926,nan,83.0,73.0,nan
ellipse,1000,0.03,15.238095238095243,2,manifold_fitting,0.051862534033514644,0.018275376360546818,nan,13.0,2.0,nan
ellipse,1000,0.03,15.238095238095243,2,ours,0.03212874720087377,0.008189081093219742,nan,11.0,11.0,0.009677924531950143
ellipse,1000,0.06,7.619047619047621,0,mrgap,0.026545879788329185,0.009236212793315563,nan,87.0,64.0,nan
ellipse,1000,0.06,7.619047619047621,0,manifold_fitting,0.06455151092447653,0.02125620230152779,nan,22.0,5.0,nan
ellipse,1000,0.06,7.619047619047621,0,ours,0.062193283213704695,0.015533229044490275,nan,18.0,11.0,0.032678773525268025
ellipse,1000,0.06,7.619047619047621,1,mrgap,0.036846790823701694,0.009449950085764778,nan,84.5,67.0,nan
ellipse,1000,0.06,7.619047619047621,1,manifold_fitting,0.06236931885458083,0.019873518196615418,nan,21.0,7.0,nan
ellipse,1000,0.06,7.619047619047621,1,ours,0.05726163148496747,0.014212318819538473,nan,18.0,11.0,0.022218616777125968
ellipse,1000,0.06,7.619047619047621,2,mrgap,0.03645934213779644,0.01131325243452768,nan,78.0,67.0,nan
ellipse,1000,0.06,7.619047619047621,2,manifold_fitting,0.04693673038779594,0.019495017713096748,nan,20.0,6.0,nan
ellipse,1000,0.06,7.619047619047621,2,ours,0.04934288390117897,0.015008256613361488,nan,17.0,11.0,0.013044947636003213
ellipse,1000,0.1,4.571428571428572,0,mrgap,0.13925538913286334,0.029725055445069273,nan,81.0,67.0,nan
ellipse,1000,0.1,4.571428571428572,0,manifold_fitting,0.09160157422277075,0.0314411341380129,nan,33.0,15.0,nan
ellipse,1000,0.1,4.571428571428572,0,ours,0.07432131600545354,0.02408321173454673,nan,29.5,17.0,0.07433587394083882
ellipse,1000,0.1,4.571428571428572,1,mrgap,0.1409022860849004,0.016819605537927548,nan,81.0,61.0,nan
ellipse,1000,0.1,4.571428571428572,1,manifold_fitting,0.07061322598956392,0.023575324018108898,nan,32.0,15.0,nan
ellipse,1000,0.1,4.571428571428572,1,ours,0.0493643266152604,0.017209111831619137,nan,27.0,20.0,0.07284969483726568
ellipse,1000,0.1,4.571428571428572,2,mrgap,0.10037539131602433,0.025793386023551294,nan,80.5,69.0,nan
ellipse,1000,0.1,4.571428571428572,2,manifold_fitting,0.10012574678413584,0.036919686258090806,nan,32.0,13.0,nan
ellipse,1000,0.1,4.571428571428572,2,ours,0.08318677629331661,0.025082908074127913,nan,28.5,17.0,0.06983981493956014
ellipse,3000,0.03,15.238095238095243,0,mrgap,0.012082622028060564,0.004359551376084814,nan,256.0,234.0,nan
ellipse,3000,0.03,15.238095238095243,0,manifold_fitting,0.03588124150884523,0.014139505721465231,nan,23.0,9.0,nan
ellipse,3000,0.03,15.238095238095243,0,ours,0.02196289717911564,0.006273000172151336,nan,21.0,11.0,0.0029965520289736425
ellipse,3000,0.03,15.238095238095243,1,mrgap,0.012017095261705971,0.0035635119071803375,nan,255.5,237.0,nan
ellipse,3000,0.03,15.238095238095243,1,manifold_fitting,0.04510423487748216,0.01636507613718402,nan,24.0,9.0,nan
ellipse,3000,0.03,15.238095238095243,1,ours,0.019142662431634178,0.006754353323159155,nan,22.0,11.0,0.0038915163865309815
ellipse,3000,0.03,15.238095238095243,2,mrgap,0.011597262988924531,0.003231068992440568,nan,253.5,229.0,nan
ellipse,3000,0.03,15.238095238095243,2,manifold_fitting,0.04074415733627165,0.015268109287244697,nan,25.0,9.0,nan
ellipse,3000,0.03,15.238095238095243,2,ours,0.027105331069121753,0.005912335590848474,nan,22.0,11.0,0.0070253927343278365
ellipse,3000,0.06,7.619047619047621,0,mrgap,0.02285241471091544,0.00749289091251738,nan,246.0,226.0,nan
ellipse,3000,0.06,7.619047619047621,0,manifold_fitting,0.04734412399512419,0.01749198801118696,nan,46.0,24.0,nan
ellipse,3000,0.06,7.619047619047621,0,ours,0.04510303225249257,0.010545004768660878,nan,42.0,30.0,0.03328152453302222
ellipse,3000,0.06,7.619047619047621,0,ours_oracle_direction,0.029114197348114153,0.009609742780360175,nan,nan,nan,nan
ellipse,3000,0.06,7.619047619047621,1,mrgap,0.02144616248037136,0.008081427710581464,nan,251.5,223.0,nan
ellipse,3000,0.06,7.619047619047621,1,manifold_fitting,0.06787497854649435,0.01796639518666797,nan,47.0,20.0,nan
ellipse,3000,0.06,7.619047619047621,1,ours,0.05034159088363808,0.011411157158175355,nan,43.0,26.0,0.030316890586844905
ellipse,3000,0.06,7.619047619047621,1,ours_oracle_direction,0.031040851915272137,0.010256293825999841,nan,nan,nan,nan
ellipse,3000,0.06,7.619047619047621,2,mrgap,0.018004227207024395,0.006483027318189231,nan,250.5,202.0,nan
ellipse,3000,0.06,7.619047619047621,2,manifold_fitting,0.044028703009536534,0.017908975894982894,nan,46.0,23.0,nan
ellipse,3000,0.06,7.619047619047621,2,ours,0.025605633991440415,0.00817618829708153,nan,42.5,29.0,0.03614736470843677
ellipse,3000,0.06,7.619047619047621,2,ours_oracle_direction,0.0246800609624272,0.007948163959293932,nan,nan,nan,nan
ellipse,3000,0.06,7.619047619047621,3,mrgap,0.01632354784666897,0.005171992799716394,nan,248.5,219.0,nan
ellipse,3000,0.06,7.619047619047621,3,manifold_fitting,0.04458664190277318,0.014620587443477258,nan,47.0,20.0,nan
ellipse,3000,0.06,7.619047619047621,3,ours,0.0355786488111856,0.009328958286291109,nan,43.0,21.0,0.030049002437883995
ellipse,3000,0.06,7.619047619047621,3,ours_oracle_direction,0.030916335394561102,0.008490898877165165,nan,nan,nan,nan
ellipse,3000,0.06,7.619047619047621,4,mrgap,0.02824542568653592,0.007453675883986698,nan,256.0,225.0,nan
ellipse,3000,0.06,7.619047619047621,4,manifold_fitting,0.0454106604589812,0.01643295344767663,nan,45.0,26.0,nan
ellipse,3000,0.06,7.619047619047621,4,ours,0.038348033845485845,0.010547194342811267,nan,42.5,28.0,0.03482480222196711
ellipse,3000,0.06,7.619047619047621,4,ours_oracle_direction,0.03128703943745092,0.009930055471003193,nan,nan,nan,nan
ellipse,3000,0.06,7.619047619047621,5,mrgap,0.014383524901806131,0.005329346256693648,nan,253.0,222.0,nan
ellipse,3000,0.06,7.619047619047621,5,manifold_fitting,0.04952823700800611,0.0155404194804422,nan,44.0,26.0,nan
ellipse,3000,0.06,7.619047619047621,5,ours,0.02574672831450033,0.007080712708495394,nan,41.5,27.0,0.023366041620193654
ellipse,3000,0.06,7.619047619047621,5,ours_oracle_direction,0.024930186936671067,0.008144295925399501,nan,nan,nan,nan
ellipse,3000,0.06,7.619047619047621,6,mrgap,0.021625373503735563,0.007553549758069296,nan,250.0,233.0,nan
ellipse,3000,0.06,7.619047619047621,6,manifold_fitting,0.03654548616803473,0.014928227254737102,nan,46.0,23.0,nan
ellipse,3000,0.06,7.619047619047621,6,ours,0.047074304856926576,0.009432517073262644,nan,42.5,29.0,0.02701351741663247
ellipse,3000,0.06,7.619047619047621,6,ours_oracle_direction,0.03889373233887471,0.009229893683034323,nan,nan,nan,nan
ellipse,3000,0.06,7.619047619047621,7,mrgap,0.026154125896512993,0.008383172393197172,nan,251.5,214.0,nan
ellipse,3000,0.06,7.619047619047621,7,manifold_fitting,0.046788293872467135,0.015008154219342176,nan,46.0,23.0,nan
ellipse,3000,0.06,7.619047619047621,7,ours,0.03342354400260757,0.011265288436267364,nan,43.5,28.0,0.030731970980749382
ellipse,3000,0.06,7.619047619047621,7,ours_oracle_direction,0.03790110932451875,0.010758468547204152,nan,nan,nan,nan
ellipse,3000,0.06,7.619047619047621,8,mrgap,0.017975252283050757,0.0064610804408482495,nan,250.5,210.0,nan
ellipse,3000,0.06,7.619047619047621,8,manifold_fitting,0.04453946123100728,0.016917732274237717,nan,45.0,27.0,nan
ellipse,3000,0.06,7.619047619047621,8,ours,0.02805393551191468,0.007494814830639785,nan,39.5,30.0,0.032806499948660105
ellipse,3000,0.06,7.619047619047621,8,ours_oracle_direction,0.026947420029137536,0.007353459389776476,nan,nan,nan,nan
ellipse,3000,0.06,7.619047619047621,9,mrgap,0.02096689479845758,0.0071687630323447405,nan,249.5,222.0,nan
ellipse,3000,0.06,7.619047619047621,9,manifold_fitting,0.04791137722194735,0.016147534407587573,nan,44.0,29.0,nan
ellipse,3000,0.06,7.619047619047621,9,ours,0.03389990430010676,0.0100950496458781,nan,41.0,30.0,0.02062291391206466
ellipse,3000,0.06,7.619047619047621,9,ours_oracle_direction,0.03899651736735325,0.010245184913268406,nan,nan,nan,nan
ellipse,3000,0.06,7.619047619047621,10,mrgap,0.02013871954977389,0.00663336170863873,nan,245.0,209.0,nan
ellipse,3000,0.06,7.619047619047621,10,manifold_fitting,0.04706071658993002,0.01543608320585521,nan,45.0,25.0,nan
ellipse,3000,0.06,7.619047619047621,10,ours,0.0349976470885635,0.010419644224803628,nan,41.5,29.0,0.03301711692725941
ellipse,3000,0.06,7.619047619047621,10,ours_oracle_direction,0.03508751407127296,0.010350069462210704,nan,nan,nan,nan
ellipse,3000,0.06,7.619047619047621,11,mrgap,0.02060178349878018,0.006784948028780019,nan,247.5,206.0,nan
ellipse,3000,0.06,7.619047619047621,11,manifold_fitting,0.046586043424055874,0.01545597887679024,nan,46.0,24.0,nan
ellipse,3000,0.06,7.619047619047621,11,ours,0.03140468879776683,0.009350699461712249,nan,42.0,26.0,0.023146156238610566
ellipse,3000,0.06,7.619047619047621,11,ours_oracle_direction,0.03279684312949778,0.00980036045329715,nan,nan,nan,nan
ellipse,3000,0.06,7.619047619047621,12,mrgap,0.015231636013725262,0.005533087430064046,nan,251.5,225.0,nan
ellipse,3000,0.06,7.619047619047621,12,manifold_fitting,0.04619205490706539,0.01708387608231867,nan,45.0,27.0,nan
ellipse,3000,0.06,7.619047619047621,12,ours,0.029442204713987608,0.00973840545155304,nan,42.0,30.0,0.03738951424421379
ellipse,3000,0.06,7.619047619047621,12,ours_oracle_direction,0.029570668006257603,0.009976839134494112,nan,nan,nan,nan
ellipse,3000,0.06,7.619047619047621,13,mrgap,0.014119911596939172,0.00572484942751809,nan,251.0,231.0,nan
ellipse,3000,0.06,7.619047619047621,13,manifold_fitting,0.045532185634773015,0.014399709313070972,nan,44.0,24.0,nan
ellipse,3000,0.06,7.619047619047621,13,ours,0.030495428264148965,0.007471083301527307,nan,42.0,24.0,0.019351742058643557
ellipse,3000,0.06,7.619047619047621,13,ours_oracle_direction,0.03163482356310551,0.006759572736661628,nan,nan,nan,nan
ellipse,3000,0.06,7.619047619047621,14,mrgap,0.01636479428722915,0.006182164596707474,nan,251.5,220.0,nan
ellipse,3000,0.06,7.619047619047621,14,manifold_fitting,0.05144557327255055,0.0144569667755765,nan,45.0,24.0,nan
ellipse,3000,0.06,7.619047619047621,14,ours,0.03464625187754495,0.011304754968036953,nan,42.0,28.0,0.02877409269104747
ellipse,3000,0.06,7.619047619047621,14,ours_oracle_direction,0.028155749999641686,0.008916584417352054,nan,nan,nan,nan
ellipse,3000,0.06,7.619047619047621,15,mrgap,0.023675957269677615,0.005620391536872178,nan,247.0,221.0,nan
ellipse,3000,0.06,7.619047619047621,15,manifold_fitting,0.03697132586674426,0.012907061254976553,nan,45.0,26.0,nan
ellipse,3000,0.06,7.619047619047621,15,ours,0.036679177404525545,0.009582202272746174,nan,42.0,29.0,0.030273007790478732
ellipse,3000,0.06,7.619047619047621,15,ours_oracle_direction,0.04043414669315753,0.008416479374575563,nan,nan,nan,nan
ellipse,3000,0.06,7.619047619047621,16,mrgap,0.023054474662673633,0.006671047775890566,nan,252.0,220.0,nan
ellipse,3000,0.06,7.619047619047621,16,manifold_fitting,0.04052934357841441,0.01515482840039305,nan,45.0,27.0,nan
ellipse,3000,0.06,7.619047619047621,16,ours,0.03677520360704987,0.009985637722344464,nan,41.5,28.0,0.023877101349654612
ellipse,3000,0.06,7.619047619047621,16,ours_oracle_direction,0.03226174172733823,0.008780956199443996,nan,nan,nan,nan
ellipse,3000,0.06,7.619047619047621,17,mrgap,0.014017092314497843,0.004948205617619131,nan,249.0,220.0,nan
ellipse,3000,0.06,7.619047619047621,17,manifold_fitting,0.043644056652200516,0.013059817682876134,nan,46.0,26.0,nan
ellipse,3000,0.06,7.619047619047621,17,ours,0.031010448084492895,0.008870877863745852,nan,43.0,26.0,0.03133228370696058
ellipse,3000,0.06,7.619047619047621,17,ours_oracle_direction,0.03012700131373843,0.008229409283974105,nan,nan,nan,nan
ellipse,3000,0.06,7.619047619047621,18,mrgap,0.015656141362241277,0.005271543575749172,nan,250.0,222.0,nan
ellipse,3000,0.06,7.619047619047621,18,manifold_fitting,0.043338432192075504,0.014539133797475234,nan,44.0,24.0,nan
ellipse,3000,0.06,7.619047619047621,18,ours,0.028973908744187944,0.00752864760898295,nan,42.0,25.0,0.03628719939482423
ellipse,3000,0.06,7.619047619047621,18,ours_oracle_direction,0.02799238198996759,0.008431883304697189,nan,nan,nan,nan
ellipse,3000,0.06,7.619047619047621,19,mrgap,0.023016274614689098,0.006514055246275784,nan,245.5,213.0,nan
ellipse,3000,0.06,7.619047619047621,19,manifold_fitting,0.05377783480055561,0.016226136162111018,nan,45.0,24.0,nan
ellipse,3000,0.06,7.619047619047621,19,ours,0.032282000606313144,0.010074191020404296,nan,41.0,27.0,0.03441581787076672
ellipse,3000,0.06,7.619047619047621,19,ours_oracle_direction,0.03230277538288491,0.009750079459202084,nan,nan,nan,nan
ellipse,3000,0.06,7.619047619047621,20,mrgap,0.02041448153795156,0.005962279262070549,nan,246.5,226.0,nan
ellipse,3000,0.06,7.619047619047621,20,manifold_fitting,0.04678370317638381,0.016249222187443936,nan,44.0,28.0,nan
ellipse,3000,0.06,7.619047619047621,20,ours,0.030345399159743623,0.009802524003722689,nan,41.0,29.0,0.03457216508216447
ellipse,3000,0.06,7.619047619047621,20,ours_oracle_direction,0.03130547327311545,0.009935291786298296,nan,nan,nan,nan
ellipse,3000,0.06,7.619047619047621,21,mrgap,0.025173607233966944,0.00739471612593599,nan,251.5,230.0,nan
ellipse,3000,0.06,7.619047619047621,21,manifold_fitting,0.047197350774043856,0.015663264275594432,nan,45.0,28.0,nan
ellipse,3000,0.06,7.619047619047621,21,ours,0.03798018016881576,0.010529116321043917,nan,42.5,30.0,0.01959708881902392
ellipse,3000,0.06,7.619047619047621,21,ours_oracle_direction,0.039116808599286866,0.0105666916232382,nan,nan,nan,nan
ellipse,3000,0.06,7.619047619047621,22,mrgap,0.01885330782161038,0.006346128914297642,nan,253.5,227.0,nan
ellipse,3000,0.06,7.619047619047621,22,manifold_fitting,0.04526839368990409,0.01669555365013798,nan,45.0,25.0,nan
ellipse,3000,0.06,7.619047619047621,22,ours,0.02618339807230323,0.00775610040992394,nan,41.0,25.0,0.030777189248941083
ellipse,3000,0.06,7.619047619047621,22,ours_oracle_direction,0.03425193334049279,0.0078095794667970165,nan,nan,nan,nan
ellipse,3000,0.06,7.619047619047621,23,mrgap,0.02254638663495245,0.005516015924226401,nan,252.0,230.0,nan
ellipse,3000,0.06,7.619047619047621,23,manifold_fitting,0.04669809235003501,0.014530881036892648,nan,45.0,26.0,nan
ellipse,3000,0.06,7.619047619047621,23,ours,0.034419664903933514,0.008890323691397051,nan,42.0,28.0,0.01885216792536751
ellipse,3000,0.06,7.619047619047621,23,ours_oracle_direction,0.028735875885441645,0.008377519642984284,nan,nan,nan,nan
ellipse,3000,0.06,7.619047619047621,24,mrgap,0.01848298927639031,0.005612243803180283,nan,252.0,206.0,nan
ellipse,3000,0.06,7.619047619047621,24,manifold_fitting,0.04882501164949811,0.017139886025786002,nan,47.0,24.0,nan
ellipse,3000,0.06,7.619047619047621,24,ours,0.04811378727254881,0.010302304537202066,nan,43.0,23.0,0.023768438303047222
ellipse,3000,0.06,7.619047619047621,24,ours_oracle_direction,0.029671256083581815,0.009897094507740695,nan,nan,nan,nan
ellipse,3000,0.06,7.619047619047621,25,mrgap,0.014996272490747874,0.006323978388738289,nan,248.0,222.0,nan
ellipse,3000,0.06,7.619047619047621,25,manifold_fitting,0.047433160993238056,0.018060855110931362,nan,45.0,27.0,nan
ellipse,3000,0.06,7.619047619047621,25,ours,0.029739107622974967,0.010207914184640801,nan,40.0,29.0,0.027909426922779024
ellipse,3000,0.06,7.619047619047621,25,ours_oracle_direction,0.029099447760496017,0.009843154454811431,nan,nan,nan,nan
ellipse,3000,0.06,7.619047619047621,26,mrgap,0.015440325833705686,0.005221632571224851,nan,248.0,210.0,nan
ellipse,3000,0.06,7.619047619047621,26,manifold_fitting,0.06470569752220957,0.016739843235239277,nan,48.0,23.0,nan
ellipse,3000,0.06,7.619047619047621,26,ours,0.04198703797165195,0.009979546459947888,nan,40.5,27.0,0.027447016249115257
ellipse,3000,0.06,7.619047619047621,26,ours_oracle_direction,0.026435195945117434,0.008468742270994239,nan,nan,nan,nan
ellipse,3000,0.06,7.619047619047621,27,mrgap,0.020803193771118673,0.005152287785704739,nan,248.0,232.0,nan
ellipse,3000,0.06,7.619047619047621,27,manifold_fitting,0.04916977261999964,0.015648726708753318,nan,45.0,22.0,nan
ellipse,3000,0.06,7.619047619047621,27,ours,0.028911479358440354,0.008534886279391831,nan,41.0,25.0,0.03081250411807497
ellipse,3000,0.06,7.619047619047621,27,ours_oracle_direction,0.02952100528186591,0.008249711538507655,nan,nan,nan,nan
ellipse,3000,0.06,7.619047619047621,28,mrgap,0.01861547230003674,0.006207980860775907,nan,247.5,221.0,nan
ellipse,3000,0.06,7.619047619047621,28,manifold_fitting,0.05096852862216435,0.015613257099274667,nan,45.0,28.0,nan
ellipse,3000,0.06,7.619047619047621,28,ours,0.036549209491372976,0.008388705635117566,nan,42.5,31.0,0.030408099523795407
ellipse,3000,0.06,7.619047619047621,28,ours_oracle_direction,0.03501574337623219,0.009174424890576058,nan,nan,nan,nan
ellipse,3000,0.06,7.619047619047621,29,mrgap,0.016734366759511985,0.0063208316162599205,nan,253.5,222.0,nan
ellipse,3000,0.06,7.619047619047621,29,manifold_fitting,0.04592681309032153,0.015219815723783225,nan,45.0,23.0,nan
ellipse,3000,0.06,7.619047619047621,29,ours,0.04006389158336924,0.010167801669378054,nan,42.5,31.0,0.020682677482452467
ellipse,3000,0.06,7.619047619047621,29,ours_oracle_direction,0.03571769831923754,0.009442968712332411,nan,nan,nan,nan
ellipse,3000,0.06,7.619047619047621,30,mrgap,0.01792634564731821,0.0065340671435034315,nan,252.0,224.0,nan
ellipse,3000,0.06,7.619047619047621,30,manifold_fitting,0.05767347933509757,0.016661088256921006,nan,46.0,26.0,nan
ellipse,3000,0.06,7.619047619047621,30,ours,0.03906328192062847,0.010016959291596978,nan,42.0,31.0,0.033973106134343053
ellipse,3000,0.06,7.619047619047621,30,ours_oracle_direction,0.03846091408405036,0.00951387292625808,nan,nan,nan,nan
ellipse,3000,0.06,7.619047619047621,31,mrgap,0.01202280515799157,0.0050251096572547695,nan,254.0,219.0,nan
ellipse,3000,0.06,7.619047619047621,31,manifold_fitting,0.04761769920106812,0.014564921339010925,nan,46.0,26.0,nan
ellipse,3000,0.06,7.619047619047621,31,ours,0.029286154286674047,0.008919008342033467,nan,42.5,25.0,0.030843378038954705
ellipse,3000,0.06,7.619047619047621,31,ours_oracle_direction,0.025780858934107902,0.008431754423868811,nan,nan,nan,nan
ellipse,3000,0.06,7.619047619047621,32,mrgap,0.024571560384714475,0.006545713370351422,nan,250.0,228.0,nan
ellipse,3000,0.06,7.619047619047621,32,manifold_fitting,0.04718880867314897,0.016278487011489737,nan,45.0,24.0,nan
ellipse,3000,0.06,7.619047619047621,32,ours,0.035352794308018104,0.00902911911125985,nan,41.5,26.0,0.02937304008807955
ellipse,3000,0.06,7.619047619047621,32,ours_oracle_direction,0.03237258715963482,0.009222077785715255,nan,nan,nan,nan
ellipse,3000,0.06,7.619047619047621,33,mrgap,0.02058068417454527,0.007111997541649899,nan,249.5,222.0,nan
ellipse,3000,0.06,7.619047619047621,33,manifold_fitting,0.04491130213225102,0.01603908557946443,nan,45.0,28.0,nan
ellipse,3000,0.06,7.619047619047621,33,ours,0.026582961479851414,0.008575520765218714,nan,42.0,30.0,0.025860737388301743
ellipse,3000,0.06,7.619047619047621,33,ours_oracle_direction,0.02469174789084606,0.009209772067510783,nan,nan,nan,nan
ellipse,3000,0.06,7.619047619047621,34,mrgap,0.03226422561710285,0.006848914705849026,nan,249.5,232.0,nan
ellipse,3000,0.06,7.619047619047621,34,manifold_fitting,0.044405975756934876,0.014261030217319637,nan,46.0,24.0,nan
ellipse,3000,0.06,7.619047619047621,34,ours,0.04904258634132848,0.009358003968479566,nan,42.5,24.0,0.012573243056574316
ellipse,3000,0.06,7.619047619047621,34,ours_oracle_direction,0.050127621976497734,0.008969515255420156,nan,nan,nan,nan
ellipse,3000,0.06,7.619047619047621,35,mrgap,0.021926429531096227,0.006936379576282828,nan,250.0,212.0,nan
ellipse,3000,0.06,7.619047619047621,35,manifold_fitting,0.04438423598466564,0.01757494380490309,nan,45.0,22.0,nan
ellipse,3000,0.06,7.619047619047621,35,ours,0.03417796015280874,0.009194415022297165,nan,41.5,25.0,0.03201735457704454
ellipse,3000,0.06,7.619047619047621,35,ours_oracle_direction,0.02857370330877944,0.008970036152709698,nan,nan,nan,nan
ellipse,3000,0.06,7.619047619047621,36,mrgap,0.022171848890595106,0.0070014713856939,nan,251.0,221.0,nan
ellipse,3000,0.06,7.619047619047621,36,manifold_fitting,0.04533805495928138,0.015749116495098067,nan,45.0,25.0,nan
ellipse,3000,0.06,7.619047619047621,36,ours,0.044634592096820386,0.009398035398484245,nan,42.0,25.0,0.03372002703814021
ellipse,3000,0.06,7.619047619047621,36,ours_oracle_direction,0.04413650028174326,0.009543152478283749,nan,nan,nan,nan
ellipse,3000,0.06,7.619047619047621,37,mrgap,0.020018821816874196,0.007283231337796714,nan,252.5,230.0,nan
ellipse,3000,0.06,7.619047619047621,37,manifold_fitting,0.04088405587026866,0.016149686569889656,nan,47.0,24.0,nan
ellipse,3000,0.06,7.619047619047621,37,ours,0.030244084058385707,0.006657063812455061,nan,42.5,26.0,0.022222158507424206
ellipse,3000,0.06,7.619047619047621,37,ours_oracle_direction,0.029557932002145182,0.007605810927750896,nan,nan,nan,nan
ellipse,3000,0.06,7.619047619047621,38,mrgap,0.01840738286851438,0.008037689434473203,nan,250.0,222.0,nan
ellipse,3000,0.06,7.619047619047621,38,manifold_fitting,0.04448435329230989,0.014984318550645066,nan,46.0,25.0,nan
ellipse,3000,0.06,7.619047619047621,38,ours,0.035964632664910845,0.011575596283973776,nan,42.0,32.0,0.03183093347503263
ellipse,3000,0.06,7.619047619047621,38,ours_oracle_direction,0.03267131059710393,0.010817124088723368,nan,nan,nan,nan
ellipse,3000,0.06,7.619047619047621,39,mrgap,0.02266805734981439,0.007337351206240943,nan,249.5,221.0,nan
ellipse,3000,0.06,7.619047619047621,39,manifold_fitting,0.04941036908006109,0.01563520501888103,nan,44.0,23.0,nan
ellipse,3000,0.06,7.619047619047621,39,ours,0.02961580773707783,0.009390553940610415,nan,41.0,25.0,0.026214655628310282
ellipse,3000,0.06,7.619047619047621,39,ours_oracle_direction,0.03195842486368645,0.009387159077040397,nan,nan,nan,nan
ellipse,3000,0.06,7.619047619047621,40,mrgap,0.015512065890370075,0.006026210937617951,nan,247.0,231.0,nan
ellipse,3000,0.06,7.619047619047621,40,manifold_fitting,0.043123159634998756,0.013275861067096738,nan,44.0,29.0,nan
ellipse,3000,0.06,7.619047619047621,40,ours,0.03356386050495909,0.009271974226471847,nan,41.5,30.0,0.026688426874154708
ellipse,3000,0.06,7.619047619047621,40,ours_oracle_direction,0.030883690214335905,0.009768895215197165,nan,nan,nan,nan
ellipse,3000,0.06,7.619047619047621,41,mrgap,0.023406890794574305,0.008215931942074458,nan,255.0,206.0,nan
ellipse,3000,0.06,7.619047619047621,41,manifold_fitting,0.04429852559595037,0.015183580619075692,nan,45.0,26.0,nan
ellipse,3000,0.06,7.619047619047621,41,ours,0.0331636653043375,0.009951469666529617,nan,42.0,31.0,0.020183297910237114
ellipse,3000,0.06,7.619047619047621,41,ours_oracle_direction,0.03275453320052084,0.01014881564562848,nan,nan,nan,nan
ellipse,3000,0.06,7.619047619047621,42,mrgap,0.021145742881390348,0.00564636896303784,nan,248.0,231.0,nan
ellipse,3000,0.06,7.619047619047621,42,manifold_fitting,0.05122301420385176,0.018014410498552985,nan,46.0,26.0,nan
ellipse,3000,0.06,7.619047619047621,42,ours,0.036025179505304046,0.008871824873900445,nan,42.0,29.0,0.022236813307923126
ellipse,3000,0.06,7.619047619047621,42,ours_oracle_direction,0.028723373361674357,0.008554346142316958,nan,nan,nan,nan
ellipse,3000,0.06,7.619047619047621,43,mrgap,0.023802099178688356,0.006820695446422331,nan,244.5,222.0,nan
ellipse,3000,0.06,7.619047619047621,43,manifold_fitting,0.04513093738141699,0.01590115576219471,nan,45.0,27.0,nan
ellipse,3000,0.06,7.619047619047621,43,ours,0.03180599274796163,0.00961083304405965,nan,42.0,28.0,0.03238377010440986
ellipse,3000,0.06,7.619047619047621,43,ours_oracle_direction,0.030494398288066295,0.007952455960984324,nan,nan,nan,nan
ellipse,3000,0.06,7.619047619047621,44,mrgap,0.029595332847110325,0.00803011884200976,nan,255.0,220.0,nan
ellipse,3000,0.06,7.619047619047621,44,manifold_fitting,0.04877730433757404,0.018145716903216494,nan,46.0,26.0,nan
ellipse,3000,0.06,7.619047619047621,44,ours,0.03181991168012242,0.008986563165187499,nan,42.5,27.0,0.015531642769045407
ellipse,3000,0.06,7.619047619047621,44,ours_oracle_direction,0.0342577367050615,0.010001325435629944,nan,nan,nan,nan
ellipse,3000,0.06,7.619047619047621,45,mrgap,0.030602083299421275,0.007636159234923706,nan,250.5,232.0,nan
ellipse,3000,0.06,7.619047619047621,45,manifold_fitting,0.05986354413915825,0.017796552174144612,nan,46.0,24.0,nan
ellipse,3000,0.06,7.619047619047621,45,ours,0.055646553830206925,0.012265572435771815,nan,40.5,30.0,0.02519010556644124
ellipse,3000,0.06,7.619047619047621,45,ours_oracle_direction,0.038445068066456145,0.01040674953794721,nan,nan,nan,nan
ellipse,3000,0.06,7.619047619047621,46,mrgap,0.014966470292684223,0.006044589725751179,nan,252.0,199.0,nan
ellipse,3000,0.06,7.619047619047621,46,manifold_fitting,0.04988253672680525,0.017920666838590577,nan,45.0,26.0,nan
ellipse,3000,0.06,7.619047619047621,46,ours,0.04125464798146165,0.007814214894928041,nan,42.0,26.0,0.023198411717459944
ellipse,3000,0.06,7.619047619047621,46,ours_oracle_direction,0.03768668940508923,0.007706507350670611,nan,nan,nan,nan
ellipse,3000,0.06,7.619047619047621,47,mrgap,0.015684762857506085,0.005735129569793069,nan,250.5,205.0,nan
ellipse,3000,0.06,7.619047619047621,47,manifold_fitting,0.05754705631409653,0.01775351643659488,nan,47.0,25.0,nan
ellipse,3000,0.06,7.619047619047621,47,ours,0.027746966236069023,0.008466922545157188,nan,42.5,25.0,0.038035586183918904
ellipse,3000,0.06,7.619047619047621,47,ours_oracle_direction,0.02616024791884526,0.007876899584197093,nan,nan,nan,nan
ellipse,3000,0.06,7.619047619047621,48,mrgap,0.015117090406786387,0.006144338524675181,nan,252.0,223.0,nan
ellipse,3000,0.06,7.619047619047621,48,manifold_fitting,0.05648686864597234,0.01750209401567605,nan,46.0,22.0,nan
ellipse,3000,0.06,7.619047619047621,48,ours,0.044601104867625495,0.010222896637513006,nan,42.0,30.0,0.029770964721348995
ellipse,3000,0.06,7.619047619047621,48,ours_oracle_direction,0.025784722823410374,0.008833910227987362,nan,nan,nan,nan
ellipse,3000,0.06,7.619047619047621,49,mrgap,0.017142136986096245,0.006557514082692338,nan,249.0,231.0,nan
ellipse,3000,0.06,7.619047619047621,49,manifold_fitting,0.05363604607358137,0.019369451519953562,nan,45.0,26.0,nan
ellipse,3000,0.06,7.619047619047621,49,ours,0.02860246435665907,0.009199448211992117,nan,42.0,28.0,0.0222917800217029
ellipse,3000,0.06,7.619047619047621,49,ours_oracle_direction,0.03528370982854056,0.00937813498276751,nan,nan,nan,nan
ellipse,3000,0.06,7.619047619047621,50,mrgap,0.02418005648502363,0.007038092595634142,nan,256.0,214.0,nan
ellipse,3000,0.06,7.619047619047621,50,manifold_fitting,0.05192959072440736,0.014217505004299323,nan,44.0,26.0,nan
ellipse,3000,0.06,7.619047619047621,50,ours,0.033262502577551735,0.008646431509985359,nan,41.0,28.0,0.020728601986349564
ellipse,3000,0.06,7.619047619047621,50,ours_oracle_direction,0.03528319939234446,0.009123015024235572,nan,nan,nan,nan
ellipse,3000,0.06,7.619047619047621,51,mrgap,0.021285040374578137,0.00546544487067319,nan,249.0,224.0,nan
ellipse,3000,0.06,7.619047619047621,51,manifold_fitting,0.04856876480565553,0.013838201734118155,nan,44.0,22.0,nan
ellipse,3000,0.06,7.619047619047621,51,ours,0.03301816675635697,0.010372954871946442,nan,42.0,31.0,0.02792758254602722
ellipse,3000,0.06,7.619047619047621,51,ours_oracle_direction,0.03896907097113739,0.01023968189526956,nan,nan,nan,nan
ellipse,3000,0.06,7.619047619047621,52,mrgap,0.018328482687110733,0.005941434073685569,nan,249.5,224.0,nan
ellipse,3000,0.06,7.619047619047621,52,manifold_fitting,0.04307073307362847,0.015150743315626315,nan,46.0,24.0,nan
ellipse,3000,0.06,7.619047619047621,52,ours,0.026489455106952615,0.0094146777386598,nan,42.5,29.0,0.01630429842386627
ellipse,3000,0.06,7.619047619047621,52,ours_oracle_direction,0.02916555192833831,0.008822139569278263,nan,nan,nan,nan
ellipse,3000,0.06,7.619047619047621,53,mrgap,0.017060566002817665,0.006372482267828125,nan,252.0,227.0,nan
ellipse,3000,0.06,7.619047619047621,53,manifold_fitting,0.04830333057679312,0.014801349885561508,nan,45.0,26.0,nan
ellipse,3000,0.06,7.619047619047621,53,ours,0.028053933802676786,0.009592469137566215,nan,41.5,26.0,0.02932766444601174
ellipse,3000,0.06,7.619047619047621,53,ours_oracle_direction,0.02924636607290746,0.009810563725032305,nan,nan,nan,nan
ellipse,3000,0.06,7.619047619047621,54,mrgap,0.016327070795213627,0.005290957904332053,nan,252.0,213.0,nan
ellipse,3000,0.06,7.619047619047621,54,manifold_fitting,0.04219227297798716,0.015766512949747208,nan,47.0,24.0,nan
ellipse,3000,0.06,7.619047619047621,54,ours,0.038384963900157,0.010299551479191073,nan,43.0,27.0,0.027928777664720527
ellipse,3000,0.06,7.619047619047621,54,ours_oracle_direction,0.02704315066743686,0.0087643968862522,nan,nan,nan,nan
ellipse,3000,0.06,7.619047619047621,55,mrgap,0.01972526490566221,0.00572371955202104,nan,255.5,217.0,nan
ellipse,3000,0.06,7.619047619047621,55,manifold_fitting,0.04692901089662067,0.01441445430520863,nan,47.0,25.0,nan
ellipse,3000,0.06,7.619047619047621,55,ours,0.03612630460088667,0.009432507123075536,nan,42.5,30.0,0.02596534088119408
ellipse,3000,0.06,7.619047619047621,55,ours_oracle_direction,0.03618672615367891,0.00928162945462687,nan,nan,nan,nan
ellipse,3000,0.06,7.619047619047621,56,mrgap,0.023359254849338457,0.006168583298609882,nan,252.5,218.0,nan
ellipse,3000,0.06,7.619047619047621,56,manifold_fitting,0.04101404608585833,0.01689356084715288,nan,45.0,26.0,nan
ellipse,3000,0.06,7.619047619047621,56,ours,0.035576919260993815,0.00999305132622471,nan,43.0,26.0,0.021465346598574356
ellipse,3000,0.06,7.619047619047621,56,ours_oracle_direction,0.03639566443124176,0.009902997693896692,nan,nan,nan,nan
ellipse,3000,0.06,7.619047619047621,57,mrgap,0.026495887067027223,0.006081276215142212,nan,257.0,201.0,nan
ellipse,3000,0.06,7.619047619047621,57,manifold_fitting,0.05678162657013007,0.013890722965998567,nan,48.0,24.0,nan
ellipse,3000,0.06,7.619047619047621,57,ours,0.029357779404555397,0.009534932732844822,nan,41.0,26.0,0.023118802992686843
ellipse,3000,0.06,7.619047619047621,57,ours_oracle_direction,0.029020255662384656,0.008562203692684378,nan,nan,nan,nan
ellipse,3000,0.06,7.619047619047621,58,mrgap,0.022305098030324873,0.006963587446325001,nan,248.0,226.0,nan
ellipse,3000,0.06,7.619047619047621,58,manifold_fitting,0.03910484242963257,0.014198448015827115,nan,43.0,27.0,nan
ellipse,3000,0.06,7.619047619047621,58,ours,0.03648298966454801,0.008210510607328457,nan,41.0,32.0,0.01944335303856405
ellipse,3000,0.06,7.619047619047621,58,ours_oracle_direction,0.033320929275851556,0.007881546105643504,nan,nan,nan,nan
ellipse,3000,0.06,7.619047619047621,59,mrgap,0.018067375859132102,0.005854487651210343,nan,253.0,217.0,nan
ellipse,3000,0.06,7.619047619047621,59,manifold_fitting,0.050185864504835684,0.01709927954545063,nan,45.0,25.0,nan
ellipse,3000,0.06,7.619047619047621,59,ours,0.03875335594021844,0.009799478651666249,nan,41.5,25.0,0.028880933658330027
ellipse,3000,0.06,7.619047619047621,59,ours_oracle_direction,0.03138920234026661,0.00880187571434171,nan,nan,nan,nan
ellipse,3000,0.06,7.619047619047621,60,mrgap,0.012097850381321525,0.005608235900958159,nan,250.0,230.0,nan
ellipse,3000,0.06,7.619047619047621,60,manifold_fitting,0.03598728479971848,0.013551394360325387,nan,45.0,28.0,nan
ellipse,3000,0.06,7.619047619047621,60,ours,0.02984193605160067,0.008356915510436734,nan,41.5,30.0,0.02937714993971396
ellipse,3000,0.06,7.619047619047621,60,ours_oracle_direction,0.021822260989929555,0.007329637427782844,nan,nan,nan,nan
ellipse,3000,0.06,7.619047619047621,61,mrgap,0.026585116325641884,0.007521793369061507,nan,248.5,215.0,nan
ellipse,3000,0.06,7.619047619047621,61,manifold_fitting,0.04730987236601263,0.015042861000314094,nan,44.0,25.0,nan
ellipse,3000,0.06,7.619047619047621,61,ours,0.037911450661089814,0.010275515325369635,nan,40.0,28.0,0.02664352099293489
ellipse,3000,0.06,7.619047619047621,61,ours_oracle_direction,0.038179110166172855,0.00984327349588135,nan,nan,nan,nan
ellipse,3000,0.06,7.619047619047621,62,mrgap,0.021965259854690066,0.007755535086256553,nan,246.5,213.0,nan
ellipse,3000,0.06,7.619047619047621,62,manifold_fitting,0.04005510896618482,0.015659577495551,nan,44.0,20.0,nan
ellipse,3000,0.06,7.619047619047621,62,ours,0.03051644454133247,0.008791757240475645,nan,42.0,24.0,0.027036564526688008
ellipse,3000,0.06,7.619047619047621,62,ours_oracle_direction,0.03589722222857368,0.009013835190225155,nan,nan,nan,nan
ellipse,3000,0.06,7.619047619047621,63,mrgap,0.02525502534362947,0.008227707336236768,nan,250.5,228.0,nan
ellipse,3000,0.06,7.619047619047621,63,manifold_fitting,0.038778072625578,0.01678360265743011,nan,45.0,21.0,nan
ellipse,3000,0.06,7.619047619047621,63,ours,0.03429659683807619,0.010273598314187463,nan,42.0,22.0,0.02119951167253789
ellipse,3000,0.06,7.619047619047621,63,ours_oracle_direction,0.034913821847300526,0.010255742986075848,nan,nan,nan,nan
ellipse,3000,0.06,7.619047619047621,64,mrgap,0.01424376529256338,0.005468205037773053,nan,253.0,213.0,nan
ellipse,3000,0.06,7.619047619047621,64,manifold_fitting,0.04355039096952692,0.014481940697331736,nan,45.0,26.0,nan
ellipse,3000,0.06,7.619047619047621,64,ours,0.027872678352648863,0.00897699551569093,nan,42.0,31.0,0.02266489392699742
ellipse,3000,0.06,7.619047619047621,64,ours_oracle_direction,0.029269124946698956,0.00854862488093263,nan,nan,nan,nan
ellipse,3000,0.06,7.619047619047621,65,mrgap,0.020036910502740094,0.00579816513473099,nan,248.5,218.0,nan
ellipse,3000,0.06,7.619047619047621,65,manifold_fitting,0.050228124413350755,0.015870506841379625,nan,44.0,27.0,nan
ellipse,3000,0.06,7.619047619047621,65,ours,0.028578884057879304,0.010107539030358142,nan,41.0,31.0,0.029012014880660207
ellipse,3000,0.06,7.619047619047621,65,ours_oracle_direction,0.03210564251915323,0.009489028113211218,nan,nan,nan,nan
ellipse,3000,0.06,7.619047619047621,66,mrgap,0.015426782075491419,0.004598328321702025,nan,255.0,229.0,nan
ellipse,3000,0.06,7.619047619047621,66,manifold_fitting,0.04360245469705112,0.013674383652039414,nan,44.0,26.0,nan
ellipse,3000,0.06,7.619047619047621,66,ours,0.03252958323373207,0.00870005384544507,nan,41.0,32.0,0.033156941765470065
ellipse,3000,0.06,7.619047619047621,66,ours_oracle_direction,0.03186589946540898,0.007696651435604636,nan,nan,nan,nan
ellipse,3000,0.06,7.619047619047621,67,mrgap,0.017608465567009273,0.005777722872088156,nan,246.0,205.0,nan
ellipse,3000,0.06,7.619047619047621,67,manifold_fitting,0.0437642272577401,0.014265572316055963,nan,45.0,25.0,nan
ellipse,3000,0.06,7.619047619047621,67,ours,0.026255549974282415,0.009726981463225308,nan,43.0,27.0,0.02442399906701266
ellipse,3000,0.06,7.619047619047621,67,ours_oracle_direction,0.025836731127001602,0.008656297585900497,nan,nan,nan,nan
ellipse,3000,0.06,7.619047619047621,68,mrgap,0.014922716453254164,0.005257491611159104,nan,242.5,216.0,nan
ellipse,3000,0.06,7.619047619047621,68,manifold_fitting,0.04847809851102498,0.015372964673697647,nan,46.0,23.0,nan
ellipse,3000,0.06,7.619047619047621,68,ours,0.027808218446587627,0.006872204515984146,nan,42.5,28.0,0.0229151455559757
ellipse,3000,0.06,7.619047619047621,68,ours_oracle_direction,0.027215514990270365,0.00604455263546461,nan,nan,nan,nan
ellipse,3000,0.06,7.619047619047621,69,mrgap,0.020981383672951586,0.005691511081207112,nan,250.0,223.0,nan
ellipse,3000,0.06,7.619047619047621,69,manifold_fitting,0.046331050986893225,0.016650190001877695,nan,46.0,21.0,nan
ellipse,3000,0.06,7.619047619047621,69,ours,0.02899319208154118,0.01020079531189011,nan,41.5,26.0,0.032648052954745765
ellipse,3000,0.06,7.619047619047621,69,ours_oracle_direction,0.02851902151641625,0.008968831880679694,nan,nan,nan,nan
ellipse,3000,0.06,7.619047619047621,70,mrgap,0.019820352257603494,0.006495534463935267,nan,251.0,221.0,nan
ellipse,3000,0.06,7.619047619047621,70,manifold_fitting,0.046962144544689895,0.015467110132720062,nan,45.0,25.0,nan
ellipse,3000,0.06,7.619047619047621,70,ours,0.03888043529421368,0.01046002364538666,nan,41.5,29.0,0.019564288209899926
ellipse,3000,0.06,7.619047619047621,70,ours_oracle_direction,0.03734533087173415,0.009670888400412705,nan,nan,nan,nan
ellipse,3000,0.06,7.619047619047621,71,mrgap,0.01625079699342431,0.005198116849095918,nan,252.0,226.0,nan
ellipse,3000,0.06,7.619047619047621,71,manifold_fitting,0.04548787791400452,0.01773852398434402,nan,46.0,25.0,nan
ellipse,3000,0.06,7.619047619047621,71,ours,0.03260607086118095,0.008266943063912943,nan,42.0,27.0,0.03322911583254561
ellipse,3000,0.06,7.619047619047621,71,ours_oracle_direction,0.03850503532620881,0.008319990085937604,nan,nan,nan,nan
ellipse,3000,0.06,7.619047619047621,72,mrgap,0.022669455471778566,0.007217344347670868,nan,249.5,230.0,nan
ellipse,3000,0.06,7.619047619047621,72,manifold_fitting,0.0434657236924683,0.014248014664784498,nan,46.0,25.0,nan
ellipse,3000,0.06,7.619047619047621,72,ours,0.033673475160250634,0.00973026385671871,nan,43.0,26.0,0.023409934661320225
ellipse,3000,0.06,7.619047619047621,72,ours_oracle_direction,0.03105767287648639,0.0092446239705998,nan,nan,nan,nan
ellipse,3000,0.06,7.619047619047621,73,mrgap,0.018040695838079424,0.005885575853360314,nan,252.0,222.0,nan
ellipse,3000,0.06,7.619047619047621,73,manifold_fitting,0.05684184652698264,0.018755485596688135,nan,45.0,23.0,nan
ellipse,3000,0.06,7.619047619047621,73,ours,0.04003279590749573,0.010458892090242127,nan,42.0,29.0,0.03182346281873743
ellipse,3000,0.06,7.619047619047621,73,ours_oracle_direction,0.037900988467579125,0.009520885155271937,nan,nan,nan,nan
ellipse,3000,0.06,7.619047619047621,74,mrgap,0.01855584112199436,0.006472748539135825,nan,254.5,214.0,nan
ellipse,3000,0.06,7.619047619047621,74,manifold_fitting,0.05329298898233189,0.016087225034265594,nan,46.0,25.0,nan
ellipse,3000,0.06,7.619047619047621,74,ours,0.03160764088227715,0.00974087187355244,nan,43.0,31.0,0.03621808765862863
ellipse,3000,0.06,7.619047619047621,74,ours_oracle_direction,0.032383751301161647,0.008589735979679037,nan,nan,nan,nan
ellipse,3000,0.06,7.619047619047621,75,mrgap,0.013495880749995994,0.00562822084401154,nan,250.0,228.0,nan
ellipse,3000,0.06,7.619047619047621,75,manifold_fitting,0.04353197401734419,0.013496866008347264,nan,46.0,26.0,nan
ellipse,3000,0.06,7.619047619047621,75,ours,0.029965718467527512,0.009112345452155234,nan,42.0,28.0,0.02689741595744473
ellipse,3000,0.06,7.619047619047621,75,ours_oracle_direction,0.02613945202214612,0.008069457033160782,nan,nan,nan,nan
ellipse,3000,0.06,7.619047619047621,76,mrgap,0.020695675809589104,0.006713420622863002,nan,251.0,234.0,nan
ellipse,3000,0.06,7.619047619047621,76,manifold_fitting,0.04047368282462562,0.01688188958253784,nan,45.0,27.0,nan
ellipse,3000,0.06,7.619047619047621,76,ours,0.029437310253020838,0.00878788950646714,nan,43.0,29.0,0.028011880545110314
ellipse,3000,0.06,7.619047619047621,76,ours_oracle_direction,0.028192785665289283,0.0082604693050785,nan,nan,nan,nan
ellipse,3000,0.06,7.619047619047621,77,mrgap,0.020618677190755646,0.006170814946718766,nan,251.0,217.0,nan
ellipse,3000,0.06,7.619047619047621,77,manifold_fitting,0.04341686422714951,0.015987540161246153,nan,45.0,26.0,nan
ellipse,3000,0.06,7.619047619047621,77,ours,0.032953893188457865,0.00920197241410809,nan,43.0,30.0,0.026803034642570108
ellipse,3000,0.06,7.619047619047621,77,ours_oracle_direction,0.028971292380169048,0.008675414514906284,nan,nan,nan,nan
ellipse,3000,0.06,7.619047619047621,78,mrgap,0.02692300354618635,0.006033448519478056,nan,250.0,226.0,nan
ellipse,3000,0.06,7.619047619047621,78,manifold_fitting,0.043386872852517244,0.015019504535121282,nan,45.0,28.0,nan
ellipse,3000,0.06,7.619047619047621,78,ours,0.03352252327872974,0.009431412365300733,nan,43.0,30.0,0.03764522533087683
ellipse,3000,0.06,7.619047619047621,78,ours_oracle_direction,0.035651510084136896,0.00902794057860319,nan,nan,nan,nan
ellipse,3000,0.06,7.619047619047621,79,mrgap,0.013508827876917803,0.0052787675378756765,nan,247.0,225.0,nan
ellipse,3000,0.06,7.619047619047621,79,manifold_fitting,0.05079985731934107,0.017247962891352258,nan,46.0,20.0,nan
ellipse,3000,0.06,7.619047619047621,79,ours,0.025440306036782143,0.008395132558042515,nan,42.0,20.0,0.03189826602842402
ellipse,3000,0.06,7.619047619047621,79,ours_oracle_direction,0.0269584486186039,0.008349112915103046,nan,nan,nan,nan
ellipse,3000,0.06,7.619047619047621,80,mrgap,0.026593409307598913,0.0062689006241462165,nan,252.0,210.0,nan
ellipse,3000,0.06,7.619047619047621,80,manifold_fitting,0.05280885218084346,0.015918307879697828,nan,46.0,23.0,nan
ellipse,3000,0.06,7.619047619047621,80,ours,0.03021991325033381,0.009965364797437199,nan,42.5,24.0,0.03482343224188267
ellipse,3000,0.06,7.619047619047621,80,ours_oracle_direction,0.03416704380192399,0.009408177093308896,nan,nan,nan,nan
ellipse,3000,0.06,7.619047619047621,81,mrgap,0.020012154936776824,0.005750830138351886,nan,249.0,229.0,nan
ellipse,3000,0.06,7.619047619047621,81,manifold_fitting,0.05695942669334555,0.017402952767886386,nan,47.0,21.0,nan
ellipse,3000,0.06,7.619047619047621,81,ours,0.04963477038047067,0.011147051705620874,nan,44.0,24.0,0.03410558915154918
ellipse,3000,0.06,7.619047619047621,81,ours_oracle_direction,0.045920003645960314,0.009427068099541032,nan,nan,nan,nan
ellipse,3000,0.06,7.619047619047621,82,mrgap,0.01925136830234465,0.006809761062276388,nan,248.5,212.0,nan
ellipse,3000,0.06,7.619047619047621,82,manifold_fitting,0.04635916991972875,0.01867715709818435,nan,44.0,22.0,nan
ellipse,3000,0.06,7.619047619047621,82,ours,0.03521459644051788,0.008613425108609461,nan,42.0,29.0,0.030804742165588664
ellipse,3000,0.06,7.619047619047621,82,ours_oracle_direction,0.0342827477885044,0.008682980527181819,nan,nan,nan,nan
ellipse,3000,0.06,7.619047619047621,83,mrgap,0.02026300690442369,0.006619957315558644,nan,248.5,221.0,nan
ellipse,3000,0.06,7.619047619047621,83,manifold_fitting,0.05255155946170081,0.016466300751761125,nan,46.0,25.0,nan
ellipse,3000,0.06,7.619047619047621,83,ours,0.03143007297588874,0.009781247823921554,nan,41.0,29.0,0.03415852722320859
ellipse,3000,0.06,7.619047619047621,83,ours_oracle_direction,0.03163713775296857,0.00930083700160238,nan,nan,nan,nan
ellipse,3000,0.06,7.619047619047621,84,mrgap,0.014353686168367573,0.005391691842564685,nan,251.5,211.0,nan
ellipse,3000,0.06,7.619047619047621,84,manifold_fitting,0.0521274987609081,0.016921795665746888,nan,46.0,23.0,nan
ellipse,3000,0.06,7.619047619047621,84,ours,0.022779152758331585,0.008173725045783512,nan,42.0,24.0,0.0246379170840827
ellipse,3000,0.06,7.619047619047621,84,ours_oracle_direction,0.021487586788719017,0.007635503822837426,nan,nan,nan,nan
ellipse,3000,0.06,7.619047619047621,85,mrgap,0.025803924116840883,0.006772079078443503,nan,250.0,228.0,nan
ellipse,3000,0.06,7.619047619047621,85,manifold_fitting,0.035715745823387365,0.016205142334716174,nan,44.0,28.0,nan
ellipse,3000,0.06,7.619047619047621,85,ours,0.03338102856919047,0.00915342246562615,nan,42.0,28.0,0.022411109786548377
ellipse,3000,0.06,7.619047619047621,85,ours_oracle_direction,0.034027511347934615,0.008930946714012266,nan,nan,nan,nan
ellipse,3000,0.06,7.619047619047621,86,mrgap,0.02036745806486761,0.006832806091637089,nan,250.0,226.0,nan
ellipse,3000,0.06,7.619047619047621,86,manifold_fitting,0.04697229166105718,0.015615975793181809,nan,45.0,23.0,nan
ellipse,3000,0.06,7.619047619047621,86,ours,0.03620793102056542,0.009443683209323326,nan,42.0,23.0,0.021208677752149175
ellipse,3000,0.06,7.619047619047621,86,ours_oracle_direction,0.02998288103109292,0.009185457667111537,nan,nan,nan,nan
ellipse,3000,0.06,7.619047619047621,87,mrgap,0.018719139677121206,0.006591438847892471,nan,248.0,228.0,nan
ellipse,3000,0.06,7.619047619047621,87,manifold_fitting,0.04268219151690478,0.014666089384779936,nan,45.0,25.0,nan
ellipse,3000,0.06,7.619047619047621,87,ours,0.028342792702786068,0.00986626450087743,nan,42.0,25.0,0.01835404048854046
ellipse,3000,0.06,7.619047619047621,87,ours_oracle_direction,0.03381425228123612,0.00948589979284473,nan,nan,nan,nan
ellipse,3000,0.06,7.619047619047621,88,mrgap,0.021556391532433095,0.007153424476377197,nan,257.0,215.0,nan
ellipse,3000,0.06,7.619047619047621,88,manifold_fitting,0.05382501803650368,0.015297080862049004,nan,47.0,24.0,nan
ellipse,3000,0.06,7.619047619047621,88,ours,0.03615689955048248,0.009544977836903813,nan,43.0,29.0,0.028720572238195376
ellipse,3000,0.06,7.619047619047621,88,ours_oracle_direction,0.03791259296293741,0.008942521552752925,nan,nan,nan,nan
ellipse,3000,0.06,7.619047619047621,89,mrgap,0.020400645325139133,0.005404312321564019,nan,253.0,213.0,nan
ellipse,3000,0.06,7.619047619047621,89,manifold_fitting,0.054558230774813365,0.015455730085978968,nan,45.0,25.0,nan
ellipse,3000,0.06,7.619047619047621,89,ours,0.029989065131815606,0.008926541629800527,nan,42.0,31.0,0.035988825920833946
ellipse,3000,0.06,7.619047619047621,89,ours_oracle_direction,0.030523423307679685,0.009041666836686864,nan,nan,nan,nan
ellipse,3000,0.06,7.619047619047621,90,mrgap,0.019900962989618024,0.007412449261085576,nan,249.5,221.0,nan
ellipse,3000,0.06,7.619047619047621,90,manifold_fitting,0.05066173335306694,0.016557864321243405,nan,45.0,27.0,nan
ellipse,3000,0.06,7.619047619047621,90,ours,0.028756356154931068,0.010412511984950775,nan,42.0,28.0,0.02885478828979001
ellipse,3000,0.06,7.619047619047621,90,ours_oracle_direction,0.030932647220775256,0.009569733173822722,nan,nan,nan,nan
ellipse,3000,0.06,7.619047619047621,91,mrgap,0.020719496274723012,0.006400724527940675,nan,249.5,223.0,nan
ellipse,3000,0.06,7.619047619047621,91,manifold_fitting,0.04979713689143196,0.018267389775283686,nan,44.5,27.0,nan
ellipse,3000,0.06,7.619047619047621,91,ours,0.03176361094458047,0.008658420520334699,nan,42.0,28.0,0.02898983291610398
ellipse,3000,0.06,7.619047619047621,91,ours_oracle_direction,0.02928863766286408,0.008143210894649443,nan,nan,nan,nan
ellipse,3000,0.06,7.619047619047621,92,mrgap,0.01643855838758235,0.0050196464801235225,nan,251.5,218.0,nan
ellipse,3000,0.06,7.619047619047621,92,manifold_fitting,0.04886673980704636,0.016525755015468394,nan,45.0,26.0,nan
ellipse,3000,0.06,7.619047619047621,92,ours,0.03163587812916479,0.008348081027618463,nan,42.0,30.0,0.03119156706001757
ellipse,3000,0.06,7.619047619047621,92,ours_oracle_direction,0.032899586907394716,0.008070355182175203,nan,nan,nan,nan
ellipse,3000,0.06,7.619047619047621,93,mrgap,0.02266318337816635,0.005216380350638015,nan,249.5,229.0,nan
ellipse,3000,0.06,7.619047619047621,93,manifold_fitting,0.047822381354979154,0.013869160317859022,nan,46.0,24.0,nan
ellipse,3000,0.06,7.619047619047621,93,ours,0.030917267471547428,0.008685768246393236,nan,41.5,26.0,0.029330024569207986
ellipse,3000,0.06,7.619047619047621,93,ours_oracle_direction,0.027465335619179698,0.009322508305056222,nan,nan,nan,nan
ellipse,3000,0.06,7.619047619047621,94,mrgap,0.02127475626026882,0.008006841879157105,nan,248.5,230.0,nan
ellipse,3000,0.06,7.619047619047621,94,manifold_fitting,0.04580050505956143,0.015991082705118488,nan,46.0,25.0,nan
ellipse,3000,0.06,7.619047619047621,94,ours,0.03300707775025311,0.012479148483522214,nan,42.0,27.0,0.028781135706272356
ellipse,3000,0.06,7.619047619047621,94,ours_oracle_direction,0.027736168303545704,0.010843275039877111,nan,nan,nan,nan
ellipse,3000,0.06,7.619047619047621,95,mrgap,0.02340239185797397,0.008510226479925245,nan,252.0,226.0,nan
ellipse,3000,0.06,7.619047619047621,95,manifold_fitting,0.04089502455280346,0.014100646000506388,nan,45.0,26.0,nan
ellipse,3000,0.06,7.619047619047621,95,ours,0.02871386300211381,0.01133358366292617,nan,42.0,30.0,0.017064245579457536
ellipse,3000,0.06,7.619047619047621,95,ours_oracle_direction,0.029896090497741484,0.010945895931611339,nan,nan,nan,nan
ellipse,3000,0.06,7.619047619047621,96,mrgap,0.014442761885896958,0.006594962871494834,nan,251.5,207.0,nan
ellipse,3000,0.06,7.619047619047621,96,manifold_fitting,0.04705159891737977,0.01662114873647576,nan,44.0,24.0,nan
ellipse,3000,0.06,7.619047619047621,96,ours,0.036023524724320084,0.009705262098070239,nan,42.0,28.0,0.028900027776598346
ellipse,3000,0.06,7.619047619047621,96,ours_oracle_direction,0.03751066679428634,0.009688987962789644,nan,nan,nan,nan
ellipse,3000,0.06,7.619047619047621,97,mrgap,0.021932313783474853,0.006865160844867444,nan,245.0,225.0,nan
ellipse,3000,0.06,7.619047619047621,97,manifold_fitting,0.046025594461755095,0.014827855011523554,nan,46.0,26.0,nan
ellipse,3000,0.06,7.619047619047621,97,ours,0.023695978445200834,0.009089668854269779,nan,40.5,28.0,0.026150075578918033
ellipse,3000,0.06,7.619047619047621,97,ours_oracle_direction,0.02274923370778008,0.008031947635584786,nan,nan,nan,nan
ellipse,3000,0.06,7.619047619047621,98,mrgap,0.021563966925505693,0.006514843053947513,nan,252.5,222.0,nan
ellipse,3000,0.06,7.619047619047621,98,manifold_fitting,0.037342993667040955,0.014016027696063917,nan,45.0,26.0,nan
ellipse,3000,0.06,7.619047619047621,98,ours,0.034365152169512546,0.009494473826393238,nan,41.0,30.0,0.034133187168162715
ellipse,3000,0.06,7.619047619047621,98,ours_oracle_direction,0.030682146737215553,0.00807766791058693,nan,nan,nan,nan
ellipse,3000,0.06,7.619047619047621,99,mrgap,0.01916245672717062,0.006331320330977986,nan,251.0,227.0,nan
ellipse,3000,0.06,7.619047619047621,99,manifold_fitting,0.047752966083466054,0.015470960092765178,nan,45.0,24.0,nan
ellipse,3000,0.06,7.619047619047621,99,ours,0.03611186500394585,0.007883563084243893,nan,43.0,27.0,0.024276264463183816
ellipse,3000,0.06,7.619047619047621,99,ours_oracle_direction,0.03739978326360746,0.008167676530368831,nan,nan,nan,nan
ellipse,3000,0.1,4.571428571428572,0,mrgap,0.05507580024803402,0.015075298078815313,nan,244.5,211.0,nan
ellipse,3000,0.1,4.571428571428572,0,manifold_fitting,0.06989443994585522,0.025513405228448915,nan,75.0,51.0,nan
ellipse,3000,0.1,4.571428571428572,0,ours,0.052475637545962475,0.015664803962793718,nan,69.5,54.0,0.06867087838300928
ellipse,3000,0.1,4.571428571428572,1,mrgap,0.026682161323680915,0.01001199458197757,nan,243.0,220.0,nan
ellipse,3000,0.1,4.571428571428572,1,manifold_fitting,0.055686129943909125,0.017085151597820477,nan,72.0,44.0,nan
ellipse,3000,0.1,4.571428571428572,1,ours,0.043891947824740624,0.011967765504521674,nan,70.0,46.0,0.07396232336389184
ellipse,3000,0.1,4.571428571428572,2,mrgap,0.048320686446368936,0.011914739575812173,nan,241.5,208.0,nan
ellipse,3000,0.1,4.571428571428572,2,manifold_fitting,0.0661598757264182,0.020891375458538176,nan,74.0,47.0,nan
ellipse,3000,0.1,4.571428571428572,2,ours,0.060549474113963386,0.013147048386181017,nan,70.0,50.0,0.0788358279537157
circle_r0.5,3000,0.06,8.333333333333334,0,mrgap,0.014434195632823723,0.005481152025672779,nan,563.5,531.0,nan
circle_r0.5,3000,0.06,8.333333333333334,0,manifold_fitting,0.021356384586638116,0.00953879912631116,nan,99.0,67.0,nan
circle_r0.5,3000,0.06,8.333333333333334,0,ours,0.03670489806195785,0.006915802240071569,nan,93.5,70.0,0.05494768614407423
circle_r0.5,3000,0.06,8.333333333333334,0,ours_oracle_direction,0.03149897250722028,0.007437947987304943,nan,nan,nan,nan
circle_r0.5,3000,0.06,8.333333333333334,1,mrgap,0.0181711197278284,0.006329106970880791,nan,554.0,520.0,nan
circle_r0.5,3000,0.06,8.333333333333334,1,manifold_fitting,0.015238696329496319,0.008087253384799147,nan,98.0,66.0,nan
circle_r0.5,3000,0.06,8.333333333333334,1,ours,0.02439007376072844,0.008252452343221306,nan,94.5,71.0,0.04898895682226535
circle_r0.5,3000,0.06,8.333333333333334,1,ours_oracle_direction,0.025137019500710407,0.008171286888319057,nan,nan,nan,nan
circle_r0.5,3000,0.06,8.333333333333334,2,mrgap,0.011527534502065118,0.005316353411227336,nan,573.0,532.0,nan
circle_r0.5,3000,0.06,8.333333333333334,2,manifold_fitting,0.015845555453729118,0.008515128417203834,nan,97.0,60.0,nan
circle_r0.5,3000,0.06,8.333333333333334,2,ours,0.02777653213764431,0.00609294112942166,nan,94.0,65.0,0.04955429933741016
circle_r0.5,3000,0.06,8.333333333333334,2,ours_oracle_direction,0.02778165827226733,0.0058559235841243625,nan,nan,nan,nan
circle_r2.0,3000,0.06,33.333333333333336,0,mrgap,0.02874630768435821,0.009619050574248823,nan,142.0,118.0,nan
circle_r2.0,3000,0.06,33.333333333333336,0,manifold_fitting,0.01899267097995751,0.005507264781213448,nan,27.0,9.0,nan
circle_r2.0,3000,0.06,33.333333333333336,0,ours,0.038627279002890716,0.013208334529806225,nan,23.0,16.0,0.03075033242317068
circle_r2.0,3000,0.06,33.333333333333336,0,ours_oracle_direction,0.04316248682361294,0.013147685401640432,nan,nan,nan,nan
circle_r2.0,3000,0.06,33.333333333333336,1,mrgap,0.026340251270286046,0.008279048107528079,nan,142.0,114.0,nan
circle_r2.0,3000,0.06,33.333333333333336,1,manifold_fitting,0.01981234629192632,0.004450012668509105,nan,26.0,13.0,nan
circle_r2.0,3000,0.06,33.333333333333336,1,ours,0.039897068195967576,0.010199376484975643,nan,24.5,14.0,0.03273032988001698
circle_r2.0,3000,0.06,33.333333333333336,1,ours_oracle_direction,0.03551386961816216,0.009511465505625538,nan,nan,nan,nan
circle_r2.0,3000,0.06,33.333333333333336,2,mrgap,0.022752599220213762,0.007455345381278463,nan,138.5,112.0,nan
circle_r2.0,3000,0.06,33.333333333333336,2,manifold_fitting,0.0107552933286659,0.003491736742334543,nan,28.0,11.0,nan
circle_r2.0,3000,0.06,33.333333333333336,2,ours,0.03656444320474224,0.010111963859567915,nan,23.0,11.0,0.034569282760507615
circle_r2.0,3000,0.06,33.333333333333336,2,ours_oracle_direction,0.02608968792595989,0.008771481985375192,nan,nan,nan,nan
torus,500,0.03,26.666666666666668,0,mrgap,0.9785801744335668,0.19801985378244547,nan,12.0,6.0,nan
torus,500,0.03,26.666666666666668,0,manifold_fitting,1.0716303680141035,0.2651113748287389,nan,nan,nan,nan
torus,500,0.03,26.666666666666668,0,ours,0.8576819998152969,0.26229482649219404,nan,11.0,11.0,0.017387914713359202
torus,500,0.03,26.666666666666668,1,mrgap,0.8631946581524123,0.18746893792178962,nan,13.0,4.0,nan
torus,500,0.03,26.666666666666668,1,manifold_fitting,1.1993077316385936,0.2506847069850168,nan,nan,nan,nan
torus,500,0.03,26.666666666666668,1,ours,1.056197212642166,0.2930065601652653,nan,11.0,11.0,0.024256063224130146
torus,500,0.03,26.666666666666668,2,mrgap,0.8468628556999884,0.18034110553776186,nan,13.0,4.0,nan
torus,500,0.03,26.666666666666668,2,manifold_fitting,1.2325085133401448,0.2533814768044694,nan,nan,nan,nan
torus,500,0.03,26.666666666666668,2,ours,1.137643434240402,0.27601576773478487,nan,11.0,11.0,0.05026559464441416
torus,500,0.06,13.333333333333334,0,mrgap,0.8244654882816722,0.18061792616170025,nan,13.0,5.0,nan
torus,500,0.06,13.333333333333334,0,manifold_fitting,1.0557170523313584,0.23927210575617955,nan,nan,nan,nan
torus,500,0.06,13.333333333333334,0,ours,0.8518804289093753,0.2591901229011869,nan,11.0,11.0,0.03403204558623773
torus,500,0.06,13.333333333333334,1,mrgap,0.9004886476777739,0.1917011530891131,nan,12.0,4.0,nan
torus,500,0.06,13.333333333333334,1,manifold_fitting,1.1852441942160448,0.26624979288396083,nan,nan,nan,nan
torus,500,0.06,13.333333333333334,1,ours,1.0090334466383841,0.28417180367593836,nan,11.0,11.0,0.04350065356650888
torus,500,0.06,13.333333333333334,2,mrgap,0.7855120608225808,0.18769451906598525,nan,12.0,6.0,nan
torus,500,0.06,13.333333333333334,2,manifold_fitting,1.094409056927388,0.25098318622970206,nan,nan,nan,nan
torus,500,0.06,13.333333333333334,2,ours,1.142306845672908,0.27356971735311514,nan,11.0,11.0,0.041732787158271695
torus,500,0.1,8.0,0,mrgap,0.8325489993985008,0.21148938866171182,nan,12.0,4.0,nan
torus,500,0.1,8.0,0,manifold_fitting,1.1806975808288698,0.2608579053767915,nan,nan,nan,nan
torus,500,0.1,8.0,0,ours,1.036295205349449,0.2935495504743964,nan,11.0,11.0,0.019707064820473952
torus,500,0.1,8.0,1,mrgap,0.8352276960245254,0.2024985314846494,nan,13.0,4.0,nan
torus,500,0.1,8.0,1,manifold_fitting,1.1685908456966572,0.261127142778362,nan,nan,nan,nan
torus,500,0.1,8.0,1,ours,0.9213031174748578,0.307322716652851,nan,11.0,11.0,0.022435293096289853
torus,500,0.1,8.0,2,mrgap,0.8192292124649319,0.1995530108264824,nan,12.0,4.0,nan
torus,500,0.1,8.0,2,manifold_fitting,0.994613897996872,0.24511562850529517,nan,nan,nan,nan
torus,500,0.1,8.0,2,ours,0.9808732499369449,0.31075746828542017,nan,11.0,11.0,0.03986389352946996
torus,1000,0.03,26.666666666666668,0,mrgap,0.8723397077625722,0.1761659581112135,nan,26.0,16.0,nan
torus,1000,0.03,26.666666666666668,0,manifold_fitting,0.8473743445687232,0.20388804305772495,nan,nan,nan,nan
torus,1000,0.03,26.666666666666668,0,ours,0.9559660891970662,0.23800632032041638,nan,11.0,11.0,0.038048163326960614
torus,1000,0.03,26.666666666666668,1,mrgap,0.8117838507724651,0.17282527659486735,nan,26.5,10.0,nan
torus,1000,0.03,26.666666666666668,1,manifold_fitting,0.9756411537852742,0.20477067797095558,nan,nan,nan,nan
torus,1000,0.03,26.666666666666668,1,ours,1.0190520917728325,0.24396123933657976,nan,11.0,11.0,0.021487864403253808
torus,1000,0.03,26.666666666666668,2,mrgap,0.7411958466089753,0.17024347799846842,nan,27.0,14.0,nan
torus,1000,0.03,26.666666666666668,2,manifold_fitting,0.9682476400717205,0.20390910732350248,nan,nan,nan,nan
torus,1000,0.03,26.666666666666668,2,ours,0.953262488132749,0.21590760743563991,nan,11.0,11.0,0.02463133014158753
torus,1000,0.06,13.333333333333334,0,mrgap,0.9701012108637648,0.17322799972074748,nan,25.0,15.0,nan
torus,1000,0.06,13.333333333333334,0,manifold_fitting,0.8925594661414695,0.20314982392362468,nan,nan,nan,nan
torus,1000,0.06,13.333333333333334,0,ours,0.8594596783396184,0.24285790405351718,nan,11.0,11.0,0.02902445141058862
torus,1000,0.06,13.333333333333334,1,mrgap,0.8782910233953616,0.1835225684306961,nan,25.0,11.0,nan
torus,1000,0.06,13.333333333333334,1,manifold_fitting,0.9585136492609138,0.2057461878271002,nan,nan,nan,nan
torus,1000,0.06,13.333333333333334,1,ours,0.9419592870413654,0.22968397779243227,nan,11.0,11.0,0.01595195439250885
torus,1000,0.06,13.333333333333334,2,mrgap,0.9193513577490009,0.18032140149647682,nan,25.5,15.0,nan
torus,1000,0.06,13.333333333333334,2,manifold_fitting,0.8977579043234541,0.19775592921865712,nan,nan,nan,nan
torus,1000,0.06,13.333333333333334,2,ours,0.9736043083618927,0.22630169174821888,nan,11.0,11.0,0.025029113827938737
torus,1000,0.1,8.0,0,mrgap,0.8233556033779353,0.191784260371558,nan,24.0,16.0,nan
torus,1000,0.1,8.0,0,manifold_fitting,0.8824496016882557,0.2144789854776855,nan,nan,nan,nan
torus,1000,0.1,8.0,0,ours,0.8397290866372338,0.24385746622030818,nan,11.0,11.0,0.025984637631150193
torus,1000,0.1,8.0,1,mrgap,0.8898944568575586,0.2076387909879165,nan,24.0,13.0,nan
torus,1000,0.1,8.0,1,manifold_fitting,1.0155336115047158,0.20541613258149338,nan,nan,nan,nan
torus,1000,0.1,8.0,1,ours,0.8739802892457487,0.2559678482782496,nan,11.0,11.0,0.013148008984078401
torus,1000,0.1,8.0,2,mrgap,0.78802643726155,0.18810771518074634,nan,23.0,12.0,nan
torus,1000,0.1,8.0,2,manifold_fitting,0.8603800638864626,0.19614301822906516,nan,nan,nan,nan
torus,1000,0.1,8.0,2,ours,0.9077856266480454,0.23474383138340157,nan,11.0,11.0,0.029260802071837108
torus,3000,0.03,26.666666666666668,0,mrgap,0.8721110793354158,0.16758746745341604,nan,78.5,50.0,nan
torus,3000,0.03,26.666666666666668,0,manifold_fitting,1.0490063366888587,0.17379573661475828,nan,nan,nan,nan
torus,3000,0.03,26.666666666666668,0,ours,0.8592580996034316,0.18116309836264347,nan,11.0,11.0,0.014817926038476948
torus,3000,0.03,26.666666666666668,1,mrgap,0.954473707488183,0.16469588934153118,nan,80.0,44.0,nan
torus,3000,0.03,26.666666666666668,1,manifold_fitting,0.9508058197599296,0.17567090629646034,nan,nan,nan,nan
torus,3000,0.03,26.666666666666668,1,ours,1.036454580090494,0.17605385943157326,nan,11.0,11.0,0.004177559302195238
torus,3000,0.03,26.666666666666668,2,mrgap,0.9599889214426359,0.16366973184252448,nan,75.5,53.0,nan
torus,3000,0.03,26.666666666666668,2,manifold_fitting,0.8976891229064266,0.17624008450335266,nan,nan,nan,nan
torus,3000,0.03,26.666666666666668,2,ours,0.9592782874325417,0.17624978548172093,nan,11.0,11.0,0.00728245341204919
torus,3000,0.06,13.333333333333334,0,mrgap,0.8247141229376823,0.16516117905476432,nan,75.5,44.0,nan
torus,3000,0.06,13.333333333333334,0,manifold_fitting,1.1806205401236207,0.1821700736550535,nan,nan,nan,nan
torus,3000,0.06,13.333333333333334,0,ours,0.8023552524480143,0.17884411530740407,nan,11.0,11.0,0.011156916651661549
torus,3000,0.06,13.333333333333334,1,mrgap,0.8039086942727872,0.16323833739316965,nan,75.5,56.0,nan
torus,3000,0.06,13.333333333333334,1,manifold_fitting,1.1618700992027902,0.17675617394901932,nan,nan,nan,nan
torus,3000,0.06,13.333333333333334,1,ours,0.8225527286932302,0.17377779040464844,nan,11.0,11.0,0.017231158700187457
torus,3000,0.06,13.333333333333334,2,mrgap,0.8547237097879214,0.16903518238965398,nan,76.5,54.0,nan
torus,3000,0.06,13.333333333333334,2,manifold_fitting,0.8845737864972891,0.17338812380442203,nan,nan,nan,nan
torus,3000,0.06,13.333333333333334,2,ours,0.8400511145745616,0.17505200667111673,nan,11.0,11.0,0.014947230136096478
torus,3000,0.1,8.0,0,mrgap,0.93598574327058,0.18080720474510786,nan,73.0,38.0,nan
torus,3000,0.1,8.0,0,manifold_fitting,0.8321685141592341,0.17899398871438427,nan,nan,nan,nan
torus,3000,0.1,8.0,0,ours,0.8440792235957447,0.18151994699775398,nan,11.0,11.0,0.016753082225805342
torus,3000,0.1,8.0,1,mrgap,0.8516237297849442,0.18830319822088154,nan,72.0,51.0,nan
torus,3000,0.1,8.0,1,manifold_fitting,0.7775616159068859,0.18505428371799054,nan,nan,nan,nan
torus,3000,0.1,8.0,1,ours,0.9353972581305139,0.18445660162979177,nan,11.0,11.0,0.01219893368412003
torus,3000,0.1,8.0,2,mrgap,0.8929230062201289,0.1793837751571586,nan,75.0,43.0,nan
torus,3000,0.1,8.0,2,manifold_fitting,0.7706526438609167,0.17419500118495063,nan,nan,nan,nan
torus,3000,0.1,8.0,2,ours,0.9388294508445574,0.18016502453488875,nan,11.0,11.0,0.010805725841893933
